Source,https://words.hk/faiman/analysis/existingwordcount/
%,1577
0,7123
19,669
26,171
97,169
AI,15
B,2170
BB,89
BBQ,14
BNO,20
City,5
D,4058
DQ,12
Dee,16
Face,429
H,880
ID,26
IG,22
IT,68
J,2463
K,1224
L,2478
M,1836
N,1029
NG,47
OK,291
OT,133
P,1291
PG,9
PR,10
Q,270
R,1323
T,2358
TA,25
U,440
X,339
Y,441
Z,336
ac,1462
ace,940
air,43
am,983
app,212
ban,83
bar,22
bi,171
bit,60
book,822
bra,97
cafe,9
call,54
cam,19
care,45
case,25
cash,5
cc,102
cert,7
chur,9
cm,13
com,834
con,215
cult,25
d,6557
del,104
dem,26
do,493
down,37
drop,10
e,28094
econ,31
em,1073
er,3485
even,64
ex,336
fail,7
fe,401
fea,9
feel,103
firm,6
for,251
form,68
free,22
fu,138
game,47
gap,11
gas,13
gay,4
ge,742
gen,124
get,44
grad,40
gram,57
grat,9
ham,48
hea,150
hi,587
high,33
hit,73
hur,21
immi,5
in,5013
job,13
join,9
ke,549
keep,52
kick,6
king,85
le,1347
lem,55
les,110
lim,18
lin,521
link,22
lu,210
lun,22
lur,5
m,9501
man,168
mark,35
mean,41
meet,13
mind,20
miss,18
mo,455
mon,129
nice,22
ok,1040
open,10
out,240
over,103
pack,20
pair,6
part,62
pass,18
pat,32
perm,13
pet,12
pi,186
plan,50
po,807
port,104
post,438
pro,204
pub,18
quit,8
real,30
sa,441
sell,26
send,49
ser,92
set,245
ship,13
show,24
sis,36
sit,45
so,659
soci,21
sor,62
spa,14
stat,57
stu,41
su,219
sure,23
tag,60
take,55
talk,22
tea,46
team,16
tee,19
term,65
top,59
um,352
un,1111
up,265
view,143
visa,2
we,254
win,58
wing,14
wor,166
work,58
yo,398
㗎,1203
㗎咋,28
㗎啫,11
㗎喎,78
㗎嘛,104
㩒,18
㷫,8
㷫烚烚,1
一,43179
一一,109
一下,940
一下子,237
一代,228
一來,59
一係,260
一個人,672
一刻,431
一半,184
一口,312
一同,40
一向,109
一啲,567
一嘢,33
一嚟,26
一國兩制,39
一定,1626
一度,99
一排,70
一方,231
一日,683
一時,327
一時間,86
一本,108
一模一樣,26
一樣,1910
一次過,62
一片空白,13
一直,1008
一級,26
一般,383
一號,29
一貫,45
一路,532
一身,65
一輩子,3
一道,58
一邊,668
一陣,558
一陣間,13
一點,368
一齊,1173
七,884
七除八扣,1
丈,62
丈夫,24
三,3400
上,9144
上個月,11
上去,180
上台,34
上堂,73
上學,16
上年,62
上日,6
上次,141
上網,113
上面,722
下,9232
下低,8
下個月,12
下午,62
下半,43
下年,42
不,12802
不停,110
不免,39
不同,122
不外,51
不外乎,43
不如,743
不嬲,99
不少,72
不成,54
不斷,538
不期然,17
不用,63
不知不覺,24
不管,12
不至於,6
不良,18
不論,142
不足,116
不過,2561
且,1248
世,3251
世叔,1
世界,1641
世界觀,23
世紀,322
中,7237
中傷,3
中國,528
中國大陸,19
中學,253
中式,8
中意,250
中指,10
中文,407
中文字,12
中產,37
中秋,25
中級,3
中華,68
中華民國,4
中部,16
中間,254
串,182
主,2499
主力,13
主動,110
主婦,9
主流,111
主義,256
主要,199
久,289
之,8613
之一,214
之中,277
之前,903
之外,309
之後,1960
之間,601
之類,165
乎,1529
乏,115
乘,229
乜,2135
乜嘢,493
乜鬼,11
九,869
九成,51
亂,916
了,2236
了解,204
事,6591
事件,202
事實,323
事實上,117
事情,243
事業,67
事發,98
二,2430
二創,1
二手,17
二話不說,25
互,333
互助,6
互動,18
互相,167
五,1436
五月,33
五湖四海,6
亞,543
亞洲,51
亞超,1
亡,269
交,1273
交功課,18
交帶,11
交心,8
交流,110
交託,2
交談,21
交通,82
亦,3678
亦即係,39
亦都,1467
享,356
享受,149
京,107
人,27714
人口,167
人哋,300
人員,94
人嚟,145
人士,214
人大,117
人家,164
人工,186
人性,105
人性化,3
人情,145
人情味,34
人治,8
人為,91
人生,547
人種,11
人身,74
人選,19
今,2972
今年,149
今日,1171
今晚,340
今朝,48
今次,649
介,477
介意,105
介紹,218
仍,1048
仍然,910
仔,4346
仔女,159
他,2480
他人,449
他們,190
付,318
付出,135
代,2042
代表,463
令,1892
令到,544
以,15081
以上,276
以來,57
以前,495
以嚟,66
以外,109
以往,70
以後,241
以為,1017
以至,100
仰,82
仲,5565
仲係,367
仲有,1404
仲要,684
件,1881
任,1541
任何,722
任職,4
份,1789
企,1898
伐,54
休,349
休息,70
伯,383
估,1033
估計,73
伴,174
伴侶,54
伴隨,9
似,4312
似乎,508
但,10523
但係,5177
佈,191
位,2187
低,1818
低價,5
低調,15
住,7461
住宿,10
住所,7
佔,253
何,1746
何人,116
作,3252
作文,29
作為,379
你,24911
你呢,188
你哋,430
你好,282
佢,22580
佢哋,1667
佩,46
佩服,33
佬,872
使,1427
使用,158
使費,5
使錢,4
來,4714
來回,58
來往,13
來自,87
例,1419
例如,697
例子,218
侍,62
侍應,25
供,336
供樓,12
供養,2
依,3590
依個,65
依啲,13
依家,2876
依度,15
依然,258
依賴,32
依邊,1
侵,88
侶,111
侷,4
侷促,3
便,569
係,63061
係呀,466
係呢,842
係咁,1846
係咁嘅,27
係咁意,5
係咩,560
係咪,1406
係唔係,369
係啊,32
係啦,218
係都,249
促,82
俄,30
俄羅斯,16
俚語,7
保,1064
保守,40
保持,102
保留,102
保障,56
保險,25
保養,9
信,2127
信仰,24
信任,74
信徒,11
信心,95
信念,38
修,417
修例,5
修改,28
俾,3498
俾人,579
個,28576
個人,2054
個位,178
個個,367
個性,29
個月,424
個鐘,307
們,808
倒,531
候,1795
借,329
倡,34
倡議,8
倫,180
倫敦,43
值,815
值得,251
假,857
假設,111
偈,121
偏,455
偏向,13
偏頗,11
做,8116
做乜,210
做到,376
做咩,574
做嘢,173
做工,3
做法,157
停,625
停止,66
側,213
側邊,63
偶,165
偶然,35
偶爾,61
傘,56
備,451
傢俬,8
傲,64
傳,1195
傳媒,57
傳承,51
傳統,180
傷,554
傷亡,13
傷害,86
傷殘,8
傾,722
傾偈,66
傾向,54
傾計,55
傾談,7
傾電話,11
像,637
僑,24
僚,11
僱,44
僱主,21
價,899
價值,340
價值觀,49
價錢,67
儀,158
儘,46
儘管,32
優,306
優勢,33
儲,168
儲蓄,2
儼,7
元,405
元素,57
兄,396
兄弟,197
兄弟姊妹,15
充,420
充滿,155
先,5877
先人,4
先好,53
先生,311
先知,165
先至,321
光,1249
光復,15
光譜,10
光輝,15
克,153
克服,10
免,540
免費,65
兒,511
兒子,22
入,5167
入不敷支,2
入侵,25
入去,326
入口,98
入嚟,116
入學,15
入屋,25
入時,6
入籍,2
入面,1586
內,1224
內地,69
內部,53
全,3739
全世界,122
全家,29
全日,23
全程,25
全職,21
全身,102
全部,598
全面,43
兩,3694
兩份,6
兩公婆,18
八,1117
公,3187
公事,23
公仔,57
公仔麵,18
公公,29
公共,77
公函,1
公務,38
公務員,29
公司,954
公園,114
公文,15
公斤,24
公民,86
公用,4
公積金,1
公立,7
六,949
共,787
共同,76
共鳴,43
其,7024
其中,426
其他,1496
其實,3742
具,347
兼,203
兼職,10
冇,4210
冇乜,209
冇乜嘢,10
冇事,52
冇人,300
冇問題,48
冇嘢,32
冇影,4
冇朋友,7
冇用,75
冇解,3
冇話,32
冇辦法,68
再,5094
再傾,23
冧,90
冬,104
冬天,32
冬至,16
冰,139
冰鮮,1
冷,654
冷氣,104
凍,197
凸,55
凹,25
凹凸,5
出,9946
出世,111
出入,61
出去,481
出名,114
出嚟,1014
出境,3
出席,37
出年,14
出現,772
出生,50
出聲,250
出街,139
出路,28
出車,19
出門,60
函,18
分,4277
分享,151
分佈,25
分別,303
分工,38
分擔,10
分配,26
分鐘,668
分開,91
分類,41
列,558
初,922
初初,17
初學,6
初時,27
初頭,29
判,346
判斷,128
別,1204
別人,36
利,1450
利益,104
利益衝突,4
到,20198
到埗,7
到時,343
到時候,4
到會,34
制,905
制度,176
刻,2302
則,761
前,4069
前嗰排,1
前景,15
前面,216
剛,175
剛才,42
剩,273
剩係,67
剪,94
創,376
創作,106
創造,40
剷,49
劃,323
劃一,6
劇,602
力,3435
功,904
功課,109
加,2825
加上,276
加入,105
加埋,102
加拿大,92
加重,27
助,293
努,380
努力,356
勁,343
勉,121
勉強,71
動,2839
動靜,9
務,513
勞,211
勞工,17
勞累,2
勢,631
勻,40
包,950
包容,64
包括,222
化,1741
北,483
北美,2
匪,106
匿,67
匿埋,35
區,949
十,3399
十分,385
千,1065
千祈,125
卅,16
升,671
升級,21
升高,5
午,193
半,1353
半島,123
半路,12
卑,66
卑微,11
卑詩,2
協,115
協助,18
南,514
南亞,23
南昌,3
博,236
博同情,4
博物館,43
卡,535
卡住,5
印,493
印度,30
印象,191
危,261
危險,128
即,3954
即係,1369
即係咁,13
即係話,74
即刻,1281
即日,6
卷,124
卻,227
厚,211
原,2423
原來,1057
原因,372
原有,39
原本,162
原生,4
去,11530
去留,16
去盡,5
去街,32
參,493
參加,126
參與,113
參觀,36
又,8917
又係,755
又再,198
又剩,1
又話,195
及,990
友,3208
友仔,11
友善,20
友情,25
反,2324
反感,23
反應,299
反而,483
叔,604
叔伯,2
叔叔,57
取,619
受,1833
受到,234
口,3256
口味,49
口罩,137
口音,51
古,760
古靈精怪,9
句,2325
另,1386
另一,866
另外,364
只,5752
只不過,269
只係,2530
只會,250
只能,215
只要,661
叫,3444
叫做,318
叫醒,7
可,12194
可以,7280
可以話,226
可惜,241
可憐,83
可能,2645
可能性,40
可行,24
可觀,14
台,1087
台中,7
台北,8
台南,2
台幣,10
台灣,260
台語,12
史,922
右,517
司,1421
司機,177
叻,225
吃,240
吃力,10
各,907
各取所需,7
各地,55
各有各,18
各樣,57
各自,106
各行各業,8
合,1551
合作,72
合理,169
同,15877
同一,452
同事,319
同人,214
同埋,1171
同好,52
同學,386
同屋,62
同性,44
同性戀,35
同情,87
同時,399
同業,3
同樣,282
同步,14
同班,55
同種,7
同類,30
同齡,5
名,2040
名稱,27
向,1876
吓,823
吖,288
吖嘛,67
吠,14
否,433
否定,58
含,190
吸,467
吸引,118
吸收,56
吸毒,11
吹,498
吹水,73
呀,6492
呀嘛,314
呃,247
呎,46
呢,15931
呢便,1
呢個,4825
呢啲,1201
呢家,16
呢度,996
呢排,38
呢樣嗰樣,5
呢邊,79
周,583
周圍,202
周邊,9
味,911
呻,53
呼,562
命,1124
命令,38
命運,96
咁,18512
咁啱,145
咁樣,1634
咁樣樣,8
咁滯,81
咁耐以嚟,8
咁都得,3
咋,245
咋嘛,46
和,788
咖,252
咗,9098
咦,153
咩,6913
咩事,444
咩嘢,60
咪,3250
咪住,75
咪就係,83
咪自,20
咪話,67
哀,126
哀傷,12
品,1224
品牌,33
哈,2615
哈哈,1775
哋,4956
哎,112
哎呀,95
員,1024
員工,87
哥,937
哥哥,60
哦,464
唉,269
唔,36793
唔似,121
唔使,579
唔係,5895
唔係呀,107
唔係幾,30
唔到,2204
唔只,32
唔叫,51
唔同,829
唔單止,146
唔喺度,21
唔多,481
唔好,2854
唔好受,5
唔好話,123
唔對路,33
唔少,297
唔得,464
唔掂,120
唔搵,29
唔方,33
唔止,68
唔理,261
唔知,2533
唔緊要,276
唔要,120
唔見,169
唔識,744
唔通,473
唔錯,104
唔響度,1
唔順,85
唔順眼,5
唞,26
唯,491
唯一,213
唯有,217
唱,723
商,487
商會,4
商業,61
啊,726
問,4876
問題,1939
啖,146
啦,7955
啦啦,128
啫,763
啫係,13
啱,1078
啱傾,8
啱先,17
啱啱,288
啱啱先,14
啱啱好,34
啲,7902
啲人,409
啲啲,8
喂,650
善,375
善用,10
喇,1530
喊,414
喎,1444
喜,521
喜歡,128
喝,177
喪,142
單,2014
單向,6
單純,65
單車,66
喺,6496
喺度,617
喺度食,6
喻,93
嗌,142
嗌交,12
嗎,302
嗯,181
嗰,3364
嗰個,498
嗰啲,406
嗰啲嘢,19
嗰度,115
嗰排,12
嗰時,134
嗰陣,642
嗰陣時,33
嗱,153
嗲,25
嘅,32011
嘅啫,29
嘅嘢,821
嘅話,368
嘆,211
嘆息,7
嘈,239
嘗,371
嘗試,309
嘛,1040
嘞,247
嘢,4349
嘢食,53
嘥,46
嘩,567
嘴,449
嘴臉,5
噏,86
嚇,312
嚇親,26
嚟,5324
嚟緊,42
嚟自,71
嚟講,377
嚟過,21
嚮,28
嚴,343
嚴重,148
嚿,35
囉,1637
四,1815
四圍,31
四月,33
四海,15
四面,14
回,1876
回想,43
回憶,101
回應,154
回望,29
回流,2
因,4765
因此,161
因為,3579
因素,81
囡,48
囡囡,22
困,204
困乏,1
困擾,16
困難,90
固,204
圈,263
圈子,37
國,3631
國人,299
國內,23
國安,8
國安法,5
國家,363
國度,18
國文,38
國旗,13
國有,21
國民,59
國民黨,6
國畫,8
國立,8
國籍,17
國語,60
國際,98
圍,728
圍內,17
圍爐,22
園,362
圖,1079
圖書,140
圖書館,127
圖片,17
團,463
團契,1
團拜,3
團體,59
土,635
土壤,6
土生土長,23
在,3120
在於,165
在職,7
地,10729
地位,115
地區,114
地址,35
地域,20
地方,1022
地獄,79
地理,80
地道,29
地震,34
地點,85
址,70
坊,126
坐,1081
坐低,153
坐定定,16
坡,57
坦,235
坦白,117
型,460
埃,60
埃及,11
埋,3826
埋嚟,57
埋身,25
城,885
城市,182
埗,42
域,100
執,708
執法,39
執行,70
培,60
培育,8
培訓,13
基,953
基本,428
基本上,213
基礎,76
堂,709
堅,462
堅持,196
堆,675
報,1114
報名,13
報導,61
報稅,1
報紙,133
報讀,4
場,2051
場地,34
塊,415
塘,159
填,207
境,561
增,215
增加,80
壓,435
壓力,113
壓迫,41
壞,389
壤,11
士,1433
夏,176
夏天,57
外,2667
外人,67
外力,24
外國,164
外國人,34
外地,16
外母,12
外父,3
外籍,18
外語,135
外遊,11
外面,63
多,10464
多倫多,2
多元,50
多元化,6
多勞多得,1
多啲,240
多少,113
多得,58
多情,11
多手,10
多數,311
多時,260
多謝,371
夜,732
夜晚,175
夠,2040
夠期,1
夢,455
夥,18
夥伴,3
大,15590
大事,79
大人,135
大仔,5
大份,6
大佬,225
大個,125
大力,420
大包,6
大同,19
大同小異,9
大地,32
大型,72
大多,102
大多數,68
大大,256
大學,544
大家,2771
大把,90
大時大節,8
大會,36
大概,479
大片,21
大碟,3
大約,61
大纜,4
大致,49
大致上,5
大選,16
大部份,182
大部分,127
大都,41
大鑊,79
大陸,274
大麻,82
天,2884
天價,4
天堂,63
天氣,145
天父,5
太,2463
太太,50
太過,76
夫,330
夫妻,22
失,1620
失望,115
夾,354
夾硬,58
奇,885
奇怪,247
奏,83
契,116
套,658
女,5314
女仔,827
女兒,14
女廁,5
女性,94
奴,90
奴性,3
奶,230
奶奶,14
奶茶,31
奸,95
她,541
好,26302
好人,73
好似,2934
好似係,158
好做,39
好友,47
好受,24
好吃,7
好啦,333
好嘢,60
好多,2761
好多時,205
好奇,168
好奇心,20
好好,564
好學,26
好客,17
好少,208
好幾,82
好彩,293
好心,98
好感,60
好朋友,49
好死,28
好清,131
好睇,178
好笑,110
好耐,307
好膽,1
好處,92
好衰,16
好話,131
好轉,20
好返,22
好過,221
好食,138
如,7231
如何,295
如果,3529
如此,249
妥,69
妥當,11
妳,20
妹,466
妻,128
妻子,20
姊,71
姊妹,63
始,2395
始終,476
姐,521
姐姐,50
威,448
娛,101
娛樂,81
婆,924
婆婆,85
婚,831
婦,116
媒,176
媒體,65
媽,1086
媽咪,32
媽媽,176
嫁,483
嫲,238
嫲嫲,99
嬲,355
子,2685
子女,112
孔,108
字,2917
字幕,23
存,636
存在,302
季,116
季節,12
孤,156
孤單,13
孤注一擲,1
孤獨,26
孤獨感,1
孩,201
孩子,71
孫,151
學,5743
學制,2
學姐,1
學家,106
學徒,12
學期,26
學校,402
學歷,29
學生,637
學科,19
學習,162
學識,153
學長,4
守,356
安,1496
安全,166
安好,7
安定,20
安居樂業,9
安心,41
安慰,104
安排,154
安置,7
安身,3
安頓,8
完,3994
完全,1594
完工,7
完整,55
完結,60
官,566
官僚,8
官方,64
定,5095
定下,19
定係,662
定係點,14
定啦,8
定居,23
定時,27
定時定候,10
定期,24
定義,102
定還是,18
宜,239
客,868
客人,60
客家人,9
客氣,63
宣,264
宣佈,33
宣布,50
室,476
害,335
宴,54
宴會,4
家,9447
家人,151
家先,73
家務,10
家姐,43
家屬,8
家庭,193
家庭主婦,8
家當,13
家變,17
家鄉,24
家長,172
容,1215
容易,299
宿,118
宿舍,36
密,392
富,361
寓,29
察,500
實,6459
實係,411
實在,323
實施,10
實行,48
實質,42
實際,160
實際上,38
寧,192
寧願,86
審,162
審查,15
寫,2612
封,351
封關,3
將,2665
將來,106
將會,58
將近,11
專,610
專業,109
專業試,1
專登,57
專科,3
尋,323
尋求,26
對,6434
對外,21
對家,19
對待,38
對手,75
對方,412
對於,422
對比,52
對答,20
對話,113
對面,120
導,461
導賞,22
小,3634
小學,176
小學生,17
小小,76
小心,221
小朋友,350
小眾,13
小組,27
少,4139
少不免,26
少少,974
少年,86
少數,61
尤,380
尤其,266
尤其係,56
尤其是,158
就,19364
就住,22
就係,4027
就嚟,81
就地,13
就好,704
就快,126
就業,10
就正,39
就真,174
就算,1267
就腳,6
就話,312
就近,3
尺,87
尼,365
尾,738
局,582
局限,15
居,507
居住,19
居多,18
居所,3
居民,60
居留,5
屆,95
屈,169
屋,1743
屋企,1226
屋企人,154
屋租,3
屋苑,21
展,750
層,730
屬,463
屬於,172
山,1260
山水,5
岸,191
島,553
崩,110
崩壞,12
巡,35
工,2693
工人,85
工作,564
工作坊,5
工時,42
工程,90
工程師,19
工資,29
工餘,5
左,7169
左右,161
差,1296
差別,20
差唔多,272
差啲,54
己,6418
已,5566
已經,4940
巴,618
巴士,162
巴士站,21
市,1143
市儈,6
市民,198
市集,6
布,346
希,763
希望,650
師,1306
師奶,80
席,212
帶,1228
帶領,25
常,1992
常慣,1
帽,100
幅,202
幕,230
幣,193
幫,1611
幫助,75
幫忙,25
幫手,158
干,122
干預,22
平,2085
平時,433
平衡,75
平面,29
平面設計,1
年,6265
年代,295
年份,24
年度,11
年期,12
年班,12
年紀,122
年級,25
年青,137
年青人,111
年齡,38
幸,365
幸運,48
幻,262
幻想,121
幼,136
幼稚,59
幼稚園,42
幾,6845
幾乎,553
幾咁,114
幾多,642
幾多人,64
幾多錢,22
幾大,76
幾好,194
幾時,357
幾條街,7
幾耐,173
幾錢,22
序,202
底,996
底下,93
店,389
府,686
度,5694
度住,11
度縮,4
座,398
庭,308
庭上,8
康,187
康文署,2
廁,305
廁所,213
廊,99
廚,130
廚師,12
廢,503
廢話,57
廣,1164
廣東,690
廣東話,559
廳,300
延,149
延續,21
延長,17
建,890
建立,120
建設,34
廿,432
式,1206
引,665
引以為傲,6
弟,402
弟兄,7
弟兄姊妹,1
弱,316
張,1493
強,1121
強制,19
強化,10
強權,21
強烈,76
強積金,10
彈,478
彈出嚟,8
形,977
形容,186
形容詞,44
形成,62
彩,511
影,1524
影相,75
影響,439
往,772
往往,174
往後,74
待,450
待業,1
律,581
律師,103
後,9941
後來,269
後台,5
後尾,67
後生,452
後盾,2
後路,8
後面,272
徒,258
得,13942
得主,4
得出,313
得到,464
得唔得,89
得嗰,28
得嚟,43
得多,107
得意,77
得掂,26
得滯,35
得著,42
得過,75
得閒,158
從,1440
從事,22
從來,307
從嚟,2
從而,27
從頭,10
復,471
微,446
徵,178
德,505
心,6891
心思,44
心情,213
心態,115
心機,103
心灰意冷,7
心理,122
心理準備,23
心諗,229
心酸,9
心靈,48
必,1100
必要,128
忘,260
忘記,116
忙,307
忟,6
快,2326
快啲,128
念,764
怕,627
怖,179
思,1485
思前想後,6
思想,145
思考,197
思鄉,10
急,779
急凍,5
急轉直下,10
性,1956
性小眾,4
性格,161
怪,949
恃,28
恆,96
恆常,3
恐,434
恐怖,173
恢復,35
恨,174
恩,177
息,559
恰,56
悉,159
悟,123
悠,58
悠長,3
悶,267
悼,39
悼念,28
情,3663
情形,19
情感,146
情懷,20
情況,638
情緒,117
惋,11
惋惜,11
惜,417
惡,498
惡意,10
想,6496
想像,255
想法,69
愁,81
愈,932
愈來愈,32
愈嚟愈,30
意,5513
意外,138
意大利,59
意思,593
意會,12
意義,268
意見,171
愛,1929
愛國,50
愛心,8
愛隊,2
感,2385
感動,82
感受,209
感性,21
感恩,30
感情,232
感激,54
感覺,591
感覺上,17
感觸,16
感謝,37
態,719
態度,124
慘,399
慢,1550
慢慢,669
慣,372
慣例,10
慣常,3
慮,246
慰,153
慰藉,10
慳,137
慶,213
慶幸,28
憂,106
憐,126
憑,160
憶,250
應,3536
應得,23
應徵,8
應接不暇,3
應該,2109
懷,403
懸,57
懸念,8
懸浮,7
戀,399
成,6649
成交,24
成年,72
成日,917
成本,113
成條街,5
成為,566
成熟,63
成長,92
我,47013
我哋,2477
我國,5
或,2706
或者,2064
戚,112
戰,972
戲,778
戴,285
戶,147
戶口,21
房,760
房屋,21
所,6486
所以,2943
所有,958
所謂,722
所需,27
手,4561
手停口停,2
手寫,38
手指,106
手續,20
手車,1
才,561
扎,108
扎根,1
扑,108
扑鎚,1
打,4209
打俾,36
打卡,8
打嚟,30
打工,55
打從,11
打招呼,41
打畀,48
打算,221
打電話,113
扣,121
扭,171
扭計,16
扭轉,22
扮,380
扯,141
扶,137
扶助,2
批,325
找,221
承,510
承擔,32
承認,113
技,511
技術,139
技術移民,1
把,871
投,716
投入,70
投資,85
投資移民,5
抖,111
抖氣,9
抗,341
抗拒,38
折,183
披,42
抱,265
抵,220
抽,397
抽籤,12
拉,849
拉關係,2
拍,854
拍片,18
拍膊頭,4
拎,1481
拒,191
拖,627
拖長,7
招,363
招呼,67
拜,442
拜會,3
拜訪,9
括,264
拿,424
持,1138
持有,11
持續,57
指,1250
指數,31
指正,3
指甲,15
指甲鉗,1
按,304
挑,206
挑戰,74
挫,36
挫折,10
捧,59
捨,201
捨得,69
捱,142
捱義氣,3
掂,477
授,162
掉,170
掉低,14
掌,241
掌握,101
排,900
排外,7
排擠,7
排除,48
排隊,59
掘,79
掛,447
掛住,147
採,107
採訪,14
探,304
探索,18
探討,23
探訪,10
掣,107
接,1871
接受,424
接濟,8
接觸,157
接近,240
推,894
揀,500
提,1436
提供,125
提出,133
提早,34
提起,89
提醒,120
插,359
插班,1
換,698
換血,2
握,232
援,111
揸,162
揸車,29
揹,31
搞,1829
搞到,310
搞唔掂,28
搞掂,113
搣,19
搬,177
搬屋,11
搭,518
搭車,52
搭𨋢,11
搵,2361
搵嘢,11
搵嘢做,3
搵工,25
搵錢,42
搵食,50
搶,244
搶手,4
摱,2
摸,267
撇,49
撇除,27
撈,74
撞,467
撥,142
播,276
撳,97
撳掣,7
撻,62
擁,180
擁抱,27
擅,35
擅長,13
擇,564
擊,510
擔,472
擔任,12
擔保,14
擔心,317
擠,106
擲,42
擺,433
擾,115
攞,272
攞命,6
攞嚟,21
攤,129
攪,86
攪手,1
支,1020
支出,5
支持,431
支援,48
支柱,11
收,1531
收入,70
收到,140
收工,45
收緊,9
收購,13
收銀,20
改,1057
改例,2
改善,63
改編,11
改行,4
改變,333
放,2247
放低,146
放假,54
放學,52
放工,94
放棄,233
放狗,11
放盤,1
放開,53
放電,3
政,1625
政制,11
政府,597
政治,451
政治光譜,5
政治家,8
政策,95
政黨,46
故,1139
故事,478
故仔,86
效,378
效應,23
效率,56
救,516
救濟,1
救生艇,2
教,2141
教友,1
教師,32
教授,109
教會,54
教育,265
教育局,16
敢,467
散,543
散落,10
敦,78
敲,104
敲門,37
整,987
整個,138
敷,26
數,2102
數學,75
文,6199
文件,61
文化,620
文字,245
文學,493
文明,98
文書,53
文職,8
料,629
斤,83
斯,642
斯里蘭卡,2
新,2334
新人,41
新嚟,10
新年,82
新生,37
新聞,301
新鮮,55
新鮮感,4
斷,1090
方,3856
方便,153
方向,159
方式,158
方法,397
方面,388
於,5199
施,280
旅,555
旅行,161
族,461
族群,38
旗,125
既,18320
既然,414
日,7415
日子,191
日常,149
日日,240
日期,26
日本,470
日頭,14
早,1447
早排,10
早放,8
昇,34
昌,22
明,4001
明明,322
明白,496
明目張膽,2
明知,85
明確,39
明顯,352
易,994
星,1232
星加坡,4
星期,699
星期一,29
星期六,47
春,314
春卷,2
是,4778
是但,33
時,9995
時事,23
時候,1600
時期,161
時機,46
時間,1699
晏,83
晒,2473
晚,1152
普,970
普羅,13
普通,650
普遍,76
景,704
景點,35
晰,79
晴,56
晴天,13
暇,40
暈,71
暑,122
暑假,66
暢,88
暫,228
暫時,145
曬,249
更,2505
更加,812
更新,150
書,2361
書館,128
曼,123
曼城,6
曾,627
曾經,384
替,127
最,5545
最低工資,20
最低限度,5
最初,51
最多,260
最好,376
最少,39
最尾,49
最後,1549
最終,182
最近,289
會,16720
會同,241
會否,24
會場,9
會展,12
會考,43
會見,96
會計,27
會計師,12
會話,198
會議,113
會長,28
月,1666
月光,21
月光族,2
月尾,24
月頭,12
月飛,1
有,28345
有份,70
有冇,410
有利,50
有史以來,4
有名,37
有咗,64
有啲,1056
有多,90
有得,245
有心,154
有感,50
有所,174
有效,84
有救,5
有時,797
有時候,47
有機,204
有理,49
有生之年,6
有用,153
有種,94
有空,15
有緣,29
有請,3
有趣,132
有錢,189
有關,277
有陣時,9
朋,1853
朋友,1815
朋友仔,5
服,611
服侍,8
望,3225
朝,440
朝早,69
朝頭早,8
期,1882
期待,69
期望,108
期滿,2
期間,71
木,419
木工,5
未,2959
未來,149
未必,347
未知數,6
未能,52
未至於,30
本,4930
本人,141
本來,510
本土,199
本地,141
本地人,22
本科,13
本身,530
材,357
杯,413
東,1549
東亞,28
東京,19
東南,33
東南亞,15
東海,7
板,239
枕,19
枕頭,10
林,1894
果,8124
果凍,4
枱,157
架,2984
某,788
某某,34
某程度,56
某程度上,49
查,438
柱,273
校,887
核,213
核突,42
根,1452
根本,1064
根深蒂固,7
格,972
格格不入,12
梗,524
梗係,443
條,2716
條件,137
條例,33
條友,267
條文,17
條約,7
棄,442
棵,70
植,98
植物,43
楚,625
業,1125
業主,35
極,1210
極為,63
極限,15
概,689
概念,160
榜,53
榮,163
構,291
構成,30
樂,1233
樂觀,37
樂趣,27
樑,28
樓,940
樓上,22
樓下,72
樓盤,5
標,715
標題,39
模,388
模式,111
模糊,47
樣,6595
樹,273
橋,338
橋樑,11
機,2990
機場,65
機會,712
機構,51
機票,17
機車,8
檯,144
檸,88
檸檬,32
檻,24
權,840
權利,65
欠,99
欠缺,21
次,4232
次數,28
欣,387
欣賞,173
歌,983
歌詞,117
歎,91
歎息,8
歐,373
歐洲,106
歡,461
歡迎,177
止,811
正,3644
正值,14
正如,146
正常,438
正常社交,1
正式,139
正正,256
正確,105
正職,11
正要,30
正規,10
正路,10
正面,39
此,1357
步,1173
步伐,21
步驟,24
歧,97
歧視,58
歲,608
歷,770
歷史,413
歸,421
歸屬感,49
死,3303
死咁,24
殊,77
殖,104
殖民,73
殖民地,40
殘,237
段,816
殺,1178
殺到,22
殺到埋身,5
母,979
母親,62
母語,101
每,1734
每日,191
每況愈下,3
毒,714
毒品,37
比,2349
比例,75
比喻,52
比堅尼,3
比如,11
比起,136
比較,517
民,2013
民主,224
民國,12
民權,6
民生,28
氣,2385
氣氛,92
水,2959
水平,100
水泥,14
水浸,13
水深火熱,9
水管,6
永,483
永久,11
永居,1
永遠,357
求,1334
求其,151
池,139
污,166
污糟,69
決,1218
決定,707
決心,53
沒,780
沒有,573
沖,240
沖涼,48
沙,568
沙嗲,4
沮喪,27
油,302
油膩,4
治,846
治安,10
治家,8
治療,34
況,954
泉,68
法,4005
法例,28
法國,87
法文,9
法治,51
波,650
泥,148
注,344
注音,6
泰,147
泰國,33
泳,83
泳手,3
泳池,41
洗,598
洗腦,23
洗衣機,7
洗衫,13
洗錢,8
津,92
洲,689
活,1443
活動,339
流,1452
流利,26
流於,26
流行,130
流通,19
流露,39
浮,178
海,1227
海外,14
浸,118
浸鹹水,3
消,694
消息,112
消費,100
涉,202
涉及,39
涼,242
淚,297
淡,284
淡然,16
淨,545
淨係,332
深,1300
深交,2
深入,87
深厚,13
淵,18
淵源,4
淺,235
添,400
清,1864
清晰,79
清楚,525
清潔,72
清醒,57
減,310
減少,44
渠,68
渠道,15
測,212
港,5102
港人,885
港大,68
港客,3
港幣,11
港式,40
港紙,15
港隊,5
游,221
游水,65
游泳,4
游泳池,2
湊,92
湊埋,1
湖,103
源,720
準,688
準備,229
準時,54
準確,61
溝,284
溝通,150
溫,484
溫哥華,7
溫泉,5
滯,156
滲,39
滲入,10
滿,887
滿足,144
滿足感,13
漏,147
演,636
演唱,45
演唱會,38
潔,142
潮,278
澳,318
澳洲,57
澳門,29
激,439
激發,19
濕,276
濕碎,8
濟,474
灣,833
火,948
火熱,13
火車,48
灰,253
灰色,38
炒,421
炒麵,4
炸,366
為,10167
為主,94
為之,125
為乜,9
為人,129
為咗,401
為本,26
為止,109
為重,15
烈,290
烚,15
焗,51
焗住,18
無,13174
無人,704
無啦啦,123
無奈,156
無止境,16
無比,104
無理,199
無疑,50
無私,6
無端端,52
無聊,104
無論,399
然,11533
然之後,47
然後,2471
然而,107
照,822
照直,4
照計,45
照顧,117
煩,428
煮,197
煮嘢,9
煮飯,22
煲,107
煲劇,3
煽,26
煽情,12
熟,544
熟客,8
熟悉,118
熟絡,6
熱,798
熱天,13
熱心,22
熱情,31
燒,395
營,206
爆,823
爆發,76
爐,113
爛,380
爭,734
爭取,91
爭在,24
爭崩頭,6
爭論,10
爭議,46
父,342
父母,164
爸,581
爸爸,144
爹,21
爹哋,4
爺,158
爺爺,17
爾,380
牆,227
片,787
版,422
牌,646
牌照,7
牙,936
牛,656
牛肉,25
牛腩,12
物,1804
物價,8
物業,7
特,1410
特價,3
特別,484
特區,30
特區護照,3
特徵,43
特殊,42
特登,77
特首,114
牽,142
牽掛,5
犀利,47
犯,380
犯罪,57
狀,382
狀態,124
狀況,51
狗,451
獄,118
獎,122
獎金,4
獨,755
獨仔,2
獨生,1
獲,156
獲取,6
獲得,41
獻,158
率,304
玩,1753
玩具,46
玩完,60
珍,178
珍惜,92
珍珠,18
珍珠奶茶,2
珠,178
班,2082
現,3327
現在,192
現實,384
現有,44
球,718
球場,30
理,3826
理由,226
瑪,55
環,815
環境,244
環節,30
甚,2141
甚至,1413
甚至乎,75
生,7938
生存,98
生意,182
生日,171
生日會,16
生果,68
生根,12
生活,659
生活圈子,3
生活指數,4
生活水平,2
生計,14
產,788
產生,118
用,5898
用得著,7
甩,177
田,236
由,2381
由於,213
由零開始,11
由頭,57
由頭到尾,31
甲,139
申,294
申請,83
申請人,2
男,2205
男人,850
男仔,145
男士,23
男女,111
甸,10
畀,1807
畀人,329
界,2024
界限,6
留,1417
留低,118
留得,12
留意,319
畢,454
畢業,216
畢竟,109
番,2092
畫,927
畫家,51
畫廊,2
畫面,142
異,635
異性,27
異類,7
當,5390
當中,305
當其時,2
當初,220
當地,70
當局,19
當時,444
當然,1533
當造,2
疏,80
疏遠,11
疏離,11
疑,578
疫,171
疫情,41
病,636
病人,92
症,115
療,100
癲,176
登,1925
登記,66
發,4800
發展,414
發掘,40
發現,925
發生,812
發票,2
發覺,238
發起,19
發達,55
發音,61
白,2088
白人,43
白板,5
白眼,14
白紙,16
百,1064
百搭,1
百萬,116
百貨,14
百貨公司,8
的,6935
的士,202
的而且確,91
的起心肝,4
皇,274
皮,486
盃,65
益,285
盒,213
盞,56
盡,877
盡力,50
盡快,55
盡量,117
盤,309
目,1244
目光,84
目標,155
直,2504
直到,135
直情,27
直接,339
直頭,164
相,3258
相信,663
相反,143
相對,165
相熟,12
相當,383
相當之,26
相處,67
相識,60
盼,42
盼望,13
盾,122
省,176
看,659
看待,15
真,8856
真係,6365
真正,307
眼,2271
眼光,51
眼淚,104
眼見,43
眾,764
着,177
着數,10
睇,6238
睇住,153
睇好,32
睇戲,54
睇樓,5
睇法,64
睇波,26
睇淡,4
睇過,128
睇醫生,22
瞓,338
瞓覺,51
矛,132
矛盾,105
知,8083
知識,148
知道,2187
矩,71
短,617
短期,25
石,761
石頭,45
研,388
研究,332
研討,3
研討會,3
硬,403
硬着頭皮,1
碌,266
碎,171
碟,189
確,921
確係,157
確定,35
碼,612
礎,76
礙,83
社,1108
社交,61
社交圈子,6
社區,77
社團,16
社會,750
社會福利,2
社會運動,15
社群,32
祈,163
祈禱,12
祖,313
祖父,8
神,2362
票,582
福,401
福利,23
禮,807
禮儀,18
禮拜,120
禮拜六,4
禮物,101
禮貌,79
禱,28
私,328
私事,8
私人,63
私人空間,4
私家,33
私校,3
秋,160
科,892
科技,105
租,168
租樓,8
租約,2
租金,18
移,370
移居,5
移民,153
移民潮,2
稅,78
稅務,3
程,1098
程序,41
程度,197
稚,72
種,2757
種族,33
種族歧視,3
稱,565
穀,12
積,196
積蓄,8
穩,225
穩定,75
穩陣,40
究,1463
究竟,993
空,950
空前,8
空氣,111
空白,21
空間,165
突,1275
突然,874
突然之間,120
突然間,119
窄,87
窮,214
立,1176
立即,132
站,467
竟,2315
竟然,1130
童,235
童年,32
端,240
競,104
競爭,61
競爭力,13
笑,2704
符,200
符合,63
第,2389
第一,1119
第二,659
第二啲,9
第二日,50
第二時,3
第二朝,27
第日,24
筆,475
等,2664
等同,104
等待,39
等於,166
等等,319
等邊,4
答,1168
策,189
算,3054
算啦,172
管,538
管教,8
管理,149
管理層,32
箭,109
節,855
節奏,43
節日,23
節目,148
節衣縮食,2
範,259
篇,845
簡,1021
簡單,669
簽,169
簽名,45
簽證,10
籃,63
籃球,43
籌,98
籌備,10
籍,82
籤,66
米,439
粉,258
粗,400
粵,1151
粵語,728
粹,189
精,1004
精神,398
精緻,11
糊,134
糟,104
糧,111
系,664
紀,671
紀錄,69
約,621
約定,25
約期,4
紅,895
納,154
納米,1
納米樓,1
紐,26
純,394
純粹,157
紙,702
級,573
素,362
素食,7
索,463
紮,62
紮根,4
累,126
累積,27
細,2176
細佬,76
細個,172
細妹,11
細微,12
細節,55
細細個,21
細路,251
細路仔,38
紹,220
終,1942
終於,910
組,504
結,2284
結婚,398
結果,852
絕,1074
絕不,47
絕對,415
絡,248
給,284
統,651
綁,101
綁架,14
經,7343
經歷,198
經濟,423
經營,37
經驗,197
綠,193
綠豆,8
維,630
維持,169
網,860
網上,261
網絡,128
緊,2747
緊要,509
緒,182
線,1448
緣,204
緣故,5
編,328
緬甸,4
緻,38
縮,170
縮窄,2
總,1157
總之,313
總共,30
總會,89
總有,89
總統,42
繁,121
繁榮,19
繁體字,12
繪,57
繪本,7
繫,56
繳,7
繼,1648
繼續,1490
續,1829
纜,20
缺,261
罩,188
罪,398
罪行,13
置,404
罰,142
署,125
羅,430
美,1493
美國,335
美夢,9
羞,54
羞辱,9
群,393
群組,24
群體,43
義,1185
義工,56
義氣,14
習,662
習以為常,8
習慣,196
老,4371
老人,179
老人家,84
老公,250
老婆,420
老實,167
老實講,52
老師,311
老母,377
老爺,4
老細,273
老豆,165
老闆,306
考,1050
考察,10
考慮,194
考試,139
考車,2
者,3969
而,7749
而且,910
而家,850
耍,30
耐,1008
耐唔耐,2
聊,137
聖,524
聖誕,82
聖誕節,25
聚,235
聚會,37
聞,695
聯,534
聯絡,92
聯繫,14
聰,140
聰明,125
聲,3788
職,535
職位,20
職員,47
職工,4
職業,70
聽,3096
聽話,29
聽講,53
聽過,173
聽香,4
肆,63
肉,555
肉酸,13
肝,23
肯,826
肯定,300
育,368
背,668
背後,144
背景,177
背書,6
能,4784
能力,315
能夠,641
腍,10
腍善,1
腐,87
腦,929
腩,32
腳,762
膊,142
膊頭,109
膚,125
膚淺,32
膚色,7
膩,28
膽,220
膽粗粗,7
臉,422
臨,298
自,10028
自問,34
自娛,5
自己,6262
自己人,42
自己工,2
自從,104
自我,126
自然,515
自由,340
自給自足,8
自豪,32
自足,10
自食其力,4
至,3361
至多,5
至少,166
至於,405
致,440
舅,8
舅父,8
與,916
興,848
興趣,288
舉,621
舉例,23
舉個例,24
舊,838
舊水,19
舍,82
舒,165
舒服,115
舒適,16
舖,113
舞,283
舞台,28
般,477
船,269
艇,162
良,476
良好,55
色,1914
花,1338
苑,37
若,505
若果,67
苦,812
苦難,10
英,1444
英國,252
英文,490
英語,50
英超,2
茶,399
茶餐廳,68
草,345
草地,32
荒,113
荒謬,29
莎,28
莫,256
菜,233
華,660
華人,71
華僑,5
萬,1323
萬一,73
萬般,4
落,3481
落去,760
落地,127
落地生根,6
落手,41
落手落腳,7
落機,9
落腳,25
落街,34
落選,7
著,1533
著數,33
著重,26
蒂,22
蒟蒻,1
蓄,49
蓋,126
薩,64
薪,86
薪金,7
藉,93
藍,276
藍領,7
藏,166
蘊,31
蘋果,106
蘭,283
處,1281
處理,226
號,700
蚊,349
蝕,127
蝕水,1
融,372
融入,41
融合,33
蠶,6
蠶食,6
血,644
行,4656
行人,58
行人路,22
行動,203
行山,52
行得通,12
行政,85
行業,72
行為,244
行開,111
術,851
街,1638
街坊,78
街市,27
街頭,68
衝,482
衝勁,5
衝擊,34
衝突,78
衡,130
衣,294
衣食,15
衣食住行,6
表,2061
表弟,10
表現,232
表達,225
表露,11
表面,100
表面上,22
衫,479
衫架,1
衰,394
被,1210
被動,20
被動收入,1
被迫,45
裏,284
裏邊,5
裏面,223
裔,33
補,496
補習,69
補習老師,4
裡,539
裡邊,3
裡面,227
複,268
複雜,158
西,1802
西亞,57
西方,75
西班牙,686
西班牙文,171
西餐,8
要,13317
要人,56
要嚟,19
要好,103
要是,24
要求,331
要點,52
見,4864
見到,1706
見證,42
見識,63
見面,89
規,495
規劃,19
規定,47
規矩,55
視,1226
視野,20
親,719
親人,34
親密,24
親戚,63
覺,4533
覺得,2998
觀,1045
觀塘,36
觀察,147
角,1287
角色,157
角落,28
解,4331
解決,249
解釋,391
解開,35
觸,281
觸發,15
言,2042
言論,52
訂,110
訂枱,3
計,1390
計劃,202
計數,19
訊,360
討,420
討論,232
訓,560
託,43
記,2317
記住,218
記得,802
記者,126
訪,195
訪問,99
設,489
設施,28
設計,136
設計師,4
訴,198
訴求,14
診,89
診所,20
詞,1149
詞語,45
試,1460
試吓,47
試過,242
詩,457
話,10477
話題,142
該,2376
誇,117
誇張,79
認,1856
認同,175
認定,32
認為,372
認真,378
認識,171
誕,127
語,3549
語言,700
誤,368
誤打誤撞,8
說,1909
說明,65
說法,38
說話,245
課,307
課外,12
課外活動,9
課程,43
調,778
調整,26
談,369
請,1092
請人,21
諒,119
論,1782
諗,3428
諗住,285
諗法,138
諗返,62
諜,8
諮,12
諸,194
諸如此類,24
謂,1027
講,11344
講到明,17
講台,6
講呢啲,32
講嘢,203
講座,23
講法,201
講白,20
講緊,236
講話,110
謝,542
謝謝,17
謬,43
證,710
證件,21
證明,171
識,3134
識做,35
識到,113
譜,99
譬如,148
譬如話,15
議,781
議題,55
護,545
護士,64
護照,21
讀,1384
讀書,265
變,2760
變幻,9
變幻莫測,1
變成,481
變數,6
變相,18
讚,211
谷,120
豆,273
豆腐,21
豉,25
豉油,20
豐,159
豐富,76
象,706
豪,193
豬,382
豬仔,7
豬肉,26
貌,237
貓,220
負,437
負擔,29
負責,167
負面,30
財,267
財務,18
貢,139
貢獻,56
貨,423
貫,111
責,535
責任,235
貴,414
貶,51
買,1301
買嘢,27
買樓,41
買餸,9
費,631
費事,107
貼,369
貼士,14
資,878
資助,16
資料,171
資本,43
資源,142
資訊,109
資金,22
賞,291
賣,639
賣大包,1
賣豬仔,3
質,654
質素,105
賴,133
賺,174
賺錢,42
購,72
購買,17
購買力,1
走,2806
走唔甩,14
走盞,4
起,3846
起上嚟,52
起心,8
起碼,276
起身,306
趁,140
超,769
超市,31
超級,117
超過,116
越,746
越來越,31
越南,19
越嚟越,72
趕,275
趕住,24
趕時間,9
趣,570
足,1099
足球,33
跌,414
距,231
距離,188
距離感,8
跟,1099
跟住,580
跟着,6
跟著,14
跟足,18
路,2405
路上,68
路口,17
路程,18
跳,526
跳舞,37
踏,155
踏入,30
踢,185
踢波,24
踩,131
蹤,98
身,3990
身㷫,1
身上,196
身份,228
身份證,34
身價,12
身分,58
身分證,10
身邊,316
身體,249
車,1777
車牌,10
車程,17
較,731
輕,869
輕鬆,86
輝,104
輩,147
輪,442
輪到,35
輯,179
輸,444
輾,22
輾轉,20
轉,1567
轉化,13
轉換,30
轉行,10
轉變,68
轉頭,224
辛,289
辛苦,245
辦,886
辦公,136
辦公室,124
辦法,534
辭,202
辭職,68
辱,77
農,143
農地,2
農夫,7
農田,5
迅,122
迅速,45
迎,273
近,1630
近住,5
近況,8
返,4349
返去,359
返嚟,245
返學,109
返屋企,265
返工,291
返港,4
返轉頭,70
迫,418
迴,128
追,876
追捧,9
追求,147
追蹤,6
退,453
退休,74
退卻,2
送,707
送禮,46
送貨,4
透,359
透明,37
透過,138
逐,308
逐家逐戶,2
這,1193
這裡,56
通,2691
通常,255
通渠,2
通渠水,1
通知,62
通過,49
通道,25
速,464
速成,11
造,489
造化,9
造福,6
逢,229
連,1890
連登,19
連繫,21
進,1095
進修,6
進口,9
逼,169
逼人,11
遇,458
遇到,181
遊,983
遊客,72
遊走,12
運,862
運動,244
運輸,15
遍,133
過,11040
過主,17
過份,61
過來,71
過去,507
過多,54
過年,34
過度,33
過招,7
過程,166
過節,9
道,4041
道別,20
道德,109
道德綁架,2
道理,238
道義,11
道路,27
達,808
遠,1147
遣,29
遣返,2
適,421
適合,99
適應,55
遲,542
遲早,27
選,1277
選擇,482
選民,93
選票,19
選舉,157
避,462
避免,128
邀,61
邀約,3
邀請,38
還,854
還是,203
邊,4393
邊個,924
邊啲,43
邊度,219
邏輯,98
那,812
郁,374
郊,103
郊遊,30
部,2310
部份,402
部分,303
都,26807
都係,4504
都叫,132
都大,53
都好,1096
都會,1259
鄉,229
鄉下,47
鄉土,3
鄉里,4
鄰,69
鄰居,29
鄰舍,4
鄰里,3
配,398
配偶,14
酒,845
酒店,82
酒樓,36
酷,50
酷熱,10
酸,105
醒,696
醫,811
醫生,305
醫療,50
醫院,228
釀,22
釋,536
里,336
重,2769
重大,28
重心,16
重新,170
重要,775
野,3514
量,895
金,1501
金工,6
金融,240
釣,41
釣魚,18
鉗,8
銀,446
銀行,79
鋪,355
鋪排,19
鋪設,2
錄,428
錢,1723
錯,1808
錯漏,10
錯漏百出,3
錯誤,97
鍾,1098
鍾意,1036
鎊,8
鎚,12
鎮,159
鎮壓,12
鐘,1361
鐘頭,52
鑊,224
鑽,90
鑽研,21
長,2276
長大,62
長工,14
長期,92
長老,16
長遠,23
門,1622
門人,7
門口,225
門檻,23
閉,288
開,6497
開嚟,4
開始,1778
開工,23
開心,674
開支,31
開會,63
開聲,13
開門,99
開關,11
開頭,128
開餐,11
閒,378
閒聊,5
間,4775
間中,46
間唔中,47
間接,17
間諜,5
闊,138
闖,35
關,2344
關係,599
關心,224
關於,114
關注,66
關閉,15
阿,3382
阿仔,44
阿哥,47
阿女,19
阿妹,14
阿媽,410
阿爸,168
阿邊個,16
附,302
附近,200
限,425
限制,47
限度,14
院,630
陣,2408
陣間,22
除,1179
除咗,377
除非,132
陪,281
陪坐,1
陪笑,12
陸,465
陸續,17
陸陸續續,3
隊,633
階,216
階層,31
隔,472
隔離,175
際,445
際遇,11
障,119
障礙,29
隨,881
隨住,78
隨便,77
隨時,337
險,330
隱,199
隱含,5
隱藏,18
隻,1846
隻手,270
雄,273
集,622
雖,1496
雖然,1366
雙,669
雙方,54
雜,418
雜貨,7
雜貨舖,2
雜費,3
雞,968
離,1524
離婚,73
離愁別緒,2
離職,6
離開,410
難,1965
難度,64
難民,14
雨,440
雨傘,33
零,709
電,2636
電台,34
電單車,21
電影,276
電腦,326
電視,467
電話,927
電費,4
需,970
需求,68
需要,806
震,365
露,341
靈,469
青,787
青少年,13
青年,65
靚,711
靜,706
非,1268
非常,321
非洲,15
靠,452
面,7118
面孔,19
面對,313
面對面,15
韓,185
韓國,85
音,1742
音樂,217
響,922
響度,17
頂,817
頂住,34
頂唔住,11
頂唔順,55
順,539
順利,51
順暢,11
順眼,16
預,477
預備,42
預咗,32
預期,42
預留,2
預繳,1
預計,17
頓,146
頗,37
領,468
領域,31
領悟,19
頭,4924
頭先,156
頭暈,8
頭暈身㷫,1
頭皮,16
頻,107
頻密,11
頻率,12
頻繁,9
題,2584
願,494
願意,140
類,1122
類型,22
顧,451
顯,679
風,1526
飛,892
飛機,158
食,3924
食品,10
食嘢,40
食材,21
食物,132
食穀種,2
食肆,29
食飯,368
飯,1154
飯盒,46
飯聚,3
飲,1118
飲茶,26
飲酒,115
飲食,52
養,377
養老,3
餐,663
餐廳,186
餐飲,3
餐館,13
餓,105
餘,482
館,303
餸,45
餸菜,5
首,1039
首先,298
香,4452
香港,4023
香港人,825
馬,977
馬來西亞,3
馬路,89
駁,128
駛,936
驗,444
驗樓,1
驚,1244
驟,44
骨,326
骨牌,3
骨牌效應,1
體,1552
體會,35
體諒,33
高,2652
高中,14
高人,28
高壓,14
高帽,4
高班,1
高興,72
高薪,11
高薪厚職,7
高雄,4
髮,356
鬆,290
鬆開,10
鬍,61
鬍鬚,61
鬚,98
鬧,434
鬧交,12
鬼,844
鬼佬,42
魚,431
鮮,224
鳴,98
鴨,121
鴨仔,3
鴨仔團,2
鹹,132
鹹水,14
麵,314
麵粉,3
麻,605
麻煩,157
麻麻,31
麻麻地,9
黃,912
黐,77
黑,1046
黑人,21
默,292
默書,26
默默,38
點,8868
點呀,264
點樣,744
點樣去,25
點樣樣,3
點知,518
點算,159
點解,2396
點都,241
點都好,40
黨,289
齊,1458
齡,67
𡃁,12
𡃁仔,6
𨋢,34
交友,14
俾錢,54
冇所謂,38
咀,118
唔舒服,40
大半,47
女真,22
好聽,74
尖,255
尖沙咀,33
帶路,4
平安,52
平安夜,23
度度,15
後話,42
攰,72
散場,5
熟路,4
粒,352
粒鐘,36
精打細算,2
結論,97
覆,324
計數機,2
話事,41
誠,766
誠意,37
黎,4266
bug,7
cap,46
cap水,1
dead,14
demo,14
emo,80
loop,16
mode,39
丁,188
上億,3
上述,42
不及,70
之下,219
之不過,42
之餘,168
事故,18
井,81
人頭,50
代價,89
任君選擇,2
伏,171
佳,187
備受,18
催,84
催眠,5
億,140
公平,79
典,479
典範,5
出廠,2
分散,20
判定,18
刻意,96
前者,83
劇情,86
加班,11
勵,116
千萬,68
反噬,2
反芻,3
取得,35
受眾,7
只需,46
名作,11
君,308
吸納,8
唔單只,15
噉,898
噉解,14
器,281
噬,38
嚴格,42
回水,8
回頭,93
堪,75
堪稱,25
墮,51
墮落,16
壁,103
壓低,18
壓榨,10
多樣,18
大作,19
大眾,121
失敗,238
奢,49
奢侈,13
女神,376
如是者,26
安安靜靜,4
安靜,30
寬,66
寬容,11
對上,52
尷,59
尷尬,51
屌,597
屢,43
屢戰屢敗,2
層面,43
崇,105
崩盤,2
左膠,101
市場,217
平平,110
年齡層,5
幾廿,48
廠,110
引導,20
形狀,36
征,40
征服,13
後者,92
心涼,6
快感,31
怒,224
惹,46
意味,55
懷疑,187
成形,12
戰鬥,36
扁,44
扁平,2
打獵,5
挫敗,9
控,382
控制,212
推崇,16
提示,38
摧毀,29
據,578
據點,8
支票,13
政治正確,1
敗,461
時代,260
有限,81
服務,115
案,522
業界,15
榨,33
武,353
武器,52
死亡,98
毀,129
毅,38
毅力,8
毛,276
津津樂道,7
消耗,21
深度,77
混,210
混亂,75
清一色,11
渡,122
漸,249
潛,166
潛移默化,13
火災,10
災,98
炒粉,7
炒車,6
為例,35
無礙,6
無視,42
煉,28
燈,528
燈神,15
爆機,1
爆炸,122
爽,155
特點,29
狩獵,5
狼,67
獵,91
玩家,27
玩法,46
用家,14
界面,2
畫質,3
疾,71
痛,694
痛心,19
痛心疾首,4
痴,489
白痴,63
盡興,5
直觀,4
眠,60
眼中,82
砍,9
破,548
破解,9
碰,79
碰壁,3
磨,153
示,771
空頭支票,9
答案,223
系列,308
系統,165
美元,20
美術,10
考量,7
耗,56
聲稱,28
腰,115
膠,367
苛,21
苛刻,5
莫講,32
莫講話,31
落井下石,8
蔽,14
街機,4
補救,7
製,295
製作,52
誘,91
誘導,3
課金,6
課題,15
謎,47
講到尾,41
買少見少,11
賣出,9
跡,181
跪,106
跪低,17
轉生,6
辣,89
迎合,17
迪,80
迪士尼,17
述,282
逆,123
逆轉,16
逐漸,58
連連,17
遊戲,291
遊樂,40
遊樂場,32
遊玩,2
過山車,5
過渡,21
選項,6
郁啲,9
針,181
鐵,564
開放,48
降,306
降頭,1
除此之外,10
集體,27
難以,149
難聽,59
靜坐,7
靜靜,85
面書,45
項,130
預訂,6
頭路,7
顧客,16
顯得,75
首要,7
體驗,50
鬥,387
鳳,93
鳳毛麟角,1
麟,9
鼓,226
鼓勵,83
cons,31
kam,2
look,21
pan,26
save,5
sir,45
一夜之間,7
上當,20
不無,13
主角,249
主體,12
五味,1
五味雜陳,1
人際,14
人際關係,9
代入,29
俗,228
保護,167
做人,184
元兇,3
兇,127
免受,5
入主,6
分析,212
勇,245
勇敢,24
動力,45
原始,24
厭,148
各種,151
善良,11
困境,17
堅強,30
場合,36
塌,47
增長,44
大個仔,18
對白,72
對象,82
尾聲,13
局部,7
層次,80
崩塌,1
建造,15
得罪,47
必然,160
快樂,177
情境,15
意識,173
感嘆,6
慕,63
憧憬,13
應付,32
手令,3
打比,8
打比賽,1
抉擇,7
拋,176
拋棄,21
掌控,5
接納,18
提議,53
提高,56
插手,14
旁,267
旋,96
旋風,9
有意,132
有意思,22
析,235
極端,35
比賽,87
漠,62
漠不關心,13
焦,109
焦慮,12
特性,24
特質,37
理解,252
發自,5
積極,51
突破,48
純真,11
組件,13
組成,38
練,536
罪人,19
羨,38
羨慕,37
習俗,15
自身,65
藉口,32
處境,27
裸,55
要面,37
角度,165
觸及,11
訓練,101
記憶,115
語文,118
諗起,276
譯,213
賽,244
赤,300
赤裸,23
跳躍,4
躍,82
進步,96
達到,97
重生,16
陳,422
青春,54
青春期,4
預先,22
can,119
data,35
fit,32
gur,14
oe,71
一切,501
一部份,73
一面,135
下令,17
並,890
並非,103
交換,41
以致,55
伸,217
促成,15
假定,7
價值判斷,2
先導,2
內容,184
兩回事,20
其一,29
冇效,7
切,923
制定,17
動機,35
卸,39
原則,112
同感,27
喜好,17
單係,62
單單,43
噉就,31
固然,62
多多,69
多多少少,10
好極,7
好玩,90
尊,250
尊重,116
導致,49
幾點,34
引用,32
強調,113
成功,369
截,128
推卸,7
效果,88
教學,80
教書,30
教法,3
方針,14
有求於,7
本份,22
根據,154
求學,13
消極,6
測試,67
源於,42
源自,13
無效,19
現象,86
理念,47
理想,134
產品,47
畀心機,6
的確,311
等價,11
篩,30
篩走,4
缺乏,69
而已,42
職權,5
職責,38
職銜,2
自覺,47
舉動,16
虛,296
規範,58
視乎,37
誘發,3
課後,1
識見,6
越過,8
違,114
違反,47
重點,100
針對,65
銜,21
額,154
額外,21
顯示,110
養家,7
驅,65
驅使,10
點先,48
133,10
420,8
46,80
55,110
67,62
69,92
AV,66
EN,17
FF,19
MK,33
MT,63
PA,34
PE,7
RA,8
WH,7
cut,45
key,29
wifi,3
wiki,52
一世,173
一事,35
一仆一碌,2
一仆一轆,1
一刀切,8
一剎那,53
一口氣,192
一場,139
一如,65
一如所料,3
一帶,43
一律,29
一心,43
一早,353
一月,46
一朝得志,1
一條氣,2
一流,26
一百,177
一目了然,6
一眼,125
一箭雙鵰,1
一線,36
一般人,71
一號風球,4
一錘定音,3
一額汗,4
七仔,7
七十一,6
七月,62
三大,25
三月,19
上下,161
上列,1
上午,12
上吊,5
上圍,5
上天,99
上山,39
上岸,32
上晝,10
上水,22
上游,1
上班,28
上等,7
上落,19
上路,18
上身,67
上車,57
上近,5
上釣,10
上鎖,4
上限,19
上電,12
上高,40
下人,50
下便,2
下午茶,23
下圍,8
下場,47
下放,6
下晝,57
下次,170
下海,10
下行,5
下路,4
下面,175
不一,32
不便,14
不假外求,2
不再,30
不准,11
不出,51
不出所料,1
不勝,29
不勝負荷,1
不可,356
不合,55
不合時宜,8
不在話下,20
不堪,34
不妨,48
不宜,24
不宜久留,4
不得,142
不復,21
不敢恭維,5
不朽,22
不然,39
不置可否,6
不菲,4
世上,81
世人,79
世界大戰,30
丫,51
中午,13
中原,34
中大,51
中心,481
中成藥,1
中暑,5
中標,1
中環,102
中轉,11
中轉站,2
中途,62
丸,63
丹,104
主因,4
主張,36
主意,26
主辦,14
主題,77
乃,116
久違,4
久遠,6
之上,55
之唔係,5
之際,106
乍,6
乜人,33
乜東東,2
九七,24
九月,32
九龍,67
乞,73
乞討,1
也,1105
乾,316
乾淨,64
乾糧,11
亂噏,4
了事,33
予,66
事主,33
事先,42
事前,26
事後,73
事與願違,8
二月,36
二次,39
二讀,2
井井有條,1
些,493
些少,118
亭,78
人中,32
人事,104
人人,195
人參,11
人字拖,6
人山人海,6
人影,33
人數,55
人母,5
人民,93
人氣,16
人流,18
人海,29
人群,37
人話,254
人間,74
人面,32
人龍,11
仁,295
仆,710
仇,112
今天,83
介乎,9
仔細,125
仙,142
仙人,3
仙人掌,1
仙姑,1
仞,2
代勞,4
代替,37
代步,5
以下,158
以免,49
以及,216
以柔制剛,1
以爲,9
份人,93
份外,28
企理,3
伍,29
伯公,20
伯父,1
伺,16
伺服器,4
似足,13
但願,13
佈滿,18
佈陣,2
位於,22
位置,146
低微,3
低等,13
低級,10
佑,38
何其,21
何必,65
何時,45
何止,8
何處,13
佛,250
作出,172
作大,9
作用,83
來歷,10
來路,7
例外,61
例牌,28
例行,7
例行公事,1
供應,48
依時,2
依舊,27
依足,8
依郁,5
侯,50
侯王,8
係路,26
保佑,11
保你大,2
保存,46
保安,49
信口雌黃,2
信號,19
修飾,22
俯,26
俱,71
倉,85
個別,36
個別事件,6
倍,136
倒不如,40
倒吊,3
倒行逆施,4
倒褪,1
借力,4
倦,43
倫理,13
值回票價,5
假日,14
偏僻,6
偏差,7
做功課,27
做大,37
停低,66
停課,3
停車,12
停車場,4
停辦,1
停駛,2
健,196
健兒,4
健康,91
偶遇,5
偷,379
偷懶,21
偷拍,8
傍,28
傍住,2
傳授,2
傳聞,12
傳言,6
債,56
債主,1
傾側,1
傾兩句,4
僅,111
僅僅,22
僅餘,12
僧,15
僧人,5
僻,29
儀態,9
償,54
優勝,8
優悠,2
儲物櫃,14
充份,35
充沛,3
充足,17
先到先得,3
先前,15
先得,85
先頭,3
先頭部隊,1
光陰,15
免責,2
兒孫,3
兔,27
兜,189
兜圈,7
兜路,4
入便,5
入冬,4
入土,8
入土為安,6
入室,6
入座,13
入流,7
入門,23
內行,2
全港,39
全球,78
全走,6
全體,21
兩岸,10
兩敗俱傷,2
兩粒,19
八仙,3
八公,2
八月,46
八號,24
八號風球,6
公佈,16
公升,6
公屋,68
公帑,4
公廁,22
公所,3
公眾,71
公路,15
公道,25
公里,66
公開,132
公開信,2
六月,63
共同進退,3
兵,297
兵分兩路,3
其後,32
其次,20
其餘,50
具體,30
円,1
冇乜點,11
冇到,12
冇幾何,1
冇幾耐,24
冇時,13
冇機,25
冇理由,22
冇瓦遮頭,1
冇耐,27
冇行,7
冇計,19
冇譜,1
冇走雞,1
冇錢,32
冇錯,62
再度,30
再次,145
再版,2
再見,121
冒,86
冒雨,2
冚,79
冠,117
冧把,3
冰封,9
准,72
凌,123
凌晨,54
凌空,6
凡,182
凡事,28
凡夫俗子,9
凰,37
凸出,6
出事,111
出售,7
出外,6
出海,16
出煙,6
出發,154
出面,167
出馬,19
刀,349
刃,13
分成,16
分流,20
分界,6
分組,10
分道揚鑣,8
分野,8
切勿,8
切碎,2
刊,58
刊物,7
划,8
列明,3
列為,14
列隊,3
初級,9
別有洞天,2
利是,75
利用,124
利誘,9
刪,46
到嘔,16
到底,166
到此一遊,3
到此爲止,1
到達,32
到頂,29
刺,190
刺激,53
剃,13
前人,45
前來,5
前傳,3
前功盡廢,2
前夕,15
前後,58
前方,16
前日,2
前瞻,3
前程,6
前身,14
前進,21
剎,87
剎那,70
剖,12
剖析,6
剝,41
剝奪,16
剩低,37
副,304
劈,138
劍,179
劏,48
力水,6
力爭,10
力爭上游,1
力量,154
功德,10
功德無量,6
功高蓋主,2
加一,59
加以,23
加強,51
加插,23
加料,1
加油,37
加速,32
劣,110
劫,86
勒,53
動作,186
動員,25
動武,6
動氣,4
動物,148
勘,2
勘探,1
務實,8
勝,368
勝任,4
勝在,20
勝地,9
勝算,11
勝負,34
勢力,63
勢色,7
勢色唔對,6
勤,92
勿,51
包羅萬有,5
匆,102
匆匆,47
化為,25
化為烏有,4
化解,16
化險為夷,3
北京,57
北帝,8
北方,27
北極,12
北面,13
北韓,12
北風,21
匙,79
匯,189
匯報,97
區內,20
區域,13
十一月,20
十九,40
十二月,20
十月,38
十號,9
十號風球,4
升降,115
升降機,113
午餐,30
半山,11
半數,5
卒,40
卒之,17
南丫島,3
南北,18
南極,4
博大霧,1
卜,61
危機,49
即使,364
即場,16
即時,129
即興,4
厚望,6
原地,11
原定,14
去蒲,9
去馬,17
參差,5
參考,95
參賽,9
參賽者,3
參透,8
叉,110
叉燒,23
及時,49
及膝,4
及至,2
友好,31
反對,143
反抗,67
反正,236
反艇,3
反轉,20
反駁,38
取代,50
取名,3
取態,24
取捨,24
取消,39
受惠,14
受衆,1
叢,29
叢林,7
口氣,212
口水,93
口沫橫飛,8
口痕,5
口角,4
古城,43
古堡,2
古老,22
古蹟,6
另有,42
另類,42
只好,191
只得,176
只有,421
叫停,5
可取,11
可否,28
可想而知,13
可望,9
可樂,24
可貴,20
各式,25
各適其適,4
合一,32
合乎,37
合力,14
合埋,56
合尺,1
合時,14
合法,69
合法化,8
合照,13
合適,24
吉,137
吉日,1
吊,112
吊燈,2
吊車,8
吊鐘,20
同伴,14
同化,12
同場加映,4
同日,28
同流合污,4
同聲,29
同胞,16
同行,50
名副其實,11
名叫,37
名單,41
后,147
向來,49
君子,48
吟,58
否則,133
吹走,4
呂,65
呆,302
告,511
告吹,3
告示,13
味道,87
呻笨,3
呼吸,130
命中,29
命名,21
咁上下,103
和尚,8
和平,105
和而不同,3
咪又,179
咪又係,147
咪咪摸摸,2
咪摸,2
咫,3
咫尺,3
咯,171
咳,119
哀嚎,1
哨,20
哨子,2
哪,96
哽,26
唐,297
唔使講,22
唔入流,1
唔切,63
唔定,64
唔怪得,81
唔慌,4
唔憂,7
唔着,6
唔知幾,119
唔落,52
唔記得,286
唔話得,4
唔識死,10
售,73
唯利是圖,3
唾,7
商榷,10
商討,11
商議,3
商量,23
問候,24
問心,11
問津,4
啟,139
啟用,3
啩,53
啲多,6
啲打,10
善款,4
喉,112
喙,4
喜愛,21
單位,92
單思,7
單程,16
嗚,185
嘉,192
嘔,134
嘢玩,6
嘥心機,1
嘴砲,4
噚,12
噚日,5
噤,8
器材,7
噴,176
噴霧,16
嚎,12
嚴守,5
嚴密,4
嚴寒,3
嚴峻,4
囂,24
囊,54
四分五裂,3
四川,8
四正,9
四起,5
回去,17
回復,85
回歸,86
回程,39
回鄉證,8
回顧,38
回饋,8
回首,11
回魂,4
因應,15
國慶,6
國會,18
國王,72
圓,564
圖文並茂,3
圖謀,5
團友,6
團圓,21
團費,1
土地,70
在內,13
在所難免,12
地上,69
地下,221
地利,11
地名,15
地圖,79
地堂,4
地塘,6
地帶,34
地形,9
地盤,64
地質,6
地鐵,239
地鐵站,44
坎,86
坐車,5
坑,89
坑口,4
坪,28
坳,61
垃圾,287
垢,6
埋一份,28
埋去,121
埋單,33
埋岸,5
埋櫃,2
埋頭,11
埋頭苦幹,4
埔,61
埕,1
域多利,2
執到,21
執嘢,20
執拾,5
執死雞,2
執生,11
執輸,9
執雞,45
執鷄,2
基地,16
基於,59
堂食,4
堅尼地城,2
堅拒,4
堡,70
堤,30
報到,17
場景,48
場面,77
堵,11
堵塞,7
塑,102
塑造,26
塔,425
塗,27
塞,162
塞車,17
填海,17
塵,126
塵土,6
塵土飛揚,2
塵封,7
境內,15
境外,3
境界,37
墓,34
墟,14
墨,121
墩,19
墮後,4
墳,47
墳場,14
壁畫,18
壇,119
壩,12
士多,69
士的,8
壯,106
壯志,2
壯觀,8
壺,14
壽,77
夏日,8
夕,187
外圍,27
外展,1
多產,4
夠數,11
夠鐘,25
夢碎,2
大不如前,5
大仙,27
大件,26
大件事,22
大佛,5
大嗱嗱,1
大圈,4
大團圓,14
大坑,7
大埔,32
大失所望,7
大將,4
大嶼山,24
大帽山,10
大廟,9
大意,24
大戰,65
大戲,6
大會堂,10
大有人在,13
大東山,6
大欖,4
大浪灣,8
大澳,31
大火,23
大牛,16
大王,17
大白象,2
大細,36
大考,1
大聲,252
大聲公,11
大腿,21
大自然,22
大街,12
大要,3
大覺瞓,2
大路,21
大道,31
大量,149
大隊,26
大隻,51
大難不死,2
大雨,32
大頭,82
大風,24
大飛,5
天下,170
天主,27
天光,21
天公,5
天南地北,2
天后,114
天壇,2
天天,16
天寒地凍,1
天帝,4
天文,118
天文台,93
天時,20
天朗氣清,2
天水圍,26
天涯,15
天淵之別,1
天然,21
天空,58
天色,18
天衣無縫,7
天陰,7
天陰陰,2
天黑,9
太平,28
太平清醮,4
太陽,113
失手,5
失禮,16
夷,44
夾埋,47
夾雜,35
奇景,3
奇觀,5
奇蹟,14
奈何,30
奉,114
奔,97
套票,3
奢華,8
奧,132
奧運,37
奪,92
奬,8
奮,192
女生,94
好在,28
好天,22
好戲,20
好日,16
好景,37
好景不常,17
好氣,51
好眼,17
好運,27
好過冇,3
好鬼,53
如今,61
如常,42
如期,4
如火如荼,3
如虎添翼,1
如願,7
如願以償,4
妙,381
妙計,8
妞,5
妨,62
姑,125
姑姐,7
姓,111
姨,53
姨媽,11
威力,23
威脅,31
娘,181
娘娘,7
娼,7
嫌,137
嫌疑,13
子彈,14
子虛烏有,3
孖,71
孖仔,28
字形,26
字號,4
字面,19
字體,15
存活,6
孝,82
孝子,29
孟,36
季候風,15
孤身,4
孭,14
孵,3
孵化,3
學問,69
學堂,7
學會,44
學者,78
學藝,21
宅,83
宇,142
宇宙,83
守候,9
守時,2
守株待兔,3
守護,43
安檢,2
安然,9
宋,65
完成,192
完美,102
宏,39
官兵,4
宙,86
定向,12
定性,20
定點,22
客觀,79
宣揚,14
宣示,7
室內,31
室外,5
宮,202
宿願,1
寂,97
寄,112
寄予,8
寄望,21
寅,8
密碼,19
密麻麻,8
寒,147
寒冷,6
實力,42
實名,4
實名制,4
實情,25
實戰,8
實時,6
實證,12
實體,13
寧可,6
寧靜,15
審慎,4
審視,13
審計,1
寫低,24
寫明,12
寫法,83
寶,344
寶林,2
寶貴,30
寸,61
寺,104
寺門,2
封路,9
封鎖,17
封閉,7
將至,8
將軍,43
專家,98
專欄,20
專程,18
專車,4
尋日,55
對付,39
對出,23
對埋,1
對峙,6
對應,36
對死,13
對號入座,11
對開,5
導航,1
導遊,20
小人,41
小型,18
小島,10
小巴,53
小店,44
小徑,5
小心翼翼,26
小時,146
小童,9
小費,2
少量,13
尚,200
尚算,14
就緒,3
尼龍,3
尾站,7
尿,114
尿袋,6
局面,27
居屋,6
屆時,12
屈就,8
屋頂,18
屍,186
屎,410
屐,1
展品,2
展示,23
屯門,24
山人,16
山地,2
山峰,4
山嶺,6
山巒,3
山徑,13
山東,3
山洪,1
山火,4
山竹,18
山腰,2
山西,6
山路,14
山野,11
山長水遠,7
山難,2
山頂,55
山頭,15
岔,26
岩,1437
峒,12
峰,77
峻,12
峽,13
峽谷,7
崎嶇,6
崖,29
崗,46
崢,1
崩紗,2
嶺,65
嶼,112
巖,3
川,28
州,182
巡邏,7
巢,26
工地,1
工場,19
左近,11
巧,249
巧合,66
巨,137
巨型,12
巫,60
差人,44
差天共地,7
差無幾,3
差異,53
差距,27
巴士線,3
巾,104
市中心,34
帆,16
帝,276
帳,40
帶備,1
常人,58
常見,50
常識,78
幫補,7
幫襯,53
平原,2
平平安安,5
平日,49
平靜,54
年假,2
幸免,2
幸好,10
幹,126
幽,77
幾何,44
幾步,19
幾點鐘,1
庇,13
床,295
底線,54
度日,13
度橋,2
度身定做,1
度身訂做,1
度高,14
座位,36
庫,76
庫房,1
康樂,1
廈,141
廈門,5
廉,107
廉價,26
廟,242
廢棄,1
廢鐵,4
廣告,83
廣場,62
廣闊,15
延伸,32
建築,203
建築物,25
建議,123
弊,53
弓,34
弔,3
引水道,6
引發,31
引路,2
引退,2
弘,9
弱點,22
張揚,6
張貼,2
強逼,4
彈性,21
彌,64
彌勒,10
彎,68
形態,30
彩色,3
彩虹,11
影都冇隻,1
影響力,29
後山,8
後繼,24
後補,36
後頭,8
徑,185
徒手,10
得以,66
得個睇字,5
得償所願,2
得切,28
得咗,36
得啲,29
得益,31
得知,33
得落,20
得閑,3
徘徊,16
徙,85
從中,30
從中作梗,2
從容,14
從未,47
從此,40
復原,7
復興,68
復蘇,1
循,97
循例,13
微波,3
徵詢,2
德政,7
徽,10
心中,89
心儀,20
心安,36
心安理得,22
心得,32
心水,42
心無旁騖,2
心照,11
心算,7
心聲,13
心領,5
心領神會,4
必經,7
忌,137
忍,614
志,307
志在,13
志在必得,5
快手,9
快手快腳,3
快艇,33
念頭,19
忽,596
忽然,396
忽然間,106
怎,172
怠,27
怠慢,14
怡,22
急急,116
急急腳,16
急躁,4
怨,170
怪物,54
恩怨,9
恭,109
恭候,2
恭維,9
恰到好處,8
悠久,5
悠悠,7
情景,57
惑,134
惟,29
惠,91
惡劣,19
惡化,10
惶,34
惹麻煩,3
愉,53
愉快,38
意圖,40
意念,5
意料,84
意料中事,2
意欲,15
意興闌珊,6
愚,74
愚公移山,4
愛莫能助,5
愧,53
慈,51
慈雲山,2
慌,98
慎,46
慢慢行,26
慢條斯理,3
慧,91
慳返,30
憑弔,1
憲,41
應用,57
懲,51
懲罰,32
懶,273
懶理,4
懸案,1
懼,111
戇,105
戇居,31
成份,48
成員,94
成數,6
成村人,5
成績,102
成藥,1
我行我素,6
戒,140
戙,6
戥,22
截圖,5
戰戰兢兢,10
戰略,14
戰術,10
戲棚,2
戲肉,3
戴頭盔,15
戶外,8
所致,8
所見,37
手機,161
手民之誤,1
手法,85
手踭,3
扎醒,5
扒,248
扒手,1
扒艇,14
扒頭,2
打交,19
打倒,14
打倒褪,1
打圓場,15
打得,50
打得通,1
打掃,23
打消,9
打爛,19
打破,51
打翻,6
打通,10
打風,9
打鼓嶺,1
托,177
托手踭,3
扯旗,6
扯旗山,2
批中,2
扽,3
找數,27
技巧,81
抄,140
抆,16
把守,2
投放,15
投票,104
投訴,95
投降,32
抗戰,12
抗爭,89
抗疫,12
折腰,5
折衷,7
折返,11
抛,2
披星戴月,3
抱石,4
抵達,3
抽中,10
抽奬,1
抽簽,2
拆,187
拉筋,5
拍照,3
拔,68
拖慢,8
拖時間,3
拖鞋,27
拗,118
招徠,3
招攬,3
拜祭,3
拱,89
拱門,12
拳,207
拾,92
指定,18
指定動作,4
指導,12
指引,26
指示,62
按序,1
按照,30
挑機,7
挖,60
挨,41
挨住,7
振,136
振興,11
挺,53
挺身,9
捐,69
捐款,6
捐窿捐罅,1
捷,42
捷徑,23
捷足先登,1
掃,183
掃興,7
掉頭,8
排行,7
掘頭,1
掠,16
掠奪,3
掠過,10
採用,32
採購,4
掣肘,2
接收,41
控訴,9
推廣,65
措施,30
提前,4
提升,71
提及,54
提防,10
揚,181
揮,326
揮灑自如,3
援手,4
揸緊,7
揼,50
損,113
損失,50
搏,92
搏命,7
搏大霧,1
搏鬥,7
搞笑,42
搞邊科,10
搭的,19
搭的士,19
搭船,9
摩,166
摷,14
摺,68
摺埋,10
撇開,9
撑,4
撞啱,7
撞車,15
撟,1
撤,32
撤回,6
撤退,8
撥款,6
撲,87
擋,73
擋土牆,1
操,204
操勞,1
擒,21
據講,29
擦,106
擬,64
擰,83
擰轉,19
擰轉頭,9
擱,15
擱淺,6
擴,98
擴大,20
擴建,15
擴散,10
擴闊,15
擺尾,2
擺明,30
攀,19
攀登,1
攀石,2
攔,25
攜,25
攜眷,3
攝,125
攝影,53
攝影師,29
攞景,6
攤開,16
攪掂,6
攬,142
收啦,5
收場,25
收拾,30
收檔,7
收爐,4
收皮,29
收穫,6
收聲,38
收錢,24
收集,29
改名,23
改建,14
改期,5
改為,27
放心,147
放慢,5
放水,6
放過,64
放飯,8
放鬆,28
政評,2
故宮,8
故居,1
敏,127
敏感,37
救命,49
救援,7
救生員,10
救生衣,3
救護,10
救護車,8
教堂,160
教練,169
教訓,41
教路,4
散佈,6
敬,286
整體,82
數字,142
數據,91
數量,32
文創,1
文化差異,3
斑,38
斗,58
斜,86
斟,30
斟茶遞水,1
斧,34
斬,139
新仇舊恨,1
新增,6
新意,7
新界,44
新近,4
斷估,40
方案,41
於是,1199
施工,10
旁邊,64
旅程,183
旅行團,6
旅遊,71
既定,21
日出,53
日前,23
日後,86
日曬雨淋,5
日本仔,5
日落,46
日記,20
早上,20
早前,26
早年,15
早機,3
早知,57
早走早着,1
早起,19
早餐,70
旺,110
旺場,4
昂,47
明度,3
昏,138
昏暗,18
易如反掌,4
昔,39
昔日,25
星期日,206
映,157
春夢,6
春風,12
是日,15
是非,50
時份,14
時針,10
晚上,51
晚飯,26
晝,104
晨,140
晨早,37
晨運,3
普及,45
普渡,2
景物,25
景色,30
晴朗,6
智,364
智慧,58
暈船浪,3
暉,3
暖,144
暗,478
暗暗,32
暗示,23
暢順,7
暫停,14
暫定,2
暫緩,3
暮,22
暴,329
暴雨,24
暴露,22
曝,23
曬太陽,5
曲,363
更亭,1
最爲,5
會合,20
會所,8
有乜依郁,1
有些,107
有今日,18
有凸,2
有力,36
有如,55
有幸,20
有心人,35
有找,4
有排,64
有效期,1
有料,13
有料到,7
有益,25
有行,16
有識之士,3
有路,20
有違,5
有限度,3
有餘,35
服從,17
朗,182
望梅止渴,1
望見,14
未免,37
未定,20
未曾,30
末,173
本港,19
本能,51
本能反應,9
朱,79
朽,28
杉,13
李,457
村,344
村公所,2
村民,53
束,187
東北,35
東東,16
東涌,25
東西,88
松,38
枉,37
枕住,1
林立,4
果實,5
果然,317
枝,236
枯,33
枯燥,8
染,174
柔,131
柢,1
查核,4
柴,155
栩栩如生,5
株,7
核實,3
桂,23
桃,56
桃花,13
桌,11
桐,5
桑,27
桑樹,1
梅,69
梓,101
條款,13
條鐵,21
梧桐,3
梯,196
棍,86
棚,23
棠,20
森,261
棺,51
棺材,47
椒,39
楊,202
楊侯,6
楓,15
極地,7
榮休,2
構件,2
槳,10
樓梯,77
標本,6
標準,167
標示,14
標誌,34
標高,1
樹林,12
樹蔭,3
樽,48
橋底,9
機制,25
機動,5
橡,9
橡膠,4
橫,238
橫水渡,1
橫風橫雨,2
檐蛇,1
檔,150
檢,137
檢查,44
檢討,42
櫃,121
櫃枱,6
櫈,38
欄,88
權力,106
欖,35
欠奉,10
次序,31
次次,67
欲,192
欺,76
款,259
歇,63
歇息,2
歉,159
歉意,17
歡喜,24
止渴,2
正一,30
正午,7
正所謂,55
正選,15
此路不通,7
步行,27
武漢,33
武漢肺炎,9
歪,73
歲晚,4
歷來,2
死死吓,1
死硬,7
死神,22
殘留,8
殺人鯨,4
殺氣,11
殼,50
殿,56
每當,26
每逢,26
毫,380
毫無,159
氏,94
民俗,5
民怨,9
民意,38
民族,180
民調,28
氣勢,22
氣泡,4
氣派,7
氣流,9
氣溫,16
氣象,10
水上,195
水位,7
水口,12
水喉,8
水坑,7
水域,5
水塘,17
水大,3
水機,20
水氹,3
水流,11
水牛,2
水警,1
水路,3
水道,19
永不,16
永不錄用,2
氹,60
汀,10
求之不得,6
汗,204
江,179
江湖,19
污水,6
污穢,10
汲取,10
決策,8
汽,42
汽水,25
沉,385
沉悶,8
沉重,32
沉默,79
沖身,2
沙塵,5
沙塵滾滾,2
沙灘,22
沙田,29
沙石,4
沙頭角,5
沛,10
沫,42
河,214
沸,16
沸沸揚揚,2
治本,6
沿,128
沿岸,8
沿海,8
沿線,3
沿途,22
況且,117
泊,50
法門,8
泡,118
泡湯,4
泥路,7
注意,105
泳灘,8
洋,360
洋人,13
洗手間,15
洗脫,4
洞,188
洩,76
洩洪,1
洪,94
洪水,7
洪水猛獸,4
洪聖,23
活火山,1
派,564
流失,14
流料,2
流會,6
流水,29
流血,19
流連,22
流體,3
浩,71
浩瀚,2
浪,441
浪花,6
浪費,115
浮泡,1
浮波,1
浮生,4
浴,55
海內,2
海口,8
海報,15
海岸,32
海峽,5
海拔,5
海洋,30
海洋公園,8
海濱,9
海濱長廊,6
海灣,3
海皮,6
海豚,2
海邊,42
海闊天空,7
海面,26
海鮮,37
消愁,5
涌,87
涕,31
涯,51
涼亭,16
涼快,6
淆,33
淇,23
淋,88
淘,58
淡水,4
淪,62
淪陷,12
深刻,72
深感,13
深水埗,22
深淺,14
混淆,15
淹,13
淺水灣,27
清光,2
清勁,2
清新,29
清景,5
清水,6
清水灣,1
清除,14
減低,24
減弱,4
減排,3
渡輪,2
渣,458
測量,4
港九,19
港九新界,4
港島,44
港獨,45
港豬,39
渴,65
游擊,3
渺,40
渺小,14
渺茫,5
湧,97
湮沒,2
湯,124
準備就緒,3
溜,25
溜冰,3
溢,14
溪,11
溫和,15
溫故知新,9
溫馨,27
溫馨提示,7
溯,16
滂沱,2
滂沱大雨,1
滑,148
滑水,2
滑翔,5
滑行,6
滘,23
滾,147
滾滾,9
滿座,3
滿意,71
漁,97
漁民,15
漁船,6
漠視,16
漢,378
漫,287
漫步,2
漫無目的,14
漫遊,5
漲,40
潭,146
潮汐,1
澄,28
澗,4
激流,5
激烈,31
濃,103
濤,10
濱,12
瀑布,15
瀚,4
瀝,15
瀰漫,11
瀾,28
灌,30
灌木,1
灑,82
灘,190
灣仔,60
火山,36
火藥,18
灰色地帶,13
灶,12
炊,2
炎,84
炎夏,3
炮,124
炮台,3
炳,13
為所欲為,15
烈士,2
烏,123
烏溪沙,3
烏煙瘴氣,7
烏雲,10
烤,16
無人問津,4
無倫,11
無可避免,31
無地自容,7
無妨,7
無孔不入,2
無形,24
無形中,1
無心,60
無懼,8
無望,11
無機,19
無異,15
無聊賴,4
無謂,152
無非,26
無驚無險,4
煎,58
煙,485
煙民,1
煙波,1
煥,38
煥然一新,1
照常,22
照理,4
熊,86
熔,22
熔岩,6
熨,23
熬,17
熱愛,23
熱身,8
熱門,25
熱鬧,46
熱點,6
燈塔,162
燈籠,12
燈飾,7
燊,6
燒冷灶,1
燒烤,9
燒飯,11
燕,36
營地,1
燥,32
燭,59
爛泥,14
爬,90
爬山,10
爭先,3
爭先恐後,1
爭執,6
爭拗,18
爭氣,5
爭鬥,7
爲,155
爲咗,3
爲止,2
片石,2
牌坊,6
牌面,3
牌頭,6
牛池灣,2
牛牯,3
物資,24
特刊,3
特寫,4
特色,104
犀牛,1
犁,34
狂,400
狂風,9
狐,23
狐狸,12
狗牙,2
狡,30
狹,35
狹窄,19
狼狗,4
狼狽,11
猖獗,14
猛,136
猛獸,5
猴,15
獅,98
獅子,60
獅子山,31
獨木舟,123
獲益良多,4
獸,245
玄,29
玄學,2
玉,129
玉璽,1
王,942
王爺,2
玩意,19
珊,28
珊瑚,2
珍寶,4
班次,7
現今,31
現場,115
現時,56
理得,73
理性,117
理應,39
理會,67
理虧,8
理論,165
理論上,36
瑕,15
瑟,7
環保,56
環球,4
瓊,31
瓣,15
瓣數,1
瓦,31
瓶,28
甕,9
甕缸,7
甚囂塵上,1
生人,52
生物,67
生產,159
用力,56
用品,12
用嚟,113
用地,6
用法,68
用途,41
甫,21
由來,11
由來已久,2
申請表,6
男一,41
畀雷劈,2
畔,9
留名,13
留言,184
略,345
略嫌,15
畫眉,5
異地,8
異見,9
異見人士,3
異議,5
當做,37
當場,28
當年,280
當日,88
當眼,3
當風,8
畸,15
疊,185
疊埋心水,9
疑似,31
疫苗,29
病毒,49
痕,136
痕跡,27
瘴,11
癡,34
癡呆,2
癮,128
登入,8
登堂入室,2
登山,5
發出,171
發售,4
發夢,35
發布,5
發揚,14
發揚光大,8
發揮,90
發表,164
發青光,1
白白,23
白虎,14
白雲,12
白頭浪,6
百姓,28
百無聊賴,4
皆,207
皆因,26
皆大歡喜,8
皇天,9
盈,64
盎,12
盎然,2
盔,48
盛,185
盜,35
盞鬼,7
盡收眼底,3
盡頭,40
監,254
監獄,15
監管,9
目前,40
目前為止,6
目的,199
目的地,33
目錄,5
盲,132
盲摸摸,2
盲毛,2
直升機,5
直指,16
直線,45
直踩,2
相伴,1
相同,56
相就,20
相比,83
相近,20
相遇,18
眉,172
看管,5
真·,3
真。,74
真人,61
真啲,37
真相,77
眷,21
眷顧,7
眸,16
眺,10
眼球,17
眼簾,4
睇低,2
睇真啲,7
睇落,138
睇頭,3
睡,95
睫,17
睹,31
瞄,19
瞓醒,11
瞰,8
知己,21
知死,4
短短,46
短路,5
矮,77
石刻,3
石屎,28
石澗,2
石級,6
石門,2
砂,32
砌,120
砲,12
砲台,6
破壞,86
破綻,18
硬幣,12
碉堡,11
碌地,2
碑,58
碧,42
確診,17
碼頭,167
磅,32
磅礡,4
磡,11
礙於,10
礦,67
示意,41
社交距離,2
祇,16
祇係,8
祕,8
祕笈,1
神仙,18
神傷,4
神像,13
神壇,6
神機妙算,2
神父,11
神神哋,1
神級,12
神話,23
祠,22
票價,6
祭,80
祭品,1
禁,305
禁區,17
禁地,4
禁止,20
禁足,4
禍,83
禍根,2
福德,1
禦,8
禦寒,1
禪,26
禪院,1
禮拜日,9
禽,19
禾,43
秀,256
秒,445
秦,204
秦始皇,12
稍,165
稍微,19
稔,8
稜,6
種種,108
稽,32
稽考,3
積聚,5
穢,23
空中,24
空肚,2
穿,353
穿梭,10
穿越,20
穿過,32
突如其來,7
窗,240
窗口,16
窩,55
窮山惡水,1
窮追猛打,3
窺,37
窿,105
立場,84
立會,11
立法,167
站頭,5
章,422
童軍,6
竭,33
竭力,12
竹,111
竹棚,1
竹篙,5
竹篙灣,3
笏,15
笙,6
笠,57
笨,78
第一時間,24
筆名,10
筆直,3
等如,6
等陣,25
筋,54
筍,15
策略,50
箇中,24
箏,6
算係咁,37
算帳,7
算把啦,2
算數,48
管工,2
範圍,70
築,219
篤,122
簡化,11
簡直,132
簽發,1
簾,32
籌款,15
籌組,1
籠,64
籬,41
粉嶺,4
粉飾,5
粗心,4
粗粗哋,1
粗重,2
粗重嘢,1
精準,13
精舍,1
精華,14
糊塗,13
紀念,119
紀念碑,9
約見,5
紅葉,3
紅雨,16
紋,77
納稅,9
納稅人,9
紓,6
紓緩,5
純屬,12
紗,46
紛,99
紛紜,5
紛飛,4
索性,240
紫,86
細味,5
細心,62
細軟,1
終點,34
組合,47
結冰,5
結局,101
結束,114
絮,13
統計,81
絲,346
絲毫,22
綑,27
綑邊,6
經唔起,3
經商,4
經常,142
經理,79
經過,286
綠色,65
綢,3
綫,30
維修,32
維基,50
維護,31
綱,39
網站,38
網誌,43
網頁,31
綽,16
綽綽有餘,2
綿,31
緊張,124
緊急,53
緊接,13
緊記,6
緊逼,2
編號,12
緩,114
緩步,2
練習,80
縫,33
縮沙,5
縮短,7
縱,97
縱使,28
縱橫,13
總係,94
總好過,9
總站,11
總算,49
總結,31
績,148
繆,3
繞,97
繩,86
繪影繪聲,1
繼而,37
繽紛,6
纏,89
纖,30
缸,28
缺一不可,6
缺陷,11
罅,26
罐,72
置身,21
置身事外,7
罵,81
羅漢,3
羊,65
羌,7
美侖美奐,1
美其名,11
美觀,6
群衆,1
羹,29
翁,60
翔,13
翠,19
翻,328
翻山越嶺,4
翻新,3
翻查,15
翻滾,7
翻牆,3
翼,145
老人癡呆,2
老人院,14
老作,9
老嘢,7
老字號,3
老虎,47
考古,37
考牌,6
考驗,24
耐人尋味,7
耐力,7
耷,26
耽,18
耽誤,11
聖母,28
聚合,2
聚集,30
聯手,4
聯營,3
聯群結隊,5
聲情並茂,1
聲明,56
職場,78
聽日,160
肇,17
肌,47
肌肉,28
肘,13
肚,297
肚餓,53
肥,306
肺,119
肺炎,32
胃,81
背住,8
背囊,32
背道而馳,1
胞,45
胡,158
胡椒,17
胡椒噴霧,13
能見度,4
能量,45
脅,60
脈,109
脊,61
脫,266
脷,64
腔,50
腕,28
腳力,1
腳步,43
腳軟,5
腹,56
腿,121
膝,33
膠布,7
膠袋,19
臉書,13
臨場,8
臨尾,12
臨急臨忙,2
臨時,22
臨近,15
臨陣,6
自不然,11
自備,9
自動,134
自動請纓,2
自如,14
自強,16
自強不息,3
自律,9
自此,52
自決,22
自行,57
自負,9
自負盈虧,1
自費,3
至愛,8
臺,27
舂,68
與其,81
與會,2
與有榮焉,2
興奮,114
興建,12
舉世,3
舉步,1
舉步維艱,1
舉行,28
舊地重遊,3
舊年,16
舊時,120
舟,187
舢舨,1
航,56
航行,6
航道,3
般若,3
艦,18
良辰吉日,1
艱,66
艾,47
芋,4
芒,77
芝,67
芝麻,8
花園,69
花牌,1
花瓣,6
花瓶,9
花費,10
芳,53
苔,4
苗,39
苛求,3
茂,29
茅,45
茜,3
茶壺,2
茶壺嘴,1
荃,31
草叢,8
草率,2
草草了事,3
草藥,10
荒島,7
荒廢,8
荒涼,8
荒漠,3
荒野,4
荔,15
荔枝,15
荷,83
荼,7
莊,179
莽,5
華麗,11
菲,110
萍,5
萬劫不復,11
萬無一失,11
萬能,26
萬衆一心,1
落坑,3
落實,7
落山,57
落成,10
落斜,6
落樓,24
落水,83
落花,4
落車,88
落雨,30
葉,198
葡,73
葡萄,54
葫蘆,13
葵,23
蒐,3
蒐證,1
蒙,63
蒲,86
蓮,74
蓮花,13
蔓,17
蔭,30
蕉,58
蕩,78
薄,185
薈,4
藍天,12
藍天白雲,8
藝,613
藝術,383
藤,42
藥,249
蘇,114
虎,183
處長,7
虛擬,16
號碼,48
虧,43
虹,16
蛇,179
蛇王,8
蛋,350
蛋殼,2
蛛,21
蜂,24
蜂巢,4
蜆,4
蝕章,1
蝴蝶,13
蝶,24
螳螂,2
螺,84
蟬,25
蟹,33
蟻,30
蠄蟧,12
蠔,14
蠟,34
蠟燭,22
蠢,170
蠢蠢欲動,10
蠱,30
衆,5
行埋,54
行程,39
行街,41
行路,38
行車,15
行雷,6
行雷閃電,4
街渡,2
衛,189
衛星,8
衛生,65
衝動,38
衝浪,2
衡量,15
表示,193
衷,85
袁,37
袋,607
被逼,11
裁,73
裂,110
裕,58
裙,163
補上,6
補位,7
補償,19
補數,1
補給,4
補貼,6
裝,586
裝修,26
裝備,27
褪,19
褸,56
襯,123
襯托,7
襲,136
西南,12
西天,2
西灣,11
西貢,45
西部,16
要素,3
見仁見智,7
見好就收,8
規格,11
規條,6
規模,38
視若無睹,8
覽,73
觀景台,11
觀測,4
觀音,53
角仔,3
角力,11
解封,2
解救,10
解禁,3
解讀,43
言之鑿鑿,3
訊號,28
訓話,7
訟,6
設宴,1
設立,15
許,335
許可,27
評,520
評估,27
評論,100
詢,50
試驗,15
詬,8
詬病,7
話咁快,17
詳,150
詳細,48
誌,137
誘人,10
誘惑,17
誠實,25
誤會,88
説,2
説話,1
誰,177
調查,91
調校,4
調較,3
調配,4
請纓,3
論資排輩,2
諧,67
諧音,20
諸多,20
謀,113
講解,38
謝主隆恩,2
謝絕,3
謬誤,4
謹,57
謹慎,12
證實,21
證書,13
識人,20
識條鐵,11
警,808
警務,10
警告,85
警察,232
警方,118
警衛,6
警車,20
護土牆,1
護航,8
譽,75
譽為,9
變做,28
變化,145
讓,238
豈,68
豎,41
豎立,2
豚,12
豪宅,24
豪華,14
豬籠草,1
豺,1
豺狼,1
豺狼當道,1
貝,56
負累,1
負荷,9
貨櫃,8
貨櫃船,1
貨車,20
貨輪,1
貪,127
貴客,4
買家,5
費用,9
貼切,26
貿,55
貿然,11
資格,97
資歷,4
賈,10
賊,69
賊過興兵,2
賣港,4
賣甩,3
賣點,5
質數,2
質疑,67
賭,203
賭博,13
賴地硬,3
購物,13
賽事,15
賽場,1
贏,299
赤柱,135
赤鱲角,4
走人,67
走私,10
走訪,3
走開,27
走雞,8
走馬看花,3
起伏,30
起床,3
起機,9
起步,29
起程,4
起行,7
起錨,2
起點,27
趁墟,2
趁早,4
超出,13
越軌,4
越野,6
趕得切,11
趕緊,8
趟,9
趨,76
趨之若鶩,6
足球場,4
足跡,11
趴,7
跑,395
跟手,20
跟車,3
跣,32
跨,60
路段,5
路牌,9
路經,4
路線,84
路線圖,3
路途,6
路過,19
路面,25
跳板,1
踏足,6
踢拖,5
踢腳,1
踭,9
踱,6
踴躍,1
蹂,8
蹂躪,8
蹄,20
蹈,38
蹟,42
蹣跚,4
蹺,36
躁,28
躍躍欲試,5
躬,35
車票,4
車站,51
車龍,3
軌,63
軍,379
軍事,19
軍人,21
軟,233
較為,28
載,172
輋,4
輕便,4
輕視,17
輕輕,142
輪候,2
轆,8
轉向,14
轉角,3
轉角位,1
轉身,77
轉車,16
轉車站,7
轉述,4
轍,18
辛勞,4
辨,56
辯,153
辯稱,2
辰,15
迎刃而解,4
近在咫尺,1
近年,107
近排,29
迴旋,5
迴旋處,2
追龍,2
退縮,9
退讓,9
退錢,1
送你一程,6
逃,198
逃亡,5
逃犯,3
逃避,34
逆天,3
逆時針,4
逆風,4
透明度,3
逐個,43
逐步,13
途,331
途中,39
途經,7
通去,2
通報,3
通行,12
通行無阻,1
通車,11
通通,97
通電,7
通風,8
逛,11
速度,83
速戰速決,8
速速,16
速食,9
連接,27
連本帶利,2
週,63
週圍,3
週末,17
進入,144
進取,9
進度,35
進發,34
進而,7
進行,140
逸,28
逾,17
逾越,4
遊人,21
遊山玩水,9
遊船河,3
遊艇,3
遊蕩,6
遊行,80
遊覽,6
遊記,90
運動場,16
運氣,31
過人,56
過問,16
過後,83
過時,15
過橋,10
過海,21
過籠,1
過電,17
過頭,19
過鬼,7
過龍,6
道教,5
道行,16
道謝,6
違憲,1
遙,68
遙望,2
遙遠,6
遞,109
遠眺,4
遠見,15
適中,4
適可而止,7
適宜,23
適當,40
適逢,12
遭,92
遮,204
遮擋,2
遲到,133
遺,223
遺址,19
遺蹟,9
遺骸,2
避世,3
避開,53
避雨,2
避風塘,18
還有,83
還神,5
邊境,15
邊緣,31
邨,25
邨巴,1
邪,130
郊區,5
郊野,23
郊野公園,11
部落,9
部門,55
部隊,20
鄙,62
鄙視,22
鄧,44
鄭,107
配合,90
酒家,4
酬,40
醇,13
醉,220
醫學,30
采,46
里數,1
重修,9
重地,5
重建,26
重拾,24
重施故技,2
重現,12
重申,26
重置,4
重臨,3
重要性,15
重見天日,5
重蹈覆轍,3
重遊,6
重門深鎖,2
重開,9
野外,10
野餐,3
量地,4
金鐘,46
金魚,9
銅,97
銷,69
鋪路,4
鋰,1
鋰電池,1
錄用,7
錘,6
錦,38
錨,2
鍊,77
鍛鍊,12
鎖,182
鎖定,6
鏈,48
鏡,315
鐵定,1
鐵絲網,5
鐵路,19
鐵閘,12
鑣,15
鑲,10
鑿,40
長命,14
長城,19
長年,19
長年累月,3
長沙,8
長者,17
長進,8
長驅直入,1
門下,7
門禁,2
門路,5
門飛,2
閃,258
閃爍,14
閃電,24
閉門羹,1
開張,14
開手,17
開採,4
開明,5
開發,26
開車,45
開辦,5
開通,3
閑,11
間條,24
間隙,1
閘,96
閘口,6
閘門,2
閣,20
閻,16
閻王,6
闊佬,5
闊佬懶理,3
闊別,2
關乎,26
關帝,25
闢,13
防,278
阻,361
阻滯,4
阻礙,18
阿Q,3
阿Q精神,2
阿姐,42
阿蛇,33
陌生,63
降低,21
降溫,9
降落,14
除低,10
陰,322
陰影,32
陰謀,28
陰謀論,11
陰間,6
陵,19
陶,105
陷,144
陸路,3
陽,356
陽光,79
隆,78
隊伍,14
隊形,4
隔籬,37
隙,18
隧,57
隧道,47
隨即,28
隨波逐流,17
隨行,4
險過剃頭,2
隱約,24
雀,132
雀仔,21
雁,4
集中,84
集合,26
集結,4
雌,8
雌黃,2
雙人,6
雜草,6
雞翼,18
離岸,7
離島,7
離隊,4
難免,78
難得,143
難為,20
難道,31
雨勢,11
雪,268
雪山,3
雲,349
雷,172
雷公,8
雷暴,13
雷雨,2
電池,4
電纜,1
電訊,13
電話號碼,25
需要時,9
霄,11
霞,23
霧,127
露面,7
霸,280
靈機一觸,4
青山,43
青山公路,1
青馬大橋,2
靜靜雞,6
非正式,4
靠岸,3
面世,12
面前,244
面大,28
面有難色,7
面衫,2
面青,9
靴,14
靶,13
鞋,214
鞍,16
鞠,26
鞠躬,22
鞠躬盡瘁,2
音像,3
音譯,7
響起,93
頁,133
頂頭,5
頃,11
頃刻,7
項目,32
順住,18
順便,65
順手,32
順時針,3
順流,6
順理成章,15
順路,5
順風,20
須,241
預報,3
預早,9
預知,4
預算,7
預約,4
頒,22
頒獎,5
領隊,15
頤,1
頭大,27
頭尾,8
頭燈,4
頭痕,5
頭盔,45
頭耷耷,7
頭車,6
頭部,6
頭頂,12
頭風,2
頸,147
頸巾,16
顆,16
題字,2
顏,127
顏色,64
顛,45
顛倒,12
顛倒是非,3
類似,99
類同,15
顫抖,9
顯現,9
顯眼,9
顯著,15
風光,28
風力,11
風勢,4
風向,12
風和日麗,10
風尾,1
風帆,1
風平浪靜,15
風暴,25
風格,97
風浪,22
風球,17
風箏,5
風褸,11
風速,4
風采,5
風險,74
風雨,25
風騷,6
風高浪急,3
颱風,31
飄,106
飄流,1
飆,10
飆升,7
飛揚,3
食閉門羹,1
飯堂,27
飲大,2
飲大咗,2
飲料,6
飲杯,26
飲水機,1
飼,9
飽,126
飽肚,4
飾,230
餅,161
餵,81
餵飼,3
饋,10
首次,12
首選,13
香港仔,12
香港島,9
香燭,3
馨,39
馬不停蹄,1
馬拉,16
馬拉松,11
馬灣,6
馬鞍,14
馬頭,6
馬騮,7
馳,42
駅,5
駕,49
駕馭,7
騎,116
騎虎難下,2
騎術,2
騰,106
騷,63
騷擾,38
驀然,7
驀然回首,1
驗收,4
驗證,19
驚喜,63
驚天,22
驚心,7
驚死,13
驚險,6
驚魂,12
驚魂甫定,10
驟雨,5
骨灰,11
骨灰龕,5
骨骼,7
骸,26
髀,69
髀罅,2
體力,34
體積,2
體育,32
體育精神,3
高低,26
高原,1
高度,45
高手,53
高球,3
高級,72
高踭鞋,3
髹,3
髻,6
鬆人,4
鬆動,5
鬆啲,15
鬧市,12
鬼叫,18
鬼影都冇,1
魂,232
魔,464
魔鬼,31
魚塘,6
魚排,2
魚絲,1
魚骨,3
鯉,44
鯉魚,37
鯉魚門,9
鯨,19
鯨魚,9
鳥,197
鳳凰,37
鳳凰山,13
鴨脷洲,8
鵝,37
鵰,4
鶩,8
鶴,64
鷄,3
鷄手鴨腳,1
鷗,2
鷹,52
鹽,96
鹽田,37
鹿,39
麗,171
麥,177
黃昏,37
黃金,81
黑白,29
點到即止,4
點鐘,30
黯,6
黯然,5
黯然神傷,1
鼓吹,26
鼻,198
鼻涕,14
齊上齊落,2
齊人,13
齊腳,2
齊齊,37
齋,111
龍,556
龍友,3
龍尾,11
龍船,1
龍門,27
龜,72
龜背,6
𢃇,4
𢯎,2
一味,48
一無所有,7
不單,49
不歡而散,13
中外,113
中樂,13
九流,6
了得,7
交貨,6
人世,33
他日,42
作品,258
作曲,21
你死我活,2
來者,50
保證,49
俠,54
倪,39
偷渡,13
八字,16
制約,5
劇本,50
匠,38
匡,39
千禧,9
南下,17
印象中,23
即管,28
受歡迎,62
古今,14
古今中外,3
哼,168
唯獨,23
嘻,203
噱,6
噱頭,6
坐擁,4
埠,14
執笠,28
填詞,54
大市,15
天馬行空,5
孫悟空,6
安插,10
家傳,5
家傳戶曉,1
家底,8
寢,23
寫字,44
專人,8
對準,5
小說,253
常規,3
干擾,9
庸,124
廢寢忘餐,6
廣大,17
後世,28
後輩,8
從政,16
懶洋洋,12
成名,12
成就,80
才子,12
指手劃腳,5
挽,48
挽鞋,1
擦鞋,17
改朝換代,2
文人,37
文章,228
文采,4
料理,12
旁人,56
旋即,8
早已,169
曉,97
有聲,27
有聲有色,3
槍,227
機關,32
機關槍,5
武俠,20
武林,15
沽,15
泡沫,19
深究,12
混合,18
演藝,8
濫,57
濫竽充數,2
炸開,1
照樣,85
爆破,14
版稅,2
獨沽一味,1
環環相扣,3
甚麼,606
生成,16
生成器,2
生死,51
當代,13
白蘭地,2
盡善盡美,3
相提並論,10
真實,125
真心,107
真言,6
破口大罵,11
碰杯,2
禧,12
科學,161
科幻,12
稿,95
稿費,6
空前絕後,1
竽,3
笑而不語,4
筆跡,5
等號,3
粗口,154
經典,91
緝,8
罕,53
罕見,13
美談,3
老套,7
聲名,5
胸,216
自貶身價,2
臭,162
致富,4
荒誕,11
華山,1
蔡,41
虎頭蛇尾,3
虛名,6
蝦,109
蝦兵蟹將,1
衞,34
製片,2
西藏,6
見稱,5
言語,23
討論區,35
評判,8
論爭,2
謀取,3
賣埠,1
質問,31
走難,8
超人,22
足以,100
躲,15
辛辣,7
迴響,28
通緝,4
過分,13
醉心,5
醫肚,8
量度,19
鈔,24
銅臭,2
鐵人,2
長短,18
開大,26
風月,6
風行,13
風骨,6
餘數,5
香江,31
驕,15
驕人,1
驚人,46
麼,923
龍飛鳳舞,1
GDP,11
alt,29
lab,23
list,53
一旦,38
一環,24
上升,56
上文,24
下下,48
不事生產,7
不慎,8
不絕,39
不顧,29
世間,51
交易,130
享用,6
人類,329
介入,21
伸出,31
伸延,10
低下,19
何謂,18
促使,8
促進,18
倍增,3
倒果為因,3
假如,59
偏離,8
傅,282
儲備,4
全名,14
冇交易,1
出口,82
利息,8
利潤,15
前提,40
副作用,9
劈頭,12
動人,34
勞力,9
勞動,34
勞動力,7
勾,104
千變萬化,6
原動力,3
反映,121
古怪,54
可見,94
史上,55
同等,14
吵,26
哲,275
哲學,200
哲學家,15
商人,34
啜,20
啜核,5
善心,6
單靠,17
因而,32
圍繞,25
均,145
增進,7
多寡,10
大亂,12
大名,14
大名鼎鼎,4
大幅,16
大規模,14
天地,55
失利,3
媒介,14
存疑,3
學術,107
安穩,23
家政,18
富有,12
富翁,7
富裕,40
寡,41
實現,35
封建,17
專長,6
少有,46
展出,32
展開,30
屠,49
崩潰,44
嶄露頭角,6
差劣,4
市價,14
師傅,276
帳面,2
幾何級數,7
建制,100
引擎,19
引致,12
強行,40
徒勞無功,8
得分,18
必定,49
思維,48
性質,21
恩惠,5
息息相關,4
悲,266
悲觀,13
成果,50
成都,13
批評,143
抱負,5
拓,20
拓展,3
指出,100
捉,377
捉錯用神,6
掉轉,10
掛勾,12
推動,39
推翻,23
推行,21
換取,18
換句話說,110
擎,21
據說,11
擴張,15
擸,5
支配,22
收埋,60
收收埋埋,6
放生,10
教科書,22
敵,218
旦,71
早期,34
暴利,1
更甚,15
更甚者,7
會心,22
有幾何,3
本性,22
本質,48
核心,51
框,90
框架,21
業務,25
極度,119
概論,2
橫行,13
正能量,7
此外,9
步步為營,1
段落,11
毫不,80
決定性,8
沒收,5
源源不絕,9
漸進,6
潛在,14
潤,53
潰,59
無力,72
無意,165
物件,43
獲利,6
理據,32
生產力,46
生長,10
用神,11
由此可見,13
疑惑,32
發明,59
相交,13
相關,106
睇書,64
神髓,3
移除,9
窒,76
窒礙,5
管治,26
籌碼,13
級數,30
經已,19
經濟學,78
緩慢,13
縮減,7
總值,6
聚焦,11
肋,20
腸,117
自主,60
自愛,7
自然而然,17
自由市場,13
自發,25
與否,39
萬物,27
落敗,1
蘊藏,9
製造,101
訴諸,11
話說,229
詳述,3
說服,70
論述,37
論點,55
諗深一層,22
讀者,99
豐裕,5
財富,19
財產,25
買入,7
貿易,27
起屋,5
起首,6
越滾越大,3
輸入,28
近因,3
進一步,109
達致,7
釀酒,2
釋放,20
重視,60
金錢,54
銀紙,24
錢幣,5
錯配,7
鍵,123
開花,33
開花結果,14
關鍵,100
隨意,36
零和遊戲,2
霍,15
顧名思義,20
髓,16
鴻,32
鴻圖,2
麵包,28
鼎,34
一塊,90
不知所終,2
佔領,76
修道,31
修道院,30
倒塌,25
內戰,21
公元,66
出土,16
刊登,14
右翼,10
圍牆,9
圖像,13
圖案,37
地雷,7
大大小小,16
大小,57
射,339
山區,10
山窿,14
左翼,30
年輕,137
庭院,28
志願,8
戈,34
成立,52
戰爭,71
探測,4
搖,314
放射,1
放射性,1
整整,18
文物,20
旗幟,12
星期三,133
暴行,6
查案,5
橢,4
橢圓,4
活躍,14
消失,181
為首,14
無論如何,59
王國,80
玻璃,109
瓷,14
男性,36
皮帶,16
碎片,14
碳,13
確實,53
確認,55
禮服,1
箭頭,2
組織,181
結構,89
總計,3
織,204
耳,466
耳環,124
聚居,8
至今,68
藍本,6
藍色,61
身高,19
追殺,14
鄉鎮,7
金屬,42
鑑,29
鑑定,3
陶瓷,11
雕,111
難逃一劫,1
雷達,4
首都,63
馬德里,16
騎士,26
骨頭,14
一舉,68
不約而同,32
中小企,2
人手,43
企業,38
全國,39
出糧,21
加密,8
合同,7
咎,12
多此一舉,14
多邊,2
客戶,17
密集,20
峰會,1
工業,41
幕後,14
平均,86
彌補,16
德國,59
截至,3
打工仔,27
打折,8
挖角,1
挽留,8
推展,5
據報,2
日內,11
時刻,69
時裝,19
月底,10
歐羅,17
正經,69
歸咎,6
爽手,5
產業,38
申報,9
相應,19
福音,9
禮拜五,2
緊湊,4
罷,139
至話,16
落後,36
試行,4
財政,22
適用,84
遲緩,1
雙倍,4
點睇,44
menu,3
上菜,7
中餐,6
之但係,82
交戰,12
係噉,57
僑胞,1
入席,1
入廠,6
內心,77
刀叉,5
加熱,19
南美,13
名不經傳,5
咬,257
嗰下,18
好味,26
對聯,15
就係噉,7
屙,70
懷念,31
掙,98
掙扎,90
探險,6
斷腸草,1
時空,43
會試,13
有禮,18
枳,5
棟,78
橘,2
正餐,2
比利時,16
汁,69
淮,6
炸雞,23
烘,8
獵奇,5
生粉,12
發功,7
白飯,26
碗,293
神農氏,1
禾稈,1
秘,340
秘密,80
穿越時空,8
筷,40
筷子,32
肚屙,5
芹,7
芽,19
芽菜,2
菜式,6
薯,63
薯條,13
蠔油,1
西芹,3
講笑,102
豬肉乾,1
起初,16
蹺妙,2
近乎,58
遷,65
遷就,26
重返,5
開山,7
開業,1
難做,19
雪水,1
餐單,1
餐室,4
高檔,13
鬼婆,3
CLS,123
boy,14
lori,5
一千,84
一連,55
一連串,42
三角,33
三角形,10
上層,26
上帝,62
不贅,7
世俗,26
世界末日,49
中世紀,85
中譯,15
主教,43
之光,6
交叉,24
交叉點,6
人像,12
人客,7
人潮,7
人物,211
仗,104
付之一炬,2
伊,217
作者,192
信眾,7
修剪,3
修士,1
修建,6
修葺,2
傑,135
傑作,9
傳播,40
傳道,9
傳遞,18
儀式,46
充當,10
全年,14
全能,11
全靠,21
共通,37
冒起,4
出征,5
分為,25
割,112
劃分,6
劏豬,1
功能,69
加工,8
加泰,17
加緊,12
動植物,6
北角,8
匹,30
半圓,25
博士,46
取暖,11
受難,10
口密,3
古典,28
古籍,6
右邊,43
同工,27
名著,7
呈,59
呈現,40
商貿,3
噉樣,123
嚴肅,18
圓形,33
圖畫,10
在生,12
地下室,16
城鄉,3
基督,100
基督教,42
填滿,9
外出,9
外部,3
大大力,121
天花,67
女人,499
字樣,7
學院,67
宗,255
宗室,2
宗教,120
宰,22
容器,5
容納,7
密度,5
寒冬,1
尊崇,3
對稱,12
小麥,2
屠宰,2
岔開,16
崛,12
崛起,10
工匠,18
工藝,17
左邊,85
巨大,30
希臘,54
帝國,53
平淡,34
廂,124
引申,18
引起,87
彌撒,6
形象,95
往來,8
征戰,2
待續,78
後生仔,301
徒弟,32
微笑,102
必備,7
恐懼,78
恐懼症,9
情節,70
情色,5
惡報,2
所在,51
手勢,63
手腳,41
打仗,43
拉丁,24
拉丁文,10
拳頭,29
捐獻,3
掉落,9
採摘,3
接壤,3
接軌,10
描,153
描繪,21
提子,4
揮動,12
搖動,2
摘,30
撐,128
撒,51
擺設,8
支撐,30
收割,8
收成,9
教化,12
教座,17
敬拜,3
敬請,120
文本,31
文獻,17
文盲,12
文藝,75
文藝復興,53
斗篷,2
日更,117
春天,10
時節,4
晚期,4
景象,17
曆,113
最佳,73
最為,19
月曆,9
朝聖,22
末日,62
東方,26
棲,6
棲身,1
榮光,2
構圖,15
樓底,6
殉,26
殉道,15
毅然,6
民用,2
水性,6
法則,28
混雜,9
清真,59
清真寺,52
溫習,17
滋,56
滋長,4
滾筒,3
漸趨,4
濃厚,12
火種,1
火腿,8
炬,14
熱衷,23
營運,15
物質,30
牲,129
特例,6
犧牲,128
猷,3
獨立,148
王后,3
王子,21
現世,9
環繞,5
生仔,372
生硬,16
產物,21
留白,12
畫作,47
發芽,1
直譯,17
相傳,31
眼力,3
督,146
研習,2
神祇,6
祠堂,2
祭壇,19
稱為,68
穀物,2
穗,3
穹,7
突出,20
筒,81
管制,15
篷,9
粵文,132
精於,9
終結,23
統一,59
緊密,8
線條,7
縮影,9
縮水,6
繪畫,18
羅馬,96
美味,10
耶,97
耶教,6
耶穌,66
耶路撒冷,4
聖人,51
聖地,5
聖殿,4
聖經,22
肅,32
股,396
脫離,45
臂,101
臘,82
舊約,3
色調,3
茂盛,3
草木,4
葬,58
藏有,7
處於,52
蛛絲馬跡,11
裝飾,63
複合,5
西北,23
西歐,9
覆蓋,18
記載,24
設置,5
註,135
註明,10
說教,13
諺,13
諺語,4
識字,42
象徵,81
貼近,28
贅,12
走廊,59
起源,5
趨勢,24
足夠,150
路向,10
軸,47
輓,1
輪廓,26
輻射,7
辨認,13
農家,5
農曆,49
農業,19
農民,5
追po,115
追溯,11
透視,4
連串,42
連同,30
過冬,3
遠近,5
邊陲,6
鄉郊,5
配套,9
醃,6
醃製,2
鋸,13
鋸齒,1
鎅,3
鐮刀,2
長久,15
門徒,7
門楣,2
閒暇,7
闊度,2
阿拉,87
附屬,5
陵墓,1
階級,54
雅,133
雕像,12
雕塑,45
露台,17
靠近,11
面容,33
頭髮,173
題材,41
顏料,3
顧及,16
食用,7
香腸,2
馬匹,2
骷髏,8
骷髏頭,2
體現,18
高峰,11
鼎盛,3
齒,85
不可或缺,14
不近人情,6
並且,91
並重,7
主觀,39
之內,44
互聯網,19
何以,18
何解,22
做戲,17
傳達,9
傷心,54
儒,48
儒家,25
內化,6
內在,25
共識,60
具備,10
凌駕,6
分割,13
分拆,3
判官,8
前排,18
動情,8
原先,29
反之,16
反之亦然,3
口吻,11
古人,36
古時,15
吻,56
呼天搶地,20
品級,1
哭,138
哭泣,2
唔自在,2
喪禮,8
器具,6
嚎哭,7
在行,5
壹,9
外來,38
外在,11
多餘,45
大禮,2
大話,75
好意,241
如同,138
妥善,10
姿,114
姿勢,24
孔子,22
字眼,42
孰,10
孺,8
密切,15
實例,6
實踐,37
寵,65
寵物,43
展現,20
廣播,36
廣播劇,4
建基於,18
強弱,4
形象化,5
後果,65
悲傷,20
情分,3
愛人,33
慣性,21
戎,10
成行,7
戲劇,29
所屬,12
手舞足蹈,11
拿捏,11
挑動,4
捏,24
換句話講,9
摯,11
摯友,6
撮,28
敢問,14
敬畏,3
敬重,10
時日,14
曰,95
更迭,1
有別,10
本源,5
杖,41
極致,30
正當,112
法理,12
泛,183
泛泛之交,1
泣,52
準則,26
演講,31
漸漸,65
無可厚非,12
無從,36
無從得知,5
無情,33
無數,83
熟肉,1
特立獨行,1
牽涉,84
狄,4
狎,1
猶,172
生肉,6
生食,4
用語,34
畏,34
畢恭畢敬,1
發言,31
直覺,48
相似,51
相親,5
相距,7
眼神,192
眼神接觸,8
眾人,50
眾多,24
眾生,19
睇出,11
睹物思人,1
社交媒體,9
社稷,2
祀,15
禮節,3
稍為,57
種類,17
稱呼,41
端倪,3
節制,3
精妙,2
細緻,15
細膩,15
經由,16
繁多,6
繁文縟節,7
美好,107
翻譯,63
聯網,19
腥,31
自在,28
臭味,14
臭味相投,3
興起,37
著眼,17
處方,5
虛弱,8
蠻,32
行禮,11
衍,52
衍生,24
表情,178
見外,8
親愛,15
觀感,26
計時,8
試問,43
詮,14
詮釋,13
諗返轉頭,3
講究,40
變質,3
豐盛,3
資本主義,20
賢,80
賦,49
踐,56
辟,13
過於,48
道出,13
重重,57
野蠻,13
野蠻人,2
鎖鏈,6
陰暗,15
難怪,46
非禮,23
音量,2
顯出,13
顯然,12
鼓動,6
lag,9
一分為二,5
一如以往,10
今時今日,108
傳人,9
傳奇,29
充裕,4
名為,18
團隊,62
垂,61
垂直,4
城堡,35
城鎮,18
大人物,3
威爾斯,8
媲,13
媲美,13
安葬,4
家族,28
山勢,6
岩石,3
工具,95
平行,16
座落,13
形式,69
德文,7
心曠神怡,1
愛好,19
懸崖,10
戰地,1
擴展,16
旅居,2
旅店,1
旅費,5
日照,7
樞,4
樞紐,2
殘殺,6
民居,4
氣候,27
河道,2
清涼,3
火車站,17
牛工,3
王朝,32
現代,129
環顧,14
畏高,2
留宿,1
異同,3
登高,8
發源地,4
白色,163
瞭,23
瞭望,6
確保,73
絡繹不絕,1
舉辦,21
落馬,6
蜿蜒,6
街道,30
詩人,31
諾,82
諾貝爾,14
谷底,7
追隨,7
遜,21
遮蔭,2
邊沿,2
阿拉伯,75
陡峭,3
風景,64
鬥牛,12
上校,3
乖,113
乖乖,31
使到,6
儘量,10
全校,8
共勉,5
冷衫,7
凍冰冰,3
前線,41
反覆,29
在身,19
失控,26
失眠,18
好仔,13
孝順,18
小息,7
巴打,17
巴絲,5
年內,13
彌留,4
得着,12
承諾,46
抒,35
抱歉,17
探病,11
早會,31
曳,14
校巴,19
歷歷在目,8
溫柔,72
疫症,13
痛苦,125
癌,40
癌症,11
睇得出,105
罰企,4
規則,91
記錄,65
語氣,196
踏實,24
身體健康,14
近來,11
醫護,38
錫,166
陪伴,20
難過,42
頹,80
II,341
dom,57
一共,9
三五成羣,1
不得了,17
乘涼,3
伊斯蘭,47
伯爵,7
住客,15
佔地,7
佔據,19
修復,11
偉,301
內櫳,2
內陸,12
全城,15
全場,22
兼具,1
出品,17
出產,22
分明,50
勁過,17
北非,25
十字架,24
古雅,4
同上,51
名勝,4
吧,371
啡,197
啡色,22
啤,182
啤酒,65
固定,31
園藝,9
地底,15
地標,18
地面,35
坐正,2
堡壘,3
壘,19
夜景,12
大理石,15
天台,37
天窗,12
夾份,3
宏偉,8
宮室,4
寬敞,3
屹立,13
平方,9
平方米,1
年費,1
延綿,3
後期,23
想像力,12
成羣,2
戰國,23
戰國時代,9
排列,20
摩爾,15
擁有,86
收復,24
整齊,23
數以,22
方形,32
旅館,10
晏晝,29
景觀,6
本應,11
梳,98
樓層,13
橄欖,19
櫳,5
正好,21
正方,6
正方形,6
氈,9
氣息,25
水池,35
沿用,13
泊車,5
活化,6
浴室,14
涇渭分明,2
渭,2
滅,253
滅亡,19
炎熱,18
為皮,3
煲水,1
燈火,17
燈火通明,10
爵,31
獨自,12
畫像,6
皮革,1
盔甲,3
盧,91
直白,9
省會,2
睇夜,4
矩形,7
秘魯,1
穆,100
穆斯林,74
管道,1
簡樸,10
精讀,14
紅色,132
素人,6
網友,27
總督,6
羣,20
自治,39
自治區,19
色彩,32
花紋,21
菱,11
菱形,7
裝飾品,1
貴族,42
遍佈,2
過門,3
遺跡,1
酒吧,56
重鎮,4
零食,15
霸位,1
革,160
頰,18
風俗,3
風貌,13
飾品,1
馬蹄,14
魯,82
麪,4
麪包,3
齒頰留香,1
上繳,2
下屬,45
不甘,17
並無,92
中央,81
中飽私囊,2
主持,36
主持公道,1
傳說,55
公義,53
出力,14
出生地,6
剝光豬,3
割據,4
反轉豬肚,4
取笑,7
受傷,39
史料,6
同意,118
唔妥,22
基督徒,45
報復,19
央,90
奄奄一息,6
女婿,13
妝,77
娶,57
婚禮,51
婿,14
嫁妝,2
對照,14
岳,36
岳父,1
弒,6
心有不甘,4
忠,219
忠肝義膽,1
忠誠,21
手下,67
手背,12
拉丁美洲,2
指控,24
推斷,21
推波助瀾,2
描述,79
收取,4
政敵,1
散播,8
新女,4
暗殺,4
朝貢,1
村莊,7
林木,1
榮譽,28
檢獲,4
欣然,6
正氣,10
武士,17
比武,2
求婚,21
決鬥,8
法律,198
流亡,2
流放,7
清白,19
無從稽考,2
現存,22
瓜,124
瓜分,2
甘,197
生地,7
發誓,14
神明,12
科研,6
策劃,4
範疇,28
繼承,27
美洲,8
考據,13
肇事,11
肉麻,11
肢,52
肢體,14
自家,21
莫大,12
薛,23
虐,52
虐待,21
行內,8
裁判,10
觀念,41
解構,8
設有,4
誓,68
誣捏,1
請求,14
豬肚,7
赦,26
赦免,6
造就,15
部下,2
部屬,2
鋤,18
驍勇善戰,2
鬥法,2
438,11
489,7
七七八八,15
來源,56
俐,7
俐落,5
元音,10
兩小無猜,3
副歌,41
同屬,8
同期,11
吟詩,4
含蓄,21
國土,18
失去,174
字典,83
學士,28
定格,7
尾音,11
崇拜,25
工整,10
廣泛,28
悍,9
意象,30
愛情,151
押,84
押韻,34
掬,8
描寫,32
旋律,26
格式,32
歌謠,4
毋,75
毋須,31
民間,35
泉水,3
流傳,35
浪漫,87
海浪,7
清泉,6
清澈,8
潔淨,8
營造,14
物象,1
特定,23
猜,71
玫,26
玫瑰,26
用字,59
用詞,17
短小精悍,1
純潔,12
結尾,27
美食,20
聯想,55
花卉,6
葡文,4
葡萄牙,25
複數,8
詩歌,18
諷,79
諷刺,61
謠,27
讚頌,4
賞析,8
輔,122
輔音,9
重複,58
鐵板一塊,2
間隔,8
音節,24
韻,174
韻律,7
順序,8
頌,58
類別,14
馴,14
馴鹿,1
一概,17
不平,34
不止,31
世界上,81
事物,77
侮,31
內涵,20
分辨,15
原意,19
名家,13
味覺,4
單一,34
墨子,9
姑且,23
姑勿論,11
字詞,31
定出,19
對錯,16
弟子,6
悅,73
悅耳,3
指涉,8
搞亂,21
故此,14
正名,14
涵,38
無關,111
當住,9
矢,20
約定俗成,9
聽覺,2
肉食,7
荀子,19
著手,15
行唔通,7
誤解,18
buy,16
deal,10
idea,10
不善,9
不思進取,2
不行,26
停滯,6
停滯不前,5
全然,7
反思,46
合用,3
回報,56
大權,8
完善,12
官人,4
少可,9
師長,5
平等,54
律例,1
心力,17
感想,19
或多或少,19
朋輩,6
果真,109
權威,45
為準,10
現況,10
範本,2
細則,6
苟,34
視為,39
超譯,1
趨向,10
身為,60
逐一,30
遵,23
遵從,3
一方面,162
侍奉,1
偏重,5
共有,20
包涵,6
區分,27
另一方面,82
富貴,24
役,73
權勢,8
欲望,21
無窮,28
統治,38
貧,71
貧富,15
貧賤,3
賤,171
開刀,3
一日千里,5
上前,26
不致,12
丘,8
休止,7
倚,28
哉,36
學前,3
它,52
彼,103
懶懶閒,5
抬,169
抬高,15
標明,4
氣餒,20
江河,7
源頭,34
瀆,37
突顯,8
竇,184
終身,22
縣,41
腳甲,3
藉此,13
話齋,31
跛,15
跛腳,4
輟,4
辯論,35
遲啲,37
邇,2
開水,9
駿,13
駿馬,3
魁,13
鱉,4
AO,24
live,28
pea,54
下文,33
不公,27
不勞而獲,6
不詳,7
不足為奇,2
主僕,3
人心,117
伊斯蘭教,9
作廢,2
使然,8
侵犯,21
修女,7
傭,23
僕,27
僱傭,6
僱傭兵,2
光猛,4
全真,5
全長,4
共存,9
冠軍,23
出自,79
分化,5
分家,3
加鹽加醋,7
勇者,18
印象派,1
受納,1
受辱,2
口耳相傳,10
口述,7
史學,13
史實,8
史詩,16
名成利就,3
名譽,7
吹捧,6
唱好,7
啟示,13
四季,24
城牆,12
報夢,3
夙怨,1
大快人心,2
大相逕庭,1
大耳窿,5
天使,36
姻,86
字母,49
宣傳,67
宣戰,3
宮廷,8
家產,7
容許,38
寫實,10
將士,2
對立,15
峯,11
幾夠,2
廷,67
引述,9
強迫,15
後人,30
得力,5
復仇,19
忽略,43
情調,5
惡行,10
愛戴,2
戎裝,6
戰士,24
打機,116
打開,329
抄本,1
拼,135
拼湊,4
捍,20
捍衛,20
掀,28
掀起,7
撰,19
擁護,7
擊敗,27
收錄,75
改嫁,1
敘,17
敘述,9
教義,7
斷斷,22
斷斷續續,20
族羣,3
既有,19
會戰,14
有樣學樣,6
槍頭,3
次要,23
武功,30
毆,15
毆打,5
民心,19
沙漠,18
法學,13
法庭,37
洛,47
派街坊,3
無以為繼,3
熙,22
片段,35
特有,5
犯錯,38
狂熱,11
猶太,30
猶太人,21
獨有,32
王室,6
現身,23
生平,12
真主,4
真確,3
神聖,36
神蹟,3
稱號,11
笑到面黃,6
細膽,3
統稱,9
編寫,14
編者,3
考究,10
耳窿,10
聯姻,2
英雄,156
落花流水,2
著作,13
虛構,25
行文,38
裸露,10
誇大,6
論據,4
貸,9
超自然,5
逕,24
部族,6
醋,14
重用,4
開端,4
隱喻,13
雙語,17
雞毛鴨血,2
離譜,22
領土,24
頭馬,7
首府,13
騎馬,8
驚動,9
高峯,2
鴨血,2
into,19
一系列,17
下間,18
之所以,86
制服,32
創傷,9
勞作,1
包裝,42
匪夷所思,17
幼童,7
影帶,10
懶醒,7
抒情,12
拆開,18
放大,38
整理,69
文具,12
於是乎,12
模型,28
眼前,170
線上,7
繩結,3
背面,8
自願,21
講咩,270
講明,36
郎,187
錄影,23
錄影帶,10
錄影機,8
集齊,5
426,2
不等,16
中期,15
主軸,6
享樂,1
代表作,16
份子,40
仿,46
作動,4
使出,19
俗語,23
修正,13
偉大,130
停頓,8
傑出,3
入戲,10
典籍,8
再者,52
初心,7
功績,5
勇武,28
勸,132
勸導,2
十足,35
原型,4
原文,44
古書,6
句子,73
右面,4
同理,41
名詞,56
君主,12
君主制,1
周遊,11
啓,18
單憑,24
圓滿,12
堅定,40
壯大,15
媒婆,2
字頭,17
寓意,14
寓言,9
實則,8
實況,9
寫作,75
將領,4
導人,23
平民,31
必須,138
恪,4
恪守,4
情侶,45
情愛,6
情誼,5
慶祝,95
慾,71
戀愛,52
戰亂,8
戰功,4
戲謔,6
手稿,2
批判,25
承先啓後,11
抄寫,4
摘錄,3
支離,2
支離破碎,1
敘事,3
教士,28
教誨,6
方言,96
時間線,3
書寫,120
書評,1
有名有姓,1
架構,11
歌頌,17
殘缺,8
涉獵,12
淫,135
淫媒,11
混入,12
演繹,27
演變,24
無獨有偶,4
版本,44
瑰寶,3
用意,26
疾病,8
癡迷,1
知識份子,11
破碎,10
社會現象,4
社會秩序,3
祝,249
神職,7
神職人員,7
祭司,3
秩,58
秩序,58
章節,8
篇章,4
總括,13
老婦,35
自傳,5
與民同樂,1
艱苦,7
著名,19
表演,107
評價,38
詠,90
詩作,9
詩句,8
詩詞,15
誦,11
誨,10
誼,60
謔,6
謙,92
謙稱,1
譯文,5
讀音,40
讚揚,7
跳脫,3
輯錄,2
迷,312
追女仔,11
通俗,14
造成,49
鄉民,8
酒水,1
酬勞,5
隔閡,2
鞏固,28
響音,3
領地,5
高層,61
MV,20
不已,9
九牛一毛,2
亞馬遜河,2
人脈,16
休閒,1
估算,5
佔優,4
佳麗,5
供應商,10
停留,36
偶像,19
偷渡客,4
入倉,1
入境,21
內定,3
內政,6
內銀,3
公共衞生,2
公諸同好,2
分一杯羹,6
分庭抗禮,3
分支,11
分銷,3
利害,18
前文,7
化整為零,4
北歐,6
北邊,5
匪徒,1
即棄,9
即用即棄,2
原產地,5
反恐,5
取而代之,9
叫囂,11
可卡因,15
各自為政,3
名人,23
咒,62
咒罵,15
品行,2
哥倫比亞,10
唔聲唔聲,5
商店,7
噸,16
四通八達,3
國際學校,4
地中海,14
地產,36
地緣政治,1
地頭,12
地頭蟲,1
坐鎮,3
基建,7
報館,8
塞爾維亞,2
填補,7
墨西哥,16
外判,13
夠做,17
大手,9
大手筆,3
大批,9
大本營,8
大西洋,10
大門,45
失業,31
失業率,12
契機,7
子弟,11
存貨,3
學位,27
學額,2
宛,10
專才,6
專門,32
對岸,9
小隊,6
層壓式,1
巨頭,3
巴拿馬,4
市區,28
市容,4
幫派,9
年尾,14
式微,7
後宮,8
怡人,7
情報,24
慨,59
慨嘆,13
成人,62
截獲,1
手筆,13
打散,4
承接,7
技工,3
把持,5
拉上補下,1
捕,103
掩,145
掩護,7
揭,82
揭發,13
搗,19
搗破,2
搜,96
摩洛哥,5
攝位,2
收貨,11
散貨,5
散風,2
旅遊業,14
時分,11
暗湧,4
暴力,57
有增無減,4
有指,14
有組織,16
束手無策,3
東歐,9
果肉,1
柯,22
案件,26
樹脂,5
權衡,9
歌手,49
殘酷,26
毒害,2
毒梟,5
毒販,11
民眾,18
民警,8
沃,4
法人,11
法規,7
波蘭,2
洗黑錢,3
海員,1
海域,2
海岸線,7
海灘,28
海關,13
港口,14
潛艇,6
熟手,6
牛一,9
物品,53
物流,7
犯罪集團,13
瑞,25
瑞典,6
產地,5
癮君子,10
白粉,4
直布羅陀,7
直送,2
相比之下,13
真空,13
眾說紛紜,4
睇水,4
破獲,4
示威,102
私家車,5
科索沃,1
立陶宛,2
粉紅,27
糖,158
絕佳,3
經手,3
線路,2
緝毒,1
羣龍無首,2
聯合,29
聯合國,12
脂,35
脈絡,15
航海,3
船運,2
艘,8
荷蘭,19
菠蘿,12
落貨,5
葬禮,10
蒜,10
蒜頭,4
蟲,107
衞生,5
被捕,38
西洋,35
警衞,8
變通,4
財雄勢大,3
貧窮,13
貨物,7
貨運,1
販,63
販毒,28
販運,6
跨國,10
踢竇,1
軍火,1
轉口,3
轉口港,2
轉型,6
轉移,38
農村,5
途徑,24
造價,1
進駐,2
運毒,5
道友,7
避險,2
郊外,4
金字塔,6
開估,5
防止,15
陀,46
集團,39
集散,1
零碎,2
頑,21
頑強,8
頭痛,43
題目,56
駐,29
高調,2
高質,17
高達,15
鬥爭,16
鹼,4
黑市,9
黑幫,16
黑錢,4
一時之快,4
上貨,2
不滿,74
伯伯,32
削,28
口頭,21
同理心,21
嘲,47
嘲諷,9
回收,26
埋首,5
好冇,37
委,182
委屈,20
居然,161
建設性,5
彎腰,6
忍唔住,297
揾,52
散工,1
時勢,24
温,14
温柔,1
源頭減廢,4
無仇無怨,2
無端白事,1
焫,3
燥底,10
狹路相逢,1
瘦,111
瘦削,2
白事,6
相讓,3
相逢,11
祝福,42
空虛,25
細聲,109
罐頭,15
聲線,112
背影,26
自細,30
舖頭,23
芯,4
莫名,87
莫名其妙,53
行貨,2
街上,56
西客,1
視察,13
親切,28
踐踏,8
身形,36
身後,40
開火,8
難受,22
非常時期,2
飲品,17
默契,18
一部分,64
代理,7
供求,12
俱樂部,11
偷竊,5
價格,39
兒童,74
入會,4
冊,64
劑,46
勃,31
博覽,5
博覽會,1
取締,2
受賄,1
吸食,6
唔少得,5
報告,106
場所,22
外快,3
定必,18
射燈,7
尋常,29
巡查,2
巴塞,11
市政,13
年初,33
搶劫,2
操作,37
智能,53
會員,24
查證,14
榜首,5
權限,3
法院,28
滲透,9
灑水,3
煙囪,4
燈光,42
牟,12
牟利,6
當街,7
發信,2
盛夏,2
矽,5
移動,40
種子,8
種植,18
竊,56
締,5
總數,8
聯誼,8
肥料,6
興盛,1
蓬,22
蓬勃,9
藥物,18
裁決,5
裝置,30
規管,6
規避,1
註冊,15
調節,14
貪污,6
買賣,20
賄,9
賺取,2
贓,6
贓款,1
連續,40
違規,4
遙控,15
銷售,15
長達,6
附例,4
陷入,58
隨後,7
電工,2
震央,1
非法,22
馬賽,3
馬賽克,3
高等,20
高等法院,5
高踞,4
七孔流血,1
上座,5
不得已,19
不治,3
之故,6
乳,64
云,90
何況,85
余,60
作祟,2
侍衛,3
侍衞,14
供品,1
供奉,19
倘,8
借宿,5
傳開,7
僕人,4
僮,3
允,16
元旦,3
免疫,16
兔仔,3
入城,8
入夜,11
八股,4
冇心,16
冇癮,3
再生,11
冤,55
冥,19
凶,20
出巡,4
初一,47
前年,7
前言,17
勾佬,4
半夜,26
半日,34
半空,15
半途,4
博取,5
危急,21
原諒,77
厲,60
友人,63
反口,3
古代,54
古文,15
叫人,111
吏,13
吐,136
吾,110
呼救,1
咩話,30
哺,5
唔及,19
喐,1
喚,44
喝止,6
回家,35
在場,29
執事,2
報答,15
墜,30
壅,2
夏至,5
外邊,8
大叫,198
大呼,20
大大聲,19
大年初一,2
大餐,17
夭,21
夭心夭肺,3
夭折,5
奶水,1
好傾,11
妖,98
妖怪,7
姓名,11
姦,64
嬰,27
嬰兒,15
安寧,9
官吏,3
官員,44
官府,4
實牙實齒,3
小兒,11
尚有,7
履,37
嵐,1
年初一,14
庚,3
廣州,50
廬,7
弗,18
強姦,27
彈劾,2
後嚟,26
從前,18
御,22
徵收,4
忍心,15
忠厚,2
念在,3
急屎,4
患,86
愕,31
懇,47
應承,78
戊,6
戌,7
成見,7
手上,97
手手腳腳,18
打齋,1
扶乩,3
抹,193
掙脫,5
掟,127
擔挑,2
攘,15
收嘢,1
攻,267
故人,19
斥,99
日光,11
日光日白,7
日用,6
明年,4
明日,15
昨,33
書生,26
有事,101
有司,8
有命,12
有型,4
木主,2
本嚟,3
札,7
杭,8
杭州,7
枚,37
染病,11
檀,1
次日,5
死屍,3
殮,3
殯,7
汝,14
江南,9
沈,62
法事,6
滑稽,17
潛逃,2
澀,38
澤,83
無故,14
煙霧,19
燭光,10
燭台,4
爭住,18
獠牙,2
現年,1
生父,7
由得,86
番禺,2
當作,12
當晚,30
當紮,1
當面,8
病危,1
病情,10
痛楚,22
瘟,14
瘟疫,6
發落,3
白日,9
皇上,11
皇帝,52
直程,1
看住,3
看護,1
睇唔開,13
睜,32
知縣,3
砒霜,8
祈求,13
祖先,30
祖宗,8
神主牌,4
祟,5
空檔,1
竄,16
竅,39
端午,24
端午節,18
端正,2
笑聲,71
筆記,62
答應,38
粥,101
紙包,10
紮實,4
細胞,26
結識,11
絹,3
總管,3
老翁,3
聲音,331
臥,9
自以為,36
自縊,1
與共,5
舌,65
茅廁,1
萌,25
萌生,2
衙,12
衙門,3
衣冠,7
衣冠楚楚,1
裹,11
誦經,1
論及,2
諫,10
起意,1
趙,67
跟大隊,7
跪求,4
蹲,2
身子,2
輪姦,5
追究,31
送殯,3
通透,6
遂,14
運路,3
過身,25
銘,39
錯愕,12
鑰,4
閂,107
閱,96
阿伯,55
除夕,8
霜,31
青天,12
韋,34
頓時,9
飄渺,17
饒,11
香火,4
香煙,20
馱,5
駭,16
騰空,3
驚醒,20
鬧鬼,3
鬼故,8
鬼頭,7
點燈,4
點著,8
tune,3
不明,72
假裝,2
同門,5
和應,3
地步,67
深層,19
總和,4
近似,11
門生,5
飾演,39
一條龍,6
一步步,17
不景,4
不見天日,2
中介,7
中型,4
互通,4
人口販賣,7
人煙,3
仇殺,2
住宅,13
住處,6
保費,1
倉庫,5
假手於人,6
偽,131
偽造,5
價廉物美,2
全天候,7
全民,27
公頃,2
共用,6
冚檔,2
出貨,1
刑,79
刑罰,5
初期,14
初犯,1
判刑,4
判頭,4
勤奮,4
包辦,3
協定,8
周街,19
和諧,29
咖啡,154
唐人,5
唐人街,2
回本,8
國防,1
團結,35
培植,3
外洩,6
外資,9
大台,19
天候,7
娃,20
娃娃,5
存在感,8
家法,3
家用,43
寄養,1
專心,49
專注,24
工序,8
左傾,5
帶頭,7
平方公里,6
平起平坐,6
影子,15
後數,4
徹,139
恐怖主義,1
感應,18
憑空,10
成行成市,4
房間,24
所得,33
手持,13
承保,1
抗辯,1
拉線,1
拘,45
拘捕,18
拱手,3
持械,2
掃蕩,3
採取,33
提交,3
揭曉,4
搜索,22
搜集,18
搶佔,2
支付,43
救出,4
日漸,6
晾,21
有線,6
械,46
檢控,6
武裝,11
氣味,15
渣都冇,2
渺無人煙,1
烘乾,2
無害,5
無盡,20
無窮無盡,8
無處不在,4
無間,11
熱力,16
爭地盤,1
物色,2
狡辯,9
生效,24
生產線,1
申根,1
發佈,7
社運,33
禁絕,4
禁錮,5
福建,20
移植,4
空置,1
精心,25
紙皮,10
綜,44
綜合,10
線報,3
緩刑,1
繳付,1
肥水,3
自己友,10
自用,6
處世,6
蛇頭,2
行家,24
行情,4
西人,3
設備,10
說明書,10
販賣,10
貫徹,19
資本家,5
賠,62
賠償,9
赫,25
起疑,5
蹤跡,3
軟性,4
轄,7
轄下,2
辭去,3
週期,8
運作,67
運送,10
還債,4
配種,2
醫藥,4
錯失,11
鐵證,4
長週,2
間斷,11
關子,6
關聯,9
階段,76
隔熱,1
集資,3
雷厲風行,5
電線,11
革新,12
頭目,7
風潮,6
黑社會,40
仆街,583
供電,4
保暖,4
保齡,3
保齡球,3
保齡球場,2
假期,35
儲起,8
充公,5
化學,39
唔過,77
啃,18
土炮,1
坦克,3
夜總會,19
寶寶,6
屎坑,8
屙屎,20
巷,50
強國,107
復活,67
復活節,15
忍受,13
快餐,25
快餐店,7
打地鋪,3
捲,80
新曆,7
普通話,364
機舖,2
油炸鬼,3
渡過,21
營業,7
牡丹,43
牡丹樓,1
白粥,2
省城,3
砸,18
砸界,1
祖屋,2
神奇,58
糕,108
紅白,9
紅白機,3
網吧,4
翻版,15
肚痛,11
腦海,87
舊曆,3
落單,16
蕩失路,2
蛋撻,3
表哥,33
表姐,10
踎,15
踎廁,1
迂,15
迂迴,12
通話,371
遊戲機,8
過癮,52
間房,136
閩,18
閩南話,7
難食,37
霸王,12
餘生,7
魔法,58
伊波拉,3
危害,4
往生,3
性命,24
截斷,1
抽離,10
拉爆,1
攻擊,93
斷絕,4
替代,12
杜,114
杜絕,4
死者,23
死都,84
火化,5
生命,273
監生,2
科學家,28
秤,22
至親,7
袖,85
親手,16
計算,77
身心,27
迷茫,8
逝,54
逝去,7
防範,8
領袖,27
馴服,4
yes,25
一生,149
上位,42
下葬,5
不下,27
不時,46
事蹟,7
人文,53
以色列,12
仿效,4
作畫,7
信服,3
傻,344
傾斜,4
僧侶,3
先至得,2
全新,9
全稱,3
出身,57
別樹一格,7
功用,10
勃勃,4
動工,5
北上,19
叫法,7
合資,6
合體,8
名留青史,6
啱心水,5
嗰頭,12
國力,8
圖形,3
在位,3
執着,9
塚,7
壽終正寢,3
外牆,25
大樓,15
天主教,21
夫人,21
夫婦,14
女王,3
始於,9
宣告,13
宮殿,15
對落,6
尺寸,12
居功,4
屏,29
屏風,8
屬意,1
山林,8
崇高,11
巴西,33
師承,3
平整,6
年事已高,4
建築師,10
意向,11
手柄,4
扑槌,1
打天下,4
挑選,11
挪,17
接手,20
搶眼,9
據聞,59
擺放,8
教廷,5
文化遺產,14
施洗,3
未知之數,2
東征西討,1
柄,29
柯打,4
格局,19
棺木,1
構思,14
槌,8
樸實,5
橫向,9
正室,4
正門,6
水源,12
波波,4
無他,9
父親,27
牆壁,11
獨裁,13
王儲,3
由上而下,7
界線,23
留學,25
當今,14
病榻,4
登基,1
直通,6
相連,16
睡房,15
竣,3
竣工,3
簡潔,8
約略,8
納入,7
細小,19
終歸,12
絕非,22
纏身,8
翰,9
老竇,161
聖賢,4
聳,51
肉身,16
腌,4
腌尖,1
腐化,8
至得,16
致意,6
花名,9
莊嚴,11
莊園,1
蔓延,8
藏品,5
藝術品,39
虔,15
虔誠,13
蜂擁而至,2
衣冠塚,1
表露無遺,9
西面,12
親自,28
貴為,8
起樓,16
起草,4
跟隨,15
近郊,3
追封,1
通用,34
通稱,3
連埋,34
過目,5
遷移,2
遺產,22
酋,18
醜,145
醜聞,12
野心,15
錯過,43
鎖匙,40
開創,18
阿聯酋,3
階梯,9
雄心,2
雄心勃勃,1
雕刻,13
靈位,2
面向,26
革命,71
駕崩,1
上週,1
中伏,29
交低,1
亦師亦友,1
企望,2
偏遠,7
八鄉,4
冷知識,4
利申,60
剔,25
劏開,1
台山,4
呢頭,21
嚕,30
圍頭人,1
圍頭話,5
地磚,4
大嚿,1
大水,5
天生,32
女子,25
如意,18
客家話,17
室友,11
尋晚,46
帆布,3
床褥,4
廚房,81
惠州,10
户,4
拱起,3
挑剔,14
搬走,14
搬運,3
撈麵,1
擺位,4
攤屍,1
書櫃,4
村屋,6
正嘢,5
歸位,2
江西,3
燒賣,12
爐灶,3
獨居,7
砰,23
磚,47
祖籍,2
茶粿,1
蒸,44
薯片,14
蘿蔔,21
蘿蔔糕,5
製法,2
褥,4
見使,2
訂購,2
調味,8
贈,38
足料,1
身處,65
近日,26
醬,38
醬料,4
錦田,5
長輩,21
開放式,7
雅致,1
靚仔,130
頹喪,8
食好西,2
飯枱,2
餐枱,4
黐線,20
Mac,20
Mini,3
OS,35
apps,3
jot,1
mini,20
pad,13
tab,54
不失,31
不過不失,7
並列,11
並排,4
主機,11
儲存,8
兼容,6
前前後後,5
剪片,1
原裝,10
受用,7
啱用,11
好手,8
完勝,3
容量,6
強差人意,3
得心應手,5
性能,13
愛不釋手,2
手感,4
投身,15
縮細,6
缺點,40
舒暢,6
試用,28
認知,56
語音,56
語音輸入,2
起手,23
軟件,67
震驚,39
非常之,42
食電,2
jar,5
下層,10
不必,34
中庭,3
中線,8
交替,9
代名詞,5
使命,9
供水,4
內鬥,4
全景,3
八角,5
八角形,2
具有,21
冇份,5
出於,48
出水,6
分裂,36
分隔,20
切割,8
到訪,5
前期,8
前衛,4
劇場,19
動態,12
各異,3
合成,10
吋,27
吐出,30
咭,63
噴泉,24
地板,7
外觀,7
大使,4
大廳,12
天花板,27
失色,29
妃,2
子宮,6
定位,36
寢室,3
實用,28
實而不華,1
專用,22
居室,2
山莊,2
常用,62
平坦,9
平面圖,8
度假,11
度假村,3
引入,24
從屬,6
復古,7
念念不忘,14
恩物,3
手工,11
打咭,3
抄襲,13
抬頭,51
掗,3
接見,12
撼,42
擺脫,35
方塊,9
方格,11
明渠,2
書法,17
書籍,10
有機可乘,2
末年,3
朵,51
果園,4
柏,77
柏樹,4
桑拿,4
梅花,9
梅花間竹,4
梯級,8
極具,3
樸素,7
橫跨,9
正中,25
正中間,8
毋庸置疑,6
沒落,10
泉源,3
泥磚,1
渦,10
漆,62
漬,2
煌,11
照辦煮碗,3
牧,51
牧場,2
獨特,61
瓷磚,1
登峯造極,2
皇宮,8
盆,19
矮得得,2
矯,12
矯飾,6
石膏,1
窗框,5
立體,28
立體感,4
笪,4
節奏感,2
節慶,5
約莫,5
結合,24
經文,6
美學,12
美麗,46
聲望,4
膏,28
臣,77
花式,3
蘇丹,3
被殺,13
複製,20
西式,8
規律,44
觀賞,13
訝,89
訝異,9
講下,164
賜,28
赴,27
起嚟,55
起居,10
輝煌,10
通往,12
避暑,3
酋長,15
配圖,8
銘文,2
鍍,3
鍍金,1
鏽,10
長方形,15
門面,6
開口,136
防衛,10
雕花,2
震撼,29
露天,10
青出於藍,2
面積,11
顛覆,15
體感,10
高官,58
鴉,22
黃色,56
OL,98
SP,17
一廂情願,19
中年,126
中間人,22
乜乜乜,31
事半功倍,2
佛系,4
保健,2
保險公司,2
個案,28
倚賴,5
做醜人,2
傳染,26
傳染病,7
傳訊,5
免疫力,1
入貨,13
入院,24
公信力,11
公共衛生,4
公營,6
冇料,4
冇料到,3
出示,4
利弊,2
前邊,6
勒索,3
勝出,11
協調,15
南非,3
受害,34
受害者,17
同住,12
告一段落,7
呼籲,20
唔制,10
啞,78
嚴厲,9
因禍得福,2
國學,14
執政,8
塵埃,11
塵埃落定,3
壽命,9
大哥,41
大晒,17
天時地利,4
奧地利,2
好地地,34
威迫,3
威迫利誘,2
嬸,47
學童,2
守規矩,5
定論,7
察覺,39
封城,5
小兒麻痹,2
少年人,2
年輕人,58
幼兒,22
幼兒園,2
弔詭,2
快速,56
思路,17
情願,42
意識形態,5
感染,43
慘況,3
慘烈,17
憲法,10
應對,19
成全,17
戰場,24
戰況,5
打埋,23
打針,11
拉鋸,3
捅,11
授權,17
授課,5
掉以輕心,1
接種,9
推出,47
推搪,4
揩,6
搪,7
政客,11
政權,45
效用,13
數目,50
時段,17
月大,10
有得揮,4
朝三暮四,1
朝令夕改,1
核准,1
案例,7
概況,1
模範,13
機率,20
歐盟,10
歸功,6
死得人多,5
殘疾,8
比率,15
民望,21
永續,8
求仁得仁,6
派對,20
深切,7
瀕,13
瀕臨,5
無畏無懼,3
煞,45
牙醫,2
牛津,17
玩殘,6
現代化,6
現任,11
生嘢,1
痹,2
百分比,5
盟,62
相隔,20
看守,10
睇數,10
確立,18
社會學,2
私營,1
私隱,30
竿,7
綁手綁腳,1
線人,6
總理,8
老化,12
老大,12
聞名,13
聯邦,3
自欺欺人,8
自求多福,2
致病,1
若干,41
落定,4
落日,2
蓋棺,2
蓋棺定論,1
親身,26
詭,42
話口未完,5
話雖如此,9
認證,11
課堂,7
講堂,1
變種,9
走勢,9
軚,7
輪迴,39
輿論,27
轉而,7
轉軚,3
近期,16
連接詞,1
進程,4
過往,73
邁,51
邁向,6
邦,53
醜人,2
重回正軌,3
重症,3
錄得,8
關連,12
防疫,22
防線,16
阻止,147
阿嬸,24
電子,41
飛沫,6
飲飲食食,6
飽和,4
首屈一指,3
首相,5
騎呢,27
體制,18
體系,21
高下,13
高下立見,1
麻痹,2
龜縮,5
主語,11
事理,8
交代,65
免得,19
入手,20
動詞,84
口語,126
呱,13
呱呱,5
呱呱嘈,4
回答,186
富豪,10
書面,105
書面語,66
相通,11
補語,8
語句,24
語法,118
謂語,14
身水身汗,11
hold,16
人力,18
出戰,2
前設,16
勾心鬥角,5
名義,18
多於,40
失衡,7
奠,12
奠基,2
弱肉強食,4
得失,18
承繼,2
抵抗,21
持久,10
指明,7
損壞,1
旨,112
旨在,10
武力,18
民事,2
無限,129
百科全書,5
節省,5
綁死,2
荼毒,4
謀殺,14
頂多,21
鬥志,7
龐,34
龐大,15
一手,131
乾旱,7
倒瀉,5
傾瀉,6
另加,4
在下,26
好去處,4
山脈,7
撞擊,7
旱,8
果汁,11
沉澱,6
沉澱物,1
液,75
液體,16
渾,27
渾濁,1
潮濕,9
澱,9
濁,16
瀉,29
特產,2
甜,205
產量,2
發酵,7
蘋果汁,5
訓練有素,1
超級市場,19
酵,7
fd,6
ml,33
㧬,2
一致,58
三文治,12
不分,17
丟,70
乘機,43
乳豬,33
份量,14
俱全,9
偷偷,47
八爪魚,6
公認,17
凝,65
凝固,4
刀仔,3
分分鐘,97
切絲,1
切開,7
刮,37
反蛋,1
口感,5
唾手可得,1
因爲,43
基本盤,4
墊,27
大兜,2
大廚,2
奀,14
奄列,9
好翻,3
孤寒,10
孤寒刮,1
家常,22
實淨,4
小事,59
小食,39
平底鑊,5
年中,33
心大心細,3
心狠手辣,2
成品,9
扁撻撻,1
打斜,2
打橫,13
打蛋,3
拮,16
撈起,4
支持者,30
整色整水,5
有味,19
材料,52
杰,20
柳,26
橫切面,1
毫米,17
沙律,6
法包,2
泡泡,5
洋蔥,24
流出,32
溫度,34
滋味,21
漿,43
澱粉,3
濃郁,4
瀡,7
炸物,1
煙肉,1
煞有介事,15
熄,99
熟蛋,1
爪,41
片開,2
狠,162
猶疑,11
現成,6
番茄,5
砂煲,3
砂煲罌罉,1
簡介,19
糾,45
糾正,12
細粒,23
罌,2
老友,46
老老實實,81
耐心,7
芝士,37
花款,7
茄,39
茄醬,4
茶匙,4
荷包,15
荷包蛋,6
落鑊,5
蔥,33
薯仔,26
蛋漿,11
蛋白,2
蛋黃,10
蟹柳,1
論盡,6
變形,11
貪圖,4
貼地,20
質感,13
起泡,6
躉,16
連貫,10
連隨,3
配搭,31
酒席,5
釋出,8
金黃,14
鏟,12
鐵膽,3
鑊鏟,3
隨得,2
難題,19
青椒,1
順滑,3
食譜,11
餡,7
餡料,1
香味,25
香料,1
香甜,1
馬上,17
驟眼,10
icon,10
上彈,3
併,24
加快,16
合併,7
士兵,7
大體,23
女童,1
實測,6
寺廟,1
座地,2
強力,9
拆樓,3
招降,3
播種,3
是咪,14
朝代,6
步兵,3
督工,1
硬淨,7
英格蘭,36
蒙古,6
藏書,2
裝甲,3
軍營,4
遠程,1
金礦,5
防禦,4
駝,19
駱,15
駱駝,11
騎兵,7
黑暗,96
下巴,20
似曾相識,16
使乜,25
俑,10
公爵,5
印記,4
品種,11
囑,10
外甥,3
外皮,5
始作俑者,10
婚姻,78
巴黎,23
招牌,48
旅遊景點,3
明文規定,5
更改,12
未嘗,13
檢測,5
正宗,22
母乳,1
涵蓋,4
無人之境,6
珍藏,15
甥,5
白淨,5
皇家,18
矗立,2
祥,44
緩衝,8
繼位,2
肉質,5
英年早逝,3
茹,5
貴婦,1
走漏眼,3
農場,21
遺囑,2
阿嫲,20
阿爺,26
鞋抽,1
餵哺,1
體重,7
高地,21
一體,29
三位一體,9
上半,19
不一而足,6
創意,36
勻稱,6
十架,4
即將,59
叛,42
叛逆,3
告知,5
周遊列國,6
嘲笑,22
孕,36
岡,17
心口,60
慣用,22
懷孕,7
懷抱,9
教主,4
梵,7
梵蒂岡,5
無誤,10
百夫長,1
神祕,2
空曠,9
立方,3
立方體,1
簡約,8
美感,12
草稿,5
裸體,6
超越,40
近代,15
釘,91
長矛,4
人均,6
創立,6
史稱,4
商標,2
國教,18
地勢,10
好猛,4
手信,7
打燈,3
教徒,17
植入,10
正本,4
照明,3
甜品,21
砂糖,6
科文,4
號稱,5
進展,12
離遠,14
音樂會,8
餅店,1
不乏,20
乞衣,13
交纏,5
側面,15
前奏,6
受苦,7
同居,9
同年,28
吞,152
吞槍,1
喜悅,13
外形,11
多愁善感,2
太婆,3
女孩,86
尋花問柳,4
工作室,5
年畫,1
幸福,151
形體,3
性無能,10
性病,3
悔,199
悔恨,5
悲慘,18
憂鬱,10
打擊,58
拘謹,3
捲曲,1
染上,8
柔和,16
柔軟,13
模特兒,13
橙,120
母子,15
母愛,5
油畫,3
淡泊,4
淡薄,4
深愛,15
演員,58
激情,23
無能,42
煙斗,5
物體,24
男孩,32
畫風,4
白皙,2
硬筆,5
空洞,38
童貞,2
籠罩,8
紙醉金迷,3
素描,5
翌,16
翌年,4
老太婆,3
肌膚,7
肖,16
肖像,11
自殺,140
色慾,2
花籃,2
苦楚,3
藝人,36
融會貫通,7
豔,31
貞,23
貫通,9
賣藝,4
身亡,11
迷失,21
過渡期,2
陰霾,9
靈感,18
馬戲,4
馬戲團,2
驚恐,10
高價,11
鬱,86
鮮豔,2
黑色,179
の,30
一再,22
一絲,109
一言不發,6
上門,22
不利,28
不單止,11
不幸,58
不爭,6
不盡,21
不禁,43
不計其數,11
主任,71
亮,120
人命,35
人魚,3
今後,2
任人魚肉,1
任務,102
任憑,6
仿製,1
佐,43
使得,2
來信,15
來生,9
保重,12
信紙,8
倖,23
偏偏,135
傳世,8
傳出,31
傳神,13
傷者,7
僅此而已,8
僥倖,10
入神,10
內文,9
兵力,4
兵器,8
冷淡,25
冷艷,1
冷靜,141
凋,7
凜,23
凝視,16
制空權,2
剛剛,25
剩返,22
劣勢,6
勇士,9
勇氣,86
化身,21
匠心獨運,4
千古,15
升天,1
參軍,2
反問,23
召,61
名列前茅,4
咽,22
哽咽,11
唔捨得,40
啼,22
喃,70
喃喃自語,21
喪失,13
喪膽,1
單方面,10
嘴角,28
四國,1
國歌,14
國產,7
圍欄,10
在乎,52
壓抑,23
大勢,14
大勢所趨,4
大字,17
大義凜然,6
天皇,5
天際,6
太平洋,6
失神,3
失笑,4
失落,42
奉獻,12
奪眶而出,5
姨姨,7
姿態,49
婦孺,5
嫂,95
子孫,15
宏觀,12
定局,7
宣言,16
宣讀,3
家書,8
對望,13
屈辱,5
工廠,23
已成定局,2
廢墟,5
廣島,4
弄,71
彷,70
彷彿,50
後悔,133
徵召,4
心愛,5
心願,16
必需,16
必需品,6
忖,4
恙,7
恩情,5
感到,153
感激不盡,2
憤,97
懸殊,12
懾,3
成敗,4
或許,27
戰敗,10
戰機,16
戰鬥機,3
手臂,47
打敗,10
技師,6
抑,124
投射,14
投靠,7
抗衡,10
抱怨,17
抽象,19
拉扯,10
指向,19
損耗,6
撫,41
擊落,2
收藏,12
收音,23
收音機,22
敵人,55
敵我,3
敵軍,4
斬頭,1
斯巴達,4
新型,11
日以繼夜,5
日復一日,5
旭,5
旭日,4
時局,12
時運,6
朕,15
朝夕,6
本願,1
架次,1
樣貌,27
機師,6
機翼,2
櫻,37
櫻花,16
次貨,2
欺壓,8
歐美,15
正在,22
死期,6
殆盡,6
殺入,5
殺死,50
水準,20
江河日下,2
決戰,6
汽油,3
沉寂,5
注定,23
淚水,21
深不見底,3
深深,89
滴,138
滿面,27
漫不經心,5
激憤,1
火海,8
火爐,7
炮火,3
炮轟,3
炸彈,85
炸機,1
烈焰,6
烙,4
烙印,4
無價,10
無堅不摧,2
無常,25
無恙,7
無敵,37
焦土,7
焰,22
煉獄,6
照亮,2
照片,18
爭霸,4
猶如,34
獵物,9
獻上,4
獻身,6
玩弄,10
現狀,25
琴,139
琴日,8
瑕疵,7
甘心,45
疑問,56
白屋,2
皺,77
皺紋,12
盛開,1
眉頭,32
眶,27
眼前人,7
眼眸,6
瞳,17
瞳孔,11
確信,4
神州,5
福氣,11
秀麗,9
空戰,1
空襲,4
突兀,18
立功,2
笑笑口,41
簡稱,29
簡陋,10
粉紅色,17
粗糙,9
粗製濫造,1
精密,8
糙,9
絕境,5
絕路,4
絢爛,3
翻身,13
翻轉,3
老家,7
老弱婦孺,1
聞風喪膽,1
聽眾,28
自忖,1
自處,7
航母,2
艙,4
良久,24
艷,8
若有所思,5
苦笑,40
茲,18
落淚,14
落雪,1
著火,10
蒙受,1
虛浮,2
血污,11
街口,29
見底,8
視線,44
註腳,8
詔,5
詔書,4
貨真價實,6
買下,22
賦予,15
赴死,3
起立,3
跑道,22
軀,56
輔助,15
轟,157
轟炸,10
轟炸機,1
辜,96
辜負,14
送死,10
造工,3
造訪,6
遠方,38
配上,7
配置,4
重振,2
銳,40
鋁,12
鋼,100
長崎,6
開展,8
開戰,5
間開,9
防空洞,6
阿嫂,16
陋,30
陛,3
陛下,2
陣陣,48
隊友,20
隊長,21
雀躍,15
雜亂,4
雜牌,3
雜牌軍,2
難堪,4
雲層,1
震懾,2
音訊,8
音訊全無,5
飛行,16
食糖,2
馬力,5
駕駛,11
高超,13
鬚根,7
魚肉,5
點滴,10
鼻鼾,8
鼾,8
𠵼,4
一脈相承,5
下等,2
丑,43
丑角,2
亂中有序,4
人體,25
依靠,16
修長,15
全相,12
共治,3
典故,13
別名,1
刻畫,6
創新,47
劍橋,18
功架,9
勤勞,1
南美洲,1
取向,6
吉祥,4
吉祥物,3
外族,5
學師,5
學業,19
密密,12
密密麻麻,5
將要,9
小丑,40
尖銳,17
底部,3
弓箭,6
彰,19
彰顯,9
情慾,4
慾望,15
憤怒,52
打扮,36
扭曲,56
拜神,8
接住,33
提取,5
揚威,3
擊潰,9
放任,8
教大,9
有序,10
有面,10
本部,6
橫衝直撞,5
正直,10
正義,46
歷程,14
歸納,28
歸類,15
派別,8
浮雕,10
淨化,3
無神論,2
版圖,12
監硬,4
眼花,6
眼花繚亂,1
穴,21
紀念品,4
紋章,3
繁複,5
耀,53
耀武揚威,3
自制,5
舞蹈,10
花蜜,1
芸芸,2
莘莘學子,3
蛙,33
蜘蛛,9
蜜,74
蜜蜂,6
蟾蜍,1
製品,7
視覺,22
視覺藝術,2
解剖,4
贊,48
贊助,6
趕走,26
軀體,4
迫使,8
邪惡,36
野性,3
鉅,8
銀器,3
雛,5
雛形,2
青蛙,15
驅逐,17
上陣,13
下列,2
中路,14
亞軍,2
交關,4
人多勢眾,3
伶,27
伶仃,4
來勢洶洶,2
來臨,15
信奉,11
傾巢而出,1
冚包散,2
別稱,1
力圖,4
勇猛,2
募,7
包圍,43
參戰,2
反擊,27
古都,3
名將,11
呢次,63
單丁,2
國徽,2
地膽,1
外交,12
大軍,11
審美,9
審美疲勞,1
帝王,3
後衛,1
應戰,4
戰事,9
戰利品,6
戰役,11
抵禦,3
招募,3
指點,28
捩,6
接連,9
推論,16
揮軍,2
擱置,4
收歸,3
攻勢,13
敗走,3
敗退,1
教宗,4
旗號,8
時序,7
步步進迫,6
水過鴨背,2
沉着,1
洶,15
淆底,10
演化,15
牧羊,6
猛烈,20
疲,59
疲勞,13
瘦骨仙,2
百合,8
百合花,4
盟軍,2
短暫,37
石像,20
硬係,52
私怨,5
突襲,14
節節敗退,1
簽訂,3
精銳,3
紅底,2
紛紛,32
肩,56
自立,18
舉手,43
衰落,4
裝束,3
解鎖,2
記性,9
認出,3
軍閥,2
軍隊,26
輕易,82
轉捩點,5
連環,15
進迫,7
進階,1
鑑賞,5
開啓,1
靈魂,108
靈魂人物,1
青銅,7
驟眼睇,7
高大,19
黑馬,5
人等,27
以假亂真,2
倒數,22
偉人,10
到飛起,4
午夜,7
厘,59
名店,5
因住,10
大學生,81
天冷,1
尾二,3
展覽,38
拆除,2
旅客,38
星期四,7
朱古力,20
歷代,7
狂歡,6
狂野,4
禮拜四,3
聚腳,3
色澤,7
藥房,8
踏正,2
躋身,4
金光閃閃,1
雪糕,47
頭像,4
飛起,12
騎樓,2
不仁,5
不屑,28
不忍,13
不求甚解,5
中中,9
中史,20
之列,15
保育,13
修辭,9
備份,4
催還,1
元帥,11
光彩,3
光榮,13
入坑,1
其來有自,2
冒險,20
凡是,2
列入,11
初稿,3
前輩,26
副刊,4
唔淨只,3
唔見得,26
單元,2
報人,2
報格,1
大條道理,9
天王,13
失寵,2
寵兒,1
尚且,33
屑,38
帥,20
平常,29
平常人,11
心思思,6
恥,144
投稿,9
推薦,26
提綱挈領,2
敬佩,2
曙光,8
本事,17
果樹,3
歲月,47
水氣,5
淪為,28
漫畫,57
潘,40
無疾而終,10
照妖鏡,3
燃,48
燃眉之急,1
犬,27
由衷,13
留待,6
破舊,8
破舊立新,4
社長,16
紀律,6
結集,3
網媒,12
緣於,4
編輯,65
總編,21
總編輯,7
華文,34
華氏,1
董,63
葬送,7
薦,29
薰陶,6
試場,8
語言學,41
護法,9
道具,12
選修,4
都市,19
錦上添花,3
頭腦,33
風波,10
飯碗,12
鷹犬,1
hall,19
jer,3
turn,27
一家之主,3
一時之間,49
一窮二白,6
一絲不掛,1
一舉一動,30
一顰一笑,7
上馬,14
下手,39
下肢,1
不得不,20
不留,16
主人,75
亂倫,2
二戰,28
仰望,4
任由,17
伏筆,5
佈置,16
佔有,10
佛蘭,4
作客,2
來訪,4
來賓,1
依戀,2
依照,18
保命,3
假意,7
偏執,6
偽善,13
偽裝,8
傲慢,8
優待,1
入圍,3
全線,6
兩性,5
公然,6
典型,42
冇壞,5
再三,18
冕,12
冠冕,7
冷戰,14
凝聚,7
出家,9
出色,47
出走,15
切除,1
到來,9
到頭來,37
刻劃,7
刻板,11
剖白,2
劇透,20
加深,15
勝利,65
勞師動眾,3
參展,3
反共,9
反客為主,4
反差,4
取景,2
取鏡,1
受害人,8
口口聲聲,16
吉卜賽人,1
同房,10
同鄉,12
呵,185
呵護,7
哩,110
啓發,2
啱使,2
喜劇,14
單獨,26
單身,38
噁心,16
嚮往,14
囚,29
回巢,1
國軍,3
坦蕩,1
執念,5
基金,54
外交官,1
外界,19
夢境,9
夢見,12
大師,45
大男人,4
大費周章,2
天真,117
失守,5
奇特,9
女僕,10
女性主義,10
女權,21
女魔頭,1
委員,84
委員會,55
娜,62
孤女,2
家居,8
家私,2
家道中落,4
家門,5
寄居,5
寒風,6
審判,7
寬衣解帶,1
專制,6
尊嚴,20
對內,3
對外開放,2
導演,53
小節,6
屎橋,7
巡迴,1
巡遊,3
市長,13
幫輕,3
平凡,44
平地,13
年歲,4
幻覺,43
底衫,6
弱勢,21
弱者,23
強勢,17
形勢,28
影像,29
影展,5
影視,4
後援,3
後生女,13
後裔,8
徐,116
得個吉,2
微妙,6
心目中,96
心裏,25
恐嚇,19
恐懼感,5
情場,5
情婦,4
慈善,16
截肢,3
戰勝,19
戲路,1
拇指,3
拍攝,18
拍檔,17
拒絕,105
拖拉機,1
拷,7
拷問,6
掩飾,39
揭露,4
援助,4
搞錯,120
播出,8
操控,29
收養,8
改頭換面,4
救贖,12
敞開,2
散步,14
敬禮,5
新婚,9
旁白,13
既往不咎,2
明言,11
映照,6
時弊,2
晨褸,2
本意,15
村校,2
村長,25
束縛,12
校長,90
極力,12
槍戰,2
樣板,2
歌舞,10
歡欣,5
此消彼長,2
死心,26
死心不息,1
油然而生,6
波士,20
波士頓,5
清高,3
渴望,30
渴求,10
演出,27
潛意識,17
火星,30
烹,9
無知,48
爵士,9
爵士樂,3
父權,25
牀,5
片場,1
牙膠,1
獨子,3
玩笑,70
生女,20
畸形,2
病重,1
癡心,4
登陸,17
白天,3
監護,10
監護人,8
真假,17
短片,14
破紀錄,1
社會主義,10
私奔,1
稀,52
稀有,12
空投,1
窮鄉僻壤,1
笑容,144
箍,14
箱,118
篇幅,19
純情,12
純良,1
紙板,1
素有,4
紳士,6
終日,21
經理人,5
綵,3
綵排,2
編劇,24
縛,15
罪案,11
義肢,2
老態,4
老態龍鍾,2
老點,4
耆,5
聖誕老人,5
聾,20
背景音樂,12
胳,3
胳肋底,3
臨終,2
自信,53
自命,10
自命清高,1
自尊,21
自稱,35
至上,24
舉足輕重,11
花哩花碌,1
蘇聯,12
虛實,2
行動不便,3
行差踏錯,5
衣着,7
衣襟,2
衫褲,21
補充,89
褲,269
襟,25
視作,3
觀眾,125
解凍,3
討厭,57
討好,11
託付,1
話明,25
講述,22
警長,1
議院,12
變賣,1
變陣,2
讓步,12
負起,2
貧困,7
貫穿,7
資產,52
賊仔,1
賓,111
賣家,4
贖,30
起眼,9
趕上,12
踏板,1
踱步,3
軍機,1
軸心,7
軸心國,1
輕重,26
追捕,4
逃離,22
遇上,52
遏,5
遏制,1
遑論,9
遠大,6
遠遠,25
遺志,1
鄉村,8
鄙夷,4
鄭重,13
配對,5
銳角,1
錄音,49
鏡頭,68
鐘樓,17
閹,4
閹割,4
降落傘,1
陪審團,1
階下囚,1
隔絕,3
隨街,8
集權,1
離地,58
雪茄,6
霎,14
霎時,10
露體,2
領略,15
顰,8
風流,18
飽受,10
養女,4
養父,2
體面,5
高溫,12
鬼五馬六,1
魅,37
魅力,32
魔頭,4
鮮明,25
一筆過,2
不學無術,6
不惜,33
不才,13
並冇,29
借用,14
凡係,8
刷,42
印刷,20
喃嘸,3
執字粒,3
大可以,18
大單,3
天書,7
妄,68
字元,3
字帖,2
字粒,4
實不相瞞,2
實物,19
將軍澳,14
專精,2
小學雞,21
展期,1
工具書,3
帖,46
師徒,8
慚,19
手冊,13
技藝,9
把手,8
換言之,16
文字學,3
新丁,1
施展,9
有形,7
有賴,7
楷,12
正傳,10
活字,2
深思,14
漢字,104
無緣,15
狂草,1
理所當然,39
用户,1
畫蛇添足,4
瞞,23
科儀,5
筆劃,7
編纂,4
繃,23
自慚形穢,4
至到,38
致敬,14
言歸正傳,8
語源,21
運用,60
部件,3
都市傳說,5
霓虹,4
霓虹燈,3
靈活,32
面貌,9
鞭,31
鞭策,6
預覽,3
1999,11
不符,15
丹麥,6
主人翁,7
主宰,12
了結,15
作家,62
假假哋,3
偷偷摸摸,10
凸顯,9
加碼,2
動身,2
化骨龍,4
去路,3
及時行樂,3
合唱,20
呼應,12
啟發,26
嘉年華,6
噚晚,7
四眼,9
四眼仔,3
天生一對,2
失意,5
奧斯卡,6
女伴,10
奴隸,35
孕育,7
寂寞,36
寄語,2
實驗,66
年華,7
引子,1
影評,9
彼此,47
得不償失,3
心理學,10
扭動,7
拆散,7
拿手,9
挪威,4
挽回,12
播音,2
收放自如,4
放pea,3
放膽,5
敬業,4
曬命,4
有待,9
枯萎,5
校園,25
格調,6
歌聲,14
比擬,6
水手,2
活在當下,2
淪落,11
混沌,10
港產,31
港產片,29
焚,45
熱誠,8
爛醉,4
玩火,6
玩火自焚,1
理智,24
生動,18
生無可戀,3
畢業生,16
瘋,194
瘋癲,14
直至,117
眼仔,6
着重,7
知易行難,1
神科,15
窗簾,22
精神科,12
美人魚,1
美滿,11
胸襟,6
自焚,16
自選,3
芬,53
萎,15
蜜運,1
衝破,7
設定,44
試題,2
語重心長,1
轉機,8
運滯,4
酌,10
酒會,10
酒精,38
酗酒,5
醉意,2
重考,4
關口,12
隸,37
離場,7
頹廢,9
點火,13
齣,30
IT狗,2
K房,5
VIP,4
一些,53
一面倒,12
不了,87
不齒,11
主唱,5
人才,45
企劃,2
僅次,3
償還,7
入場,30
入選,3
冷卻,5
分手,255
分期,4
加添,8
十五十六,4
友誼,18
呼喚,9
唱K,19
填詞人,8
大熱,28
天人交戰,3
失之交臂,2
妥協,19
專屬,8
小圈子,7
小薯,2
就是,193
平台,40
年少,15
廣東歌,27
律動,2
徹底,83
應運而生,2
拆夥,2
捨棄,55
新作,4
新血,3
斷言,7
春光,8
春光乍洩,2
樂壇,28
權衡輕重,1
次於,3
死水,16
殘忍,21
江山,12
濟弱扶傾,1
瀕死,4
無綫,19
無線,57
獻唱,9
瓜葛,3
百花齊放,3
皇后,10
神台,3
簿,39
精選,6
純淨,3
繼往開來,1
義會,3
耳機,13
聯播,1
葛,24
行經,4
試音,1
話唔埋,9
話晒,52
論文,34
論調,9
豬肉獎,1
費解,6
金曲,10
金獎,4
鍾情,10
開波,21
雨天,8
非凡,9
音樂人,7
頻道,7
駒,20
dur,8
gel,38
spin,8
tip,3
上演,8
交匯,7
交匯處,1
交通工具,18
交錯,8
人力資源,3
人日,9
企定定,6
佈景,7
侵略,9
修路,1
倭,10
公元前,12
公牛,8
凱,39
凱旋,3
出來,155
出入口,7
前綴,2
劇目,5
匯聚,3
叛亂,2
合唱團,7
周界,1
咁高咁大,3
啓用,1
嘰趷,2
四平八穩,4
圓心,2
城區,3
大興土木,3
學名,10
實心,6
小路,8
山頂位,2
廟宇,15
後方,9
戰車,2
戲碼,4
打交道,5
打打殺殺,4
打水,3
握手,20
文武雙全,1
方向感,1
晉,20
晉升,7
晉身,3
有平,9
樂手,2
橢圓形,1
橫掃,4
水利,3
水戰,6
水療,3
水馬,8
氾,4
氾濫,4
池塘,6
河流,12
流浪,22
流浪漢,7
浸浴,3
溫暖,31
滋潤,1
爛地,2
田徑,4
癩,15
的的骰骰,1
的骰,2
盡情,24
直角,1
睇中,20
競技,15
等級,7
縱橫交錯,4
脊柱,1
萊,13
觀戰,2
觀眾席,5
讚歎,2
貪方便,2
貴人,12
貴賓,2
賽車,3
賽道,1
趷,5
車水馬龍,5
達官貴人,6
鄰近,13
里程碑,5
野豬,10
順帶,31
順帶一提,27
馬車,4
骰,42
一句講晒,6
下髀,1
乾水,3
仲加,7
係噉嘅,5
充撐場面,1
刁,25
刁鑽,3
切粒,2
列出,15
厚度,10
可愛,72
品嚐,2
唔等使,3
唧,25
嘅唧,2
四季豆,3
因緣,3
埞,5
大鑊飯,6
家常菜,1
容錯,3
怎麼,76
慢火,1
拆骨,1
拌,5
掗埞,1
撐場,1
撐場面,1
擺盤,3
攪拌,4
時至今日,10
替換,2
毫升,3
流口水,5
海產,3
清單,3
湯匙,1
火力,3
燈籠椒,1
燶,18
爆香,3
爐頭,2
珍貴,19
甲殼,2
矚目,3
紅椒,3
老黎,4
花生,103
茄子,6
蔬,3
蔬菜,2
薑,15
蜜糖,4
融和,1
路試,2
這麼,52
連番,2
錫紙,2
隱世,6
雜錦,1
雞皮,15
雞肉,19
青口,8
食飽,13
飯焦,3
黐底,1
cue,5
原味,5
原汁原味,5
地牢,8
大帝,17
奇跡,30
孱,5
孱弱,5
文靜,12
望而生畏,2
森林,27
牢,28
當神噉拜,1
神殿,1
花崗岩,4
高貴,8
點相,5
上海,50
不得之了,3
包住,12
半肥瘦,1
叮,90
叮叮,15
味精,15
圓潤,1
坐底,9
小棠菜,2
平平無奇,15
很,395
後記,21
此刻,58
水餃,1
海市蜃樓,5
清香,5
湯底,7
演奏,8
炒飯,10
白裡透紅,1
絕跡,8
耀眼,4
肥膏,1
脹,73
膨脹,24
菜頭,2
融雪,1
返大陸,35
迷人,16
長櫈,6
雞粉,2
雪菜,6
雲吞,45
韮,2
韮菜,2
餃,15
鬱悶,10
魚缸,5
鮮甜,7
麻油,1
二人世界,6
光明,37
公器私用,2
公家,8
切忌,7
可謂,71
咁啱線,1
問你死未,4
啱線,1
天公造美,2
娟,13
媚,31
嬋,1
家陣,17
成人之美,2
打蛇,9
搭救,6
明媚,5
明月,15
明示,5
春光明媚,2
昧,45
時差,10
晝夜,4
曖昧,21
月亮,30
月色,2
有助,26
漱,3
潑,32
潑冷水,4
無神神,1
牽扯,1
當堂,16
白裏透紅,2
脫險,1
至極,12
謠傳,1
賞月,4
贈慶,4
通訊,25
難逢,6
ball,8
亨,14
例證,5
傳揚,3
傷痕,11
光線,21
全數,17
全盛,5
全盛時期,5
公會,14
出手,49
右手邊,10
各位,96
同出一轍,4
同盟,8
名氣,14
唔關事,14
單調,12
喱,35
喱士,3
嚴刑,2
圍觀,4
大額,6
天上,24
始祖,4
守衛,3
宣誓,19
對抗,28
巔峯,2
左手邊,7
巧妙,12
張開,37
德高望重,2
悲痛,11
慈善家,4
戮,6
捐助,3
改革,38
效忠,5
教改,3
教皇,4
教職,1
文豪,5
新教,2
時任,3
有頭有面,5
服飾,4
橫掂,6
正統,19
殺戮,6
殿堂,10
殿堂級,3
永垂不朽,1
流芳百世,1
海戰,2
火把,10
畫畫,26
異端,4
癖,15
癖好,3
白頭髮,6
白鴿,10
眈,2
眈天望地,2
睇慣,4
禮帽,1
符號,55
縮寫,1
羔,8
羔羊,8
羣眾,1
聖公會,6
聖子,2
聖父,1
聖靈,2
自詡,4
艦隊,9
花邊,11
藍綠色,1
血腥,14
衩,1
袍,53
訊息,77
講道,15
超乎,6
身軀,27
軍團,3
轉移視線,10
逐出,3
違抗,3
遠處,57
遺體,4
鄂,1
釘死,2
錯亂,14
長袍,6
關事,29
雙臂,10
雲彩,10
靈性,15
領口,2
類比,3
顧問,14
餘地,15
鬍鬚佬,1
鴿,26
麾下,3
MC,31
上報,10
主人家,6
亮麗,2
人仔,17
侮辱,24
偉論,10
光芒,41
入場券,3
入讀,4
分薄,5
券,48
前途,41
劈酒,8
力架,16
名校,24
名牌,41
商界,7
埋堆,2
夜場,8
奪得,2
女友,307
好人好姐,3
妒,20
妒忌,13
娛樂圈,16
寂寂無名,4
尖子,3
平庸,23
性別,16
成世,26
戒心,8
投考,4
抽水,58
拍拖,189
掌聲,17
排名,15
敢言,5
時不時,10
智者,11
暴發戶,1
有錢仔,2
柬,1
極權,14
權貴,9
波褲,1
注目,13
注重,9
泳衣,10
焦點,12
界定,9
留學生,10
精英,15
聯校,2
與眾不同,12
薄面,2
藍絲,16
見解,22
言行,20
言詞,14
請柬,1
豪門,3
賞識,6
路人,55
階級觀念,3
雜誌,55
預料,17
風頭,17
風頭躉,2
高材生,9
KO,58
KOL,18
一氣呵成,7
一窩蜂,5
中學生,33
公約,2
共融,4
初中,14
區區,21
啟德,5
園境,1
地台,3
天分,3
嬰兒車,9
專員,8
復康,1
心病,8
急切,2
感官,3
戲服,3
招標,2
持分者,1
改造,6
有落,11
椅,40
氹氹轉,3
滑梯,5
熱烈,28
特殊學校,6
用情,5
病房,40
病童,7
的話,318
眼甘甘,5
諮詢,10
輪椅,15
過慮,7
郵,76
郵輪,5
靜養,1
養病,1
dum,9
不倫不類,11
中點,2
亮光,2
人名,30
偏愛,7
僅存,3
共處,12
出爐,6
出眾,9
力學,30
動心,3
包含,18
和平共處,2
唔志在,1
唔自然,2
四條,17
國皇,7
奇異,16
威尼斯,11
平鋪直敘,1
強健,1
手指指,5
打鐵,3
捕捉,15
採納,2
搞亂檔,4
搲,1
文化中心,3
斐,2
晚年,5
暗淡,1
有兩道,1
木頭,24
模仿,26
歎為觀止,2
殺手,37
殺手鐧,13
水汪,3
水汪汪,3
汪,15
泥水,3
洗禮,6
漆黑,34
火鍋,2
熔爐,3
特權,23
畫師,4
當紅,6
相繼,20
真跡,2
矮小,3
碩,28
碩果僅存,1
稱得上,13
管轄,3
紐約,17
經驗老到,2
缽,2
美輪美奐,3
老到,7
老手,11
與此同時,16
芫荽,1
螢,49
螢火蟲,6
裁縫,8
觸動,13
認得,74
蹤影,7
辨別,2
進化,19
醒神,4
重疊,27
金主,4
鍋,26
鐧,13
閱讀,50
高尚,27
鬥木,4
麻雀,40
last,10
一路上,7
上斜,4
不愧,16
人緣,3
冇氣,2
再試,8
凡人,30
凡士林,1
分岔路,4
包紮,11
十字韌帶,1
參考價值,4
叉電,9
唔夠瞓,1
啪,124
四方,24
夜行,5
大脾,8
女朋友,201
底褲,13
快趣,23
懶得,26
手錶,6
掂行掂過,4
搽,19
撞正,8
旅途,3
核爆,17
樓主,5
檸檬茶,8
水樽,4
水泡,7
汽水機,11
濕地,5
王道,12
玩命,5
畢架山,1
瘋狂,132
登出,12
眼瞓,23
石屎樓,2
磨損,4
笑話,65
糧食,17
練仙,1
胃口,18
脾,81
腎,8
腎上腺,3
腎上腺素,1
腳板,5
腸胃,7
腸胃炎,2
腺,8
蛋蛋,7
行山杖,1
試圖,19
豆漿,11
豆腐花,8
負重,8
走水,5
起水,4
跑山,2
通頂,9
遙不可及,2
酸痛,3
金山,7
鉛,39
錶,41
長假,9
長途,10
陰囊,1
雞公,2
露營,12
韌,5
韌帶,1
飛鵝山,4
食蕉,17
馬鞍山,12
高速,15
龜速,4
IQ,8
fan屎,1
一起,89
三號,10
不吐不快,4
主題曲,15
亢,24
亢奮,8
借鑑,4
做唔住,4
先河,2
兒歌,9
兒童節,3
刷牙,8
勃起,11
動畫,63
勾起,11
卡通,23
取材,11
吹風,4
呱呱叫,1
唂,2
唔係咁講,6
啱音,20
嘆歌,5
在職貧窮,1
填鴨,6
多不勝數,8
大過天,3
學似,3
山歌,3
平反,19
幸而,2
快門,5
情人,130
打後,13
拃,4
拙,26
撲飛,3
曲目,1
業內,3
權益,11
歌曲,21
歷久不衰,5
泰文,4
流暢,24
淺白,11
熊熊,8
珠三角,2
琪,37
用作,17
白兔,6
看似,11
童工,2
純樸,5
缺貨,2
聲調,94
舊式,20
荷葉,5
虛詞,4
蜑家,9
蝦毛,1
襯字,1
識認,8
貶義,8
賣廣告,9
跳飛機,3
軟雪糕,5
輪流,14
連夜,2
關節,30
限定,12
鹹水歌,1
一見鍾情,9
上流,19
上綱上線,5
上線,7
世襲,3
事事,29
二世祖,14
侍從,10
便宜,23
借代,2
兩家,13
出版,67
出處,13
分贓,1
初版,3
劃時代,10
加速師,1
十惡不赦,4
召喚,13
合情合理,12
喊苦喊忽,11
壞事,34
士族,4
大逆不道,3
女士,25
女巫,4
妓,39
妓女,16
妻女,1
媒人,2
密不可分,7
密謀,2
富家,5
封號,10
對年,2
對得住,19
導盲犬,2
巫術,2
序言,1
後續,8
從商,5
心跡,7
心跳,39
性愛,4
悲劇,64
悲喜劇,1
情理,12
意志,67
愛意,9
愛慕,4
慫,8
慫恿,8
戀人,16
把口,56
推進,21
撒旦,2
操縱,12
政治婚姻,1
文法,18
施行,4
旗下,9
有之,18
有害,8
有情有義,2
本住,6
桎梏,2
榨取,2
橋段,17
欲拒還迎,2
殺身之禍,6
決斷,3
沒有之一,3
法術,10
洗白,2
無所事事,11
煉金術,1
熱切,6
物理,37
特意,10
牽紅線,1
獨白,15
相會,4
着草,1
石碑,6
禁書,5
私通,2
純正,9
自我中心,7
自白,6
自肥,3
色情,17
英雄救美,4
蘊含,5
處決,8
血統,10
評論家,4
講大話,38
貪婪,7
赴湯蹈火,4
跳樓,41
踩界,7
迷信,31
通婚,3
連帶,4
遁,21
遊歷,3
邁進,5
配角,11
針黹,2
銅像,1
開宗明義,5
雜物,15
離經叛道,2
靚女,107
非同小可,5
魔術,8
龜婆,2
中葉,2
人稱,18
佚名,2
修訂,9
偷食,28
出位,1
出城,3
出賣,66
包袱,21
名門,3
名門望族,1
在座,10
基層,13
大肆,7
女傭,1
容忍,16
幽默,18
惠及,2
惡棍,2
憑藉,4
戒律,2
才智,11
擘,26
擘開,1
教養,10
整蠱,5
日益,13
會上,62
有血有肉,7
標籤,37
氣質,26
混血,9
清算,14
清規,1
炫,19
炫耀,11
盜竊,3
盲人,7
第一人稱,3
絞,10
絞刑,1
練精學懶,1
繼父,1
自由意志,13
自私,45
虛偽,48
蠱惑,19
衰退,17
親事,1
認可,17
譯本,9
農作物,2
迫害,12
連年,3
鄉紳,3
配給,2
鉅著,2
食香腸,1
黑色幽默,2
卜卜,4
卜卜脆,1
去飲,44
周刊,3
商場,72
啫喱,7
報紙檔,4
大少,4
幫趁,1
抵食,3
搶嘢,1
改用,7
樂園,12
樂天,9
歡樂,23
油菜,3
炒米,2
睇啱,1
米粉,4
精品,8
脆,68
腸粉,9
茶樓,15
蒸籠,3
開位,1
零用,5
零用錢,4
飛仔,7
點心,19
點心紙,1
點心車,6
占,25
堅實,4
扭紋,3
甩皮,6
甩皮甩骨,5
禱告,4
要地,5
角落頭,5
門框,4
內籠,2
出錢,9
卸力,1
情迷,3
標誌性,1
三文魚,8
中場,12
九州,1
分店,16
劣食,6
動搖,22
反白眼,1
受罪,5
啅,2
問責,12
好動,2
帶子,2
幽靜,1
店舖,5
廚房佬,1
弱智,30
懷住,7
打邊爐,22
放題,14
水果,5
沙律吧,1
泡菜,9
燒肉,5
狗衝,9
生菜,4
眼闊肚窄,2
福岡,6
罪疚感,4
翻啅,1
肥牛,2
表明,11
過數,10
量詞,11
陰公,19
餃子,4
黑媽媽,6
主食,2
交接,5
交織,5
內外,13
兩全其美,2
前門,3
十世,22
協議,16
口苦,2
基座,1
外側,1
後院,1
成爲,4
打直,1
承托,5
拉布,9
插圖,5
搞法,17
搣開,1
支架,3
整到,31
格仔,27
棕,8
棕櫚,2
榨汁,9
榨汁機,5
槽,11
橙汁,6
機器,24
沾,32
物料,5
由下而上,6
移位,3
空地,17
窗花,3
箭咀,6
篡,7
篡改,3
紋理,3
紋路,3
纖維,6
美態,8
苦口苦面,1
蔬果,1
螢光,22
螢光筆,3
街邊,28
貪得意,3
貴重,5
買起,6
農產品,1
迅即,3
通街,11
配樂,6
重量,19
金碧輝煌,3
開邊,5
陣腳,9
隨處,6
離題,5
面容扭曲,3
頂端,5
飲咖啡,12
飽滿,8
七國咁亂,5
乘勢,10
乘虛而入,9
乾爽,1
享有,13
人頭稅,1
住家,8
便利,14
保護費,7
倖存,5
倖存者,4
優越,25
先後,29
先進,32
光澤,5
兜兜轉轉,16
前朝,5
博學,2
叛變,2
司法,40
合約,20
呔,5
嚴禁,3
嚴謹,25
國祚,1
堂皇,9
填充,4
夏季,6
失傳,9
委曲,6
子民,5
學說,11
官職,3
家家戶戶,2
富麗堂皇,2
尖端,2
履行,10
岩巉,1
巉,6
廳堂,4
引狼入室,1
待遇,15
律法,2
恩賜,3
手段,73
把心一橫,6
披甲,1
拐,25
拐帶,2
拱形,4
指派,3
捉棋,5
接待,7
援兵,1
政變,2
斜路,10
時世,5
時光,70
柱體,2
棋,76
極爲,4
極速,22
步入,11
殲,6
殲滅,5
殷,22
氏族,2
波幅,6
波斯,3
波斯語,1
派系,7
淺色,2
澡堂,1
灌溉,3
熟知,6
產權,12
畀卡,5
發動,35
百家爭鳴,3
省份,4
石灰,4
稱爲,6
空缺,3
突尼西亞,9
篡位,3
絕大多數,4
續保,8
羣組,1
義務,14
耕,29
聘,18
聘請,4
落入,6
衰亡,1
覆滅,5
詞彙,63
話語權,9
貝殼,3
賓客,6
趁機,24
農耕,2
遊牧,3
遠望,5
里斯本,2
金塔,1
間唔時,3
阻隔,7
陰涼,3
雄厚,4
面交,3
頂唔蒲,1
頂尖,11
預防,11
高位,13
中古,14
兜風,2
別緻,1
另一半,42
夠膽,67
嶄新,2
情人節,84
棍波,2
自動波,3
車仔,20
飛身,6
一支箭,7
中東,38
中歐,1
二氧化碳,2
儲君,2
光暗,2
兩地,13
公主,19
凌亂,13
凳,56
凳腳,2
凸起,2
半身,16
南海,24
厘米,18
原創,6
原居民,15
史前,7
唇,104
唔好意思,170
唔該,164
嘴唇,35
器皿,4
大媽,20
大富大貴,4
女一,49
好意思,207
學界,15
家畜,2
寶石,37
小女,26
想問,110
扶手,21
捉摸,6
排期,5
新月,8
業餘,9
氧,14
氧化,7
水份,8
河邊,5
洞穴,5
消逝,4
為數,5
獵人,28
珠寶,6
瓷器,1
生殖,3
生殖器,3
畜,15
直立,1
石器,1
穿窿,4
穿透,4
粗略,14
肩膊,2
背脊,35
至好,31
菌,30
誤導,11
還原,41
醒覺,14
野獸,4
陪葬,11
雄性,9
難睇,19
霉,32
霉菌,1
頭飾,2
頸鏈,3
額頭,25
體態,2
世代,55
亡國,8
成吉思汗,5
新潮,3
柒,220
漢人,23
華夏,33
起家,8
軒,28
遼,6
阿叉,1
club,6
一籌莫展,9
上頭,12
不力,2
中招,13
人道,24
何來,13
來由,2
信用,35
公益,10
公雞,1
兼備,7
冇面,3
凌辱,3
到場,7
制訂,2
務求,25
協商,4
參拜,6
另計,7
名師,3
周旋,5
善信,1
嗇,8
噃,29
圖解,4
奇妙,20
奠定,7
奮不顧身,3
威逼,3
宗主國,3
寶誕,1
少壯,1
尤甚,3
形形色色,4
得悉,8
心理健康,1
心理變態,9
怨聲載道,5
恫嚇,4
惡爺,2
應聲,13
打醮,2
批准,10
拔足狂奔,6
拖字訣,5
搓,28
搓手液,10
搶閘,4
擾民,5
收容,3
收益,8
放寬,4
放緩,2
政務,8
斡旋,1
時光倒流,5
曹,28
月入,8
木偶,7
木偶戲,1
東華三院,5
業權,3
橫行無忌,3
正月,5
此後,3
民政,21
沙士,20
派發,13
減省,1
港府,8
炷,4
特備,3
社會企業,2
祈福,3
神功戲,2
移師,1
籌辦,3
粵劇,11
紙紮,3
罪孽,4
義學,1
聯盟,31
肆虐,4
舞火龍,4
蝕底,16
行會,12
行鄉,1
觀音借庫,2
訣,20
諗頭,4
變態,72
賽狗,2
走狗,9
身兼,2
車公,4
車隊,4
轎,8
週年,9
道長,4
避之則吉,6
酬謝,1
重頭,4
重頭戲,1
長洲,20
陰安陽樂,1
雞冠,1
電話卡,2
順水人情,1
頒發,2
頭炷香,4
飄忽,4
食正,10
體察,1
體溫,5
高功,2
黃大仙,25
黨鐵,2
yeah,6
下沉,16
主演,12
人次,2
佔用,4
作爲,8
使用者,8
侵襲,4
俯瞰,3
僅有,18
優美,12
元朗,15
先至好,4
光景,2
內陸機,1
兩截色,3
共冶一爐,2
冶,8
冷親,4
出乎意料,28
刺眼,2
前往,6
化寶,1
北區,6
北緯,6
升溫,7
受制,4
受困,3
咬口,1
哥爾夫球,3
困獸鬥,3
國家公園,3
地基,6
埋藏,10
基石,9
報時,2
夏威夷,2
大開眼界,6
家公,15
容身,4
容身之所,2
實地,18
寶地,1
尊稱,2
尼羅河,5
山坡,8
山峯,1
山腳,6
島嶼,12
平滑,5
幾度,24
廣爲,1
廣爲人知,1
影片,18
意粉,10
愛護,10
憂慮,10
打底,4
扭蛋,2
扭蛋機,1
括號,7
持牌,6
指令,13
指揮,49
按摩,10
捐山窿,1
捩手,1
搜尋,16
搜救,1
攝氏,1
攬攬錫錫,7
新造,6
日夜,25
春季,1
時下,18
時區,3
板塊,3
桃紅,2
構造,15
樓房,1
模擬,15
橙色,16
機遇,6
橫街,3
橫街窄巷,2
歐羅巴,1
毒氣,5
氣壓,5
氣體,16
水分,8
水族,7
水族館,6
水花,4
水體,2
沉積,3
洋流,2
流域,7
流量,2
海水,24
海角,4
海風,18
深色,2
清爽,9
溫差,3
溶,51
溶洞,1
激光,8
濕氣,2
濕潤,7
濺,17
烏龜,7
焗爐,3
焚風,4
無人機,1
照射,3
熱帶,15
熱浪,1
熱辣辣,11
爲人,3
爲例,2
爲重,1
牀位,1
特地,6
現階段,4
球會,2
生態,19
用心,39
用者,11
疏散,10
癱,22
癱瘓,12
發燒,23
發燒友,4
皮膚,68
盛事,7
盛產,2
眼界,13
眼睛,66
着火,1
睛,86
稀疏,3
穎,20
節氣,3
籠統,8
紋身,4
綠草如茵,1
緩和,10
緯,7
美譽,1
羣島,8
群島,6
翳,10
翳熱,1
聖戰,3
背包,3
脫穎而出,2
自大,21
航空,16
船隻,5
若無其事,56
茂密,1
茵,4
荷里活,11
莉,31
蒼,52
蒼白,24
裂縫,5
裂開,7
親王,3
觸手,5
觸鬚,2
記憶猶新,5
記認,2
評選,2
認爲,4
語系,16
變色,15
變色龍,3
趁熱鬧,1
身世,16
軟熟,2
迷你,15
迷宮,8
逃走,23
速率,3
部長,11
鄰國,7
錦鯉,1
長度,11
開眼界,8
阿根廷,22
限量,4
陸地,9
集會,74
難忘,24
雨帶,4
雨水,11
電視劇,36
領軍,6
高山,9
黏,22
黏土,11
初步,21
剩餘,8
升幅,7
參數,5
地窖,4
基準,2
幅度,9
底板,10
承受,62
校正,5
泥土,10
淨低,14
滯後,4
監測,3
窖,8
輕巧,2
輸出,15
郁動,10
隆起,5
預測,41
預言,22
下垂,1
下落,21
下落不明,5
不遑多讓,3
依附,5
冠以,2
劫掠,1
參照,8
四肢,24
國境,1
城大,19
堅固,10
奪目,3
寶物,7
嵌,5
強勁,23
戒指,34
手鏈,1
批文,2
搓圓撳扁,1
攻佔,4
斯文,25
斷定,10
末端,3
極其,62
法蘭,4
流派,3
爲主,3
琢,6
璀璨,4
用料,3
皮毛,7
磚頭,6
祖母,7
種金,4
腳掌,3
藍寶石,18
蠻族,1
褶,1
變化多端,2
讚嘆,24
貌似,10
轉投,3
遷都,1
遺失,1
鑲嵌,1
雕琢,4
首飾,7
7-11,5
A0,14
MA,7
MK妹,2
M記,18
boot,5
chok,31
cute,8
dump,4
file,38
foul,1
hehe,3
pm,151
temp,12
㗎仔,6
㗎妹,6
一探究竟,2
一清二楚,10
一鑊泡,3
三唔識七,13
上床,38
下水,18
不可思議,37
不外如是,4
不安,65
不是,338
不甘寂寞,1
不舉,4
中分,4
中女,7
中毒,25
主修,8
乙,55
九唔搭八,9
乾噌噌,1
事關,40
交收,6
交集,10
京都,4
人設,3
代號,6
代行,2
令吉,1
伙,112
伙伴,7
似層層,9
住屋,15
你情我願,5
供不應求,3
係咁大,19
個人資料,17
假希望,2
做愛,40
做飯,6
光頭,14
入職,9
公職,6
再唔係,29
冰櫃,2
分頭,3
到職,3
刻薄,6
劏客,1
勾結,14
包養,3
化算,4
匣,13
半途出家,1
原形畢露,1
又試,14
受落,13
口快,5
口花花,3
叫春,6
可悲,14
吊橋,1
吼,35
呃人,23
告別,5
周不時,7
呻吟,29
唔化,11
唔耐煩,23
商機,6
問路,2
啓齒,1
啱聽,9
嘢飲,17
嘴刁,1
困惑,2
在意,39
地球,178
執照,2
執著,34
堂堂,18
壓力煲,1
外協,1
外套,15
外賣,29
大姐,2
大阪,6
天橋,23
天秤,2
奧秘,2
女方,9
妄想,23
嫌三嫌四,5
嬉,55
嬉皮笑臉,3
嬌,105
學部,3
守法,6
安撫,8
寧舍,3
射手,16
射手座,4
對唔住,143
小家,10
少女,177
山羊,5
巨無霸,7
巨額,1
常常,20
平價,8
年輕力壯,2
廢物,23
得啖笑,15
得直,4
從簡,4
御用,3
心意,38
心直口快,1
忍耐,12
忽視,19
性慾,11
感興趣,6
憎,176
憤世嫉俗,2
懵,38
懵盛盛,8
戇鳩,62
戒備,3
戴眼鏡,8
才能,25
打攪,3
打發,21
打飛機,53
抑鬱,40
抑鬱症,7
拉客,2
拉麵,15
拍戲,4
拖延,21
拖拖拉拉,6
捉依因,2
探究,15
推理,10
揀擇,2
插畫,6
揣測,5
揼低,3
揼落,1
摏,2
撒網,2
撚,917
撞板,12
攻略,6
放置,12
放長雙眼,3
敬語,5
文青,155
斜坡,2
日文,63
日食,29
星座,11
晚會,19
普羅大眾,9
暖氣,3
會面,25
有米,3
木獨,5
桶,73
棄置,4
樂意,13
標奇立異,4
標清,1
武肺,4
毒舌,3
毛管,7
毛管戙,2
水煙,2
求愛,4
沉船,7
沒完沒了,7
派遣,2
深夜,55
深奧,6
港女,311
溫書,47
滿口,8
滿心期待,1
滿懷,8
漁翁撒網,2
潦,7
潦倒,5
為食,9
無條件,12
無病呻吟,10
煮餸,3
煲湯,6
熟人,4
熟練,9
熟識,6
爆棚,3
爭相,10
牛郎,8
獅子座,1
獎學金,4
生雞,5
甩身,2
男人老狗,18
男朋友,138
畀錢,45
番話,14
當成,18
疆,8
疤,13
痾,22
瘡,24
瘡疤,2
發呆,12
發洩,26
白米,34
百感交集,2
皇室,10
直率,4
相機,47
相睇,7
相約,12
相認,5
眼珠,10
眼鏡,106
眾所周知,6
睇相,13
睡眠,11
矇,20
矯正,1
破戒,4
神秘,114
私立,3
秋風,6
稚氣,8
稱讚,9
窮撚,6
立志,2
童顏,4
笑臉,10
簡短,17
粗人,8
素未謀面,3
絕望,73
給予,11
絨,10
統計學,20
絲打,8
經常性,1
續約,10
纖細,1
美化,4
美德,4
羽,39
羽絨,5
老土,55
老是,2
老牌,5
耐咗,12
聞說,4
肉體,30
背負,20
自介,3
自助,2
自尊心,9
自爆,23
臭閪,1
花期,4
花樣,6
花樣年華,1
菇,29
菲林,3
落袋,3
薄弱,11
處女,27
表白,39
表錯情,4
西裝,41
解悶,3
解散,24
話匣子,1
語感,26
調劑,5
調味料,4
講故,48
講求,28
證件相,1
豈不是,6
賜予,1
賣身,8
身心靈,1
車錢,1
軌道,6
轉工,18
迎接,15
迷戀,10
追加,9
追問,41
追夢,5
送飯,13
透露,30
造作,15
進食,10
遍體鱗傷,5
過意唔去,2
過日,13
過期,12
道歉,107
遺忘,13
邊忽,8
醒起,62
重獲新生,1
量產,3
銀包,65
鐵飯碗,1
長毛,20
開場,15
開場白,10
閪,62
關西,6
阿飛,1
陪酒,1
陰魂不散,6
隨口,32
隨緣,1
隻身,3
雙修,7
雞蛋,34
難以啓齒,1
雪櫃,30
電飯煲,5
頂盡,4
頂硬上,12
風度,16
食晏,11
食煙,56
飯煲,6
駕駛執照,1
高昂,7
高身,2
髮夾,1
鱗,7
鳩,427
黐撚線,4
黑白分明,6
A貨,1
jer住,1
何方神聖,4
同姓,4
吸煙,5
塗鴉,2
大造,2
春秋,22
春秋大夢,3
沐,14
無期,9
無辜,65
熾,9
男子,28
監製,10
短篇,31
超凡,2
超凡入聖,1
追悼,3
顛三倒四,2
人質,29
伸張,7
伸張正義,3
出奇,78
咁解,126
唶,124
嘿,275
大膽,32
實話,5
撕,46
操場,29
旁證,4
時時,16
時時刻刻,5
未經,14
法紀,2
浪得虛名,5
牛皮,5
牛皮膠,1
牛皮膠紙,1
痛快,20
睥,15
睥住,7
膠紙,7
茂利,5
議員,137
閒偈,5
風紀,4
冒出,7
出火,12
出類拔萃,4
呼聲,14
哄,29
得救,21
心心眼,1
急不及待,9
慷慨,11
慷慨激昂,4
戇鳩鳩,14
揮手,58
梨,51
棲息,1
歡呼,23
歸來,6
演說,10
激昂,4
激起,4
火焰,15
無反,50
燒燬,2
燬,2
生涯,19
異常,80
發言人,11
相擁,6
神情,76
立法會,125
競選,9
精彩,45
絕塵而去,7
總辭,1
群眾,45
義無反顧,12
萃,10
起哄,6
雲霄,7
音響,12
響徹雲霄,3
高漲,9
鼓掌,17
9up,13
先秦,10
國號,2
大姓,1
太子,102
姜,2
姬,16
對台,2
打對台,1
朝廷,8
東帝汶,2
生母,1
西施,5
黃河,12
cake,6
一味靠黐,1
一拍兩散,5
一毛不拔,1
七姐,2
三國,33
三國演義,9
上心,25
下世,25
下底,8
下氣,20
中草藥,1
中藥,5
乸,31
了哥,2
事但,5
二仔底,1
企圖,28
低聲,43
低聲下氣,1
低能,42
何苦,12
例遲,1
侲,2
便宜莫貪,1
借錢,19
側側膊,14
側膊,14
光棍,3
光棍佬,1
免提,2
入錢,3
公分,2
冇得彈,6
冇得頂,2
冇心肝,1
冇掩雞籠,1
冬前臘鴨,1
出爐鐵,1
出醜,5
出雙入對,1
分派,2
分豬肉,1
切菜,5
到頭嚟,3
剃刀,3
剃刀門楣,1
剝削,6
劉,170
劉備,3
包書,1
北角過啲,1
十月芥菜,3
半夜雞啼,1
半粒荔枝,1
反面,14
受驚,10
口噏噏,3
口輕,1
口輕輕,1
另起爐灶,2
吊頸,7
同情心,5
吹喇叭,2
吹奏,1
告白,8
周身,19
周身癮,1
咁大把,13
和尚擔遮,1
咬唔入,2
唔熟唔食,2
唔熟性,1
唔通氣,3
啞仔,2
喇叭,11
喋,9
喋喋不休,4
喜慶,5
單料銅煲,1
嘮嘮叨叨,2
噏得就噏,3
固執,6
埋年,9
埋手,19
城樓,1
城樓跑馬,1
塘底凸,1
塡,1
壽星,3
壽星公,2
外表,47
多嚿魚,2
多多益善,3
多鳩餘,7
大唔透,1
大廈,132
大減價,6
大班,53
大笪地,1
大良,1
大轆,1
大轆藕,1
大頭菜,9
大頭魚,1
太公,6
太監,14
太監騎馬,1
奚落,2
好恰,3
姑娘,60
嫌命長,2
存心,2
存心不良,1
家婆,2
密底算盤,1
寡母婆,1
屎坑關刀,1
屎氹,1
山窮水盡,5
山草藥,1
工夫,12
差佬,183
差佬開槍,1
帶波,1
幡杆燈籠,1
年結,2
床下底,6
床板,1
底牌,13
度水,1
廁紙,22
廚房階磚,1
彈床,1
往日,12
待機,4
得把口,6
心中有數,2
心甘情願,7
心知肚明,15
應有盡有,10
扁鼻,3
扇,31
手巾,6
打橫行,2
扭波,1
把幾火,4
把火,8
抗議,25
抵死,17
抽獎,7
指事,1
指望,4
挑逗,8
提點,8
搬家,1
摟,11
摸蜆,1
撈飯,2
擔沙填海,1
攋,4
攞嚟做,3
攞嚟衰,2
放光蟲,1
教仔,18
整定,10
新屎坑,1
新澤西,1
晶,44
月餅,18
有喜,8
木筲箕,1
杆,15
桔,5
棉,31
棉花,10
橛,2
歇後語,21
死人,110
死仔,15
死撐,10
死頂,3
殯儀,3
殯儀館,3
毽,2
水上人,4
水乾,5
水溝油,2
水瓜,1
水瓜打狗,1
求救,17
沙梨,4
沙蟹,1
法國大餐,2
泥水佬,1
洋服,1
洗身,2
涼爽,2
涼茶,3
淒,28
淒涼,10
深海,3
深海石斑,1
減價,7
滴水,8
滴水不漏,2
漏罅,2
潮州,16
潮州花燈,1
潮州音樂,3
潺,12
澳門朋友,1
濕手巾,1
濕水棉花,1
火石,6
火麒麟,1
災難,40
炮仗,3
烏瀡瀡,1
烏蠅,11
無從入手,4
無法無天,4
煨,5
熟性,1
熱潮,16
燈膽,12
燒壞瓦,1
燒炮仗,1
燒豬,2
牆頭草,2
牙煙,4
牛皮燈籠,1
牛𡁻牡丹,1
狗蝨,1
獎勵,5
獨當一面,5
玻璃眼鏡,1
球員,35
生草藥,1
男丁,1
番薯,1
番鬼佬,1
瘀,17
發爛渣,2
發電,16
發電機,1
白費,16
白馬黑七,1
白鱔,1
百斤加一,1
皇帝女,1
盡地一煲,2
相士,4
相差,14
相差無幾,2
知味道,1
石斑,1
破柴,1
神台桔,1
神台貓屎,1
神學,4
神憎鬼厭,3
禮樂射,2
秀才,2
秀才手巾,1
秋蟬,1
稟,7
稟神,1
穿針,2
童子,9
竹織鴨,1
筲箕,3
算盤,7
粵曲,8
精細,16
紙紮下巴,1
紙鷂,3
結帳,1
縱壞,4
缸瓦,1
老公撥扇,2
老婆擔遮,2
老舉,3
老舉埋年,1
老虎借豬,1
老鼠,52
老鼠拉龜,3
聲氣,4
脂粉,9
臘鴨,1
自出自入,2
自身難保,1
舵,2
船頭尺,2
良心,38
芥,12
芥菜,3
花燈,6
茶樓搬家,1
草紙,10
荊,30
菜刀,6
菠蘿雞,1
菩薩,12
落注,4
落空,7
蒸生瓜,1
蓆,12
藕,4
蘸,2
蝦米,1
蝨,3
螃蟹,1
蠅,13
蠢鈍,1
術語,21
衰人,21
衰嘢,7
補鑊,12
裡頭,3
要事,9
見風駛舵,1
親近,12
觀奇洋服,1
訛,9
話事啤,3
該煨,5
認錯,39
談情說愛,2
論功行賞,3
識貨,16
豉油撈飯,1
豉油樽蓋,1
豬乸,3
賣告白,1
走音,4
起爐,2
跑馬,5
跟風,6
跪地,4
轉彎,16
轉彎抹角,9
迴避,13
逗,48
通氣,6
進攻,30
酬神,1
醉酒,27
醉酒佬,9
醜陋,8
鈍,5
開槍,25
關公,20
關公細佬,1
關刀,4
關羽,10
阿崩,9
阿崩劏羊,1
阿崩叫狗,2
阿崩養狗,1
阿斗官,1
阿茂,8
阿茂整餅,1
阿超着褲,1
阿駝行路,1
陰乾,2
陰功,16
陰毛,3
陳年,7
陳村碼頭,1
階磚,9
雞啼,1
難保,6
電燈,13
電燈膽,9
青磚沙梨,1
靜待,3
面子,24
韓信點兵,1
音準,6
願者上釣,1
食字,5
食水,6
食水深,1
餼,1
馬尾,37
鬱鬱而終,2
鱔,3
鳩毛,2
鹹濕,46
麒,2
麒麟,2
黃皮,10
鼠,141
龜頭,2
𠽤,1
𡁻,2
一針見血,4
下去,74
不假思索,2
不盡然,1
中英對照,1
主旨,16
交待,20
以便,3
信件,6
倆,19
停手,15
兼夾,4
初階,3
到家,27
前文後理,3
副詞,13
劣質,11
化繁為簡,3
取用,1
可靠,17
君王,4
呢處,5
單字,11
因果,28
坊間,25
垂死,16
增添,5
大方,27
妖魔,3
妖魔化,1
孤陋寡聞,4
學人,25
常態,27
平民化,1
弊病,8
引言,4
後遺症,5
心腸,14
怎樣,48
思索,13
恐怕,93
惡毒,8
意境,19
成風,2
技倆,2
拈,8
拜讀,4
揮之不去,17
攬炒,13
改進,10
晚安,12
朦,12
未到家,3
涉嫌,8
清清楚楚,14
清風,5
濫用,13
瀧,11
煽動,12
猜想,4
由細到大,37
白話,85
白話文,37
省略,12
睇怕,21
睇開,21
瞎,4
稻,12
稻草,3
稻草人,3
罪惡,13
老屈,7
聽聞,56
胡混,1
腫,36
臃,2
舉證,4
蔑,15
蔑視,4
衰老,10
西化,2
觀點,53
詣,7
誅,23
語出驚人,7
語料,26
語料庫,17
誠然,3
議論,20
議論文,4
造詣,7
邁步,5
錯字,14
閣下,3
關鍵字,5
電郵,58
青豆,1
顯而易見,4
高深,19
鳩噏,15
上司,136
下巴輕輕,3
不容,40
世事,71
並存,5
主線,17
低落,26
低頭,108
優秀,19
冤屈,1
千依百順,5
南韓,3
吶喊,6
報恩,3
大結局,20
奉還,2
常溫,2
廢老,10
引進,3
張力,11
強大,46
後花園,4
心計,2
情緒病,4
抑壓,8
排斥,21
推倒,6
放負,3
正題,20
沸騰,7
治權,4
治癒,1
流彈,1
潮流,37
激勵,3
無能為力,7
熱播,1
熱血,25
熱血沸騰,3
牢不可破,3
用完即棄,5
癒,6
絕無僅有,5
續集,6
美女,49
自尋短見,3
談及,8
賢內助,1
逆來順受,4
適得其反,8
金句,10
順勢,12
顧家,3
齒輪,9
中亞,3
五代,4
備課,2
判別,8
厄,11
厄運,4
善惡,13
審美觀,4
待人接物,6
慚愧,10
慶典,4
故鄉,10
新娘,21
族人,12
朝鮮,4
洪流,6
溝稀,2
精神分裂,16
胎,41
融為一體,5
話之,28
話之你,2
起居飲食,4
邊緣化,5
阻力,10
韓文,21
高麗,2
入行,17
勤力,42
勤勉,2
反派,4
受益,4
惰,21
懶惰,8
懷才不遇,6
才華,11
技能,38
日語,20
語無倫次,8
鞭撻,3
七夕,3
光年,4
光速,27
喜鵲,1
夠力,7
女星,8
懂,119
月球,10
王母,1
發脾氣,28
看來,30
織女,7
脾氣,56
㨴,5
一回事,84
一蹴而就,3
上手,18
不拘,9
不為過,7
人血饅頭,5
今生,14
個體,29
健全,9
兼而有之,1
分身,22
制裁,5
前世,14
創刊,2
創刊號,2
加嘛,11
匯合,2
半唥鯁,1
即是,12
原版,1
參半,3
叢林法則,1
史觀,6
唥,10
啟蒙,11
嘍,18
在世,23
在所不惜,2
均一,5
增益,1
外行,7
大能,2
大雜燴,2
天命,20
天才,64
太空,29
奉行,2
媳,5
嫌棄,14
學運,18
寵愛,2
封面,20
專題,6
尋覓,11
年輪,1
後浪,2
忍無可忍,6
性癖,1
怨偶,1
悖論,18
悲壯,7
惱,48
憂患,1
我們,331
才女,4
打正旗號,1
扼,19
扼殺,14
拋低,10
提問,3
揦,4
揦屎上身,1
攬上身,1
支線,3
散文,21
文體,24
曱甴,17
期刊,5
極樂,7
樣本,8
樹立,2
歹,13
歹徒,1
殯葬,1
毀滅,35
求證,5
法師,11
淒美,4
滋養,6
漢語,49
灰暗,7
無力感,12
煩惱,29
燴,5
玄妙,2
珠胎暗結,3
班主,26
留前鬥後,1
白癡,4
盡人事,1
直抒胸臆,4
着緊,2
睇嚟,82
睇透,3
睇通,9
祉,3
福祉,3
童養媳,1
結伴,4
網店,1
編織,1
羅生門,3
自卑,19
自取,7
自取滅亡,3
自古以來,12
自由心證,2
興旺,5
興致,11
舉止,10
若即若離,5
茴香,1
蔑稱,1
虞,12
螳臂擋車,1
西瓜,15
覓,27
覺悟,12
解脫,20
訂閱,5
詞評,2
詩篇,2
諒解,3
譏,3
譏笑,1
貼題,2
走佬,9
足見,3
身體力行,11
載體,10
輸送,6
追本溯源,2
退化,8
這個,186
連結,28
道士,10
重啟,2
野仔,1
金獅,1
鑾,10
開源,3
阻擋,5
阿星,1
陷於,11
隨心,17
隨心所欲,6
險惡,8
雜燴,2
領情,13
願景,3
飄零,2
養份,11
饅頭,10
體裁,4
魄,45
魄力,5
魔王,220
鯁,2
下裝,1
不但,30
不信任,7
不可多得,8
不懈,5
不當,15
不要,184
不言而喻,3
不錯,21
中共,98
主打,12
也許,36
互補,7
交出,14
人妻,13
人民幣,9
人生觀,10
任性,5
但是,63
低潮,9
保祐,2
修成正果,6
倔,9
倔強,8
借助,9
做證,3
傲氣,2
傷悲,2
傷感,9
傷痛,3
優先,24
優點,27
允許,4
全力,15
公子,16
共同體,14
共諧連理,4
冥冥中,3
冷嘲熱諷,5
冷落,6
出道,9
出錯,28
切合,5
切實,24
刪除,13
到任,41
加持,5
劣作,1
助成,1
努力不懈,3
勇於,6
勸勉,2
勸告,3
匹夫,2
匹夫之勇,1
卵,9
卵子,1
卸下,2
原地踏步,3
厭棄,3
反省,22
受挫,1
受教,9
可比,14
合襯,4
同路人,8
名份,2
名字,31
吸取,1
吸取教訓,1
吸引力,11
吸氣,4
呼叫,19
命題,18
和解,6
品味,23
哪個,6
哲理,8
唱片,4
唱片公司,1
唱衰,7
商品,19
問心無愧,4
善意,9
單打,11
單打獨鬥,6
回音,17
因小失大,1
埋怨,19
培養,22
外在條件,1
多麼,12
夢想,65
夢想成真,3
大笑姑婆,1
大限,2
天子,22
天生天養,2
失戀,35
失諸交臂,4
奉勸,11
契合,4
奢望,22
好不容易,14
姑婆,2
婚紗,12
嬅,95
嬉戲,5
孤苦,1
安樂,24
客套,5
宣洩,9
宿命,9
寄託,5
寥,16
將就,13
將心比己,4
將錯就錯,4
專一,4
專輯,8
尊敬,12
尋找,30
小姐,144
小孩,11
尚未,12
就手,10
屈服,19
展望,10
度身訂造,4
庸碌,3
建國,11
引力,17
弟弟,15
得很,17
從小,3
徬徨,5
心地,44
心境,12
心存,18
心底,56
心痛,22
心結,4
忠於,11
忠烈,1
性情,25
性格不合,4
怨念,6
恨到,5
恩愛,7
恭喜,68
情敵,7
情有可原,8
愛侶,4
愛惜,14
感同身受,8
慎密,2
慘痛,2
慶功,3
慶功宴,1
憂心,7
憎恨,8
憐愛,4
憾,79
懈,18
懵懂,1
成婚,12
手心,17
打定輸數,10
打從心底,6
打氣,11
打牌,25
打錯,8
批鬥,21
抒發,13
抓,56
抓緊,6
投懷送抱,1
拍住上,2
拜年,33
振作,19
挺身而出,6
捉實,11
捧場,6
掃地,12
排解,2
插嘴,21
損友,3
擅於,8
擇偶,4
擇偶條件,4
擊破,6
攏,16
改過,12
放肆,5
故意,38
教導,16
散心,6
散發,27
文筆,46
旁觀,29
旁觀者,14
旁觀者清,2
昇華,6
明瞭,4
晦,22
晦氣,14
最愛,28
有否,7
有心無力,2
有損,7
有朝一日,15
未算,22
極之,141
樣子,44
樽頸,1
欲求不滿,2
歌唱,11
正反,18
水瓶座,1
求同存異,2
江湖傳聞,1
流行曲,31
浮沉,6
浴火重生,2
消化,24
淡定,11
深淵,9
深知,10
游說,5
漩渦,7
漸入佳境,2
濟世,1
為了,53
無愧,10
無愧於心,2
照耀,7
照舊,14
營營役役,8
狙,18
狙擊,17
獨善其身,12
獨身,7
獻醜,7
生命力,17
生疏,3
生路,21
當真,8
疼,7
疼愛,1
療傷,2
發光,23
盲目,30
相愛,13
相戀,4
真命天子,18
真情,13
睇唔起,17
瞭解,7
知行合一,5
示弱,14
示範,24
祐,2
神經,53
神經質,2
站站停,1
笑中帶淚,1
精進,9
素來,9
終生,17
網民,43
緣份,14
編曲,9
罪名,12
美妙,7
耕耘,5
耿,19
耿耿於懷,7
聽天由命,1
背棄,4
臂彎,1
自保,4
自信心,4
自始至終,3
自居,14
自憐,6
自暴自棄,6
自由行,18
舉重,1
舉重若輕,1
舊愛,6
艱難,24
花花公子,6
若然,49
虛度,1
虛榮,4
血性,3
血淚史,2
見真章,2
視角,10
親耳,1
覺醒,29
觀望,6
解體,3
言出必行,2
訂造,5
計較,17
許多,52
註釋,4
誠心,6
說理,2
談論,22
論證,8
諗通,8
識破,8
費神,2
贏取,2
贏得,18
跌跌撞撞,12
踏步,6
輕舉妄動,8
輕言,2
輕言放棄,1
轉眼,18
轟烈,13
農曆年,5
迥異,3
迷惘,7
迷途,2
追認,2
追趕,6
進退失據,5
遇見,17
達成,25
遙遙無期,2
選用,5
遺憾,46
那些,57
那個,77
醒悟,23
釋懷,6
鑄,16
長處,5
長鏡,1
開導,2
降臨,17
除外,8
陪同,4
離合,6
難料,4
雪藏,7
雲淡風輕,3
靠攏,5
顧忌,4
顧慮,6
飛舞,3
飲水思源,4
高傲,4
麻將,2
麻木,16
黃店,2
鼓起,17
鼻孔,7
3D打印,8
AK,12
CP,9
EO,13
K金,1
M痛,2
N年,7
PK,15
RAM,2
add,105
cup,5
draw,3
get到,4
jam,193
kem,23
load,34
on9,31
一丁,17
一乾二淨,15
一併,5
一勞永逸,4
一半半,1
一口咬定,11
一命嗚呼,10
一唱一和,2
一心一意,12
一手一腳,8
一支公,6
一改,11
一時三刻,26
一朝一夕,8
一炮而紅,5
一盤散沙,6
一眾,62
一統天下,6
一般而言,5
一蹶不振,7
一身蟻,6
一輪嘴,16
一鋪清袋,7
三尖八角,3
三級片,2
三蛇,2
三行,2
上任,19
上樓,21
上萬,21
上訴,8
上邊,11
上風,11
下一個,56
下不為例,3
下台,26
下回分解,8
下廚,3
下話,27
下身,10
下降,24
不一定,9
不亦樂乎,5
不住,34
不動聲色,20
不孝,9
不屈,8
不屑一顧,10
不得要領,5
不振,10
不景氣,2
不特止,9
不由分說,16
不眠不休,2
不知幾,37
不經意,9
不負責任,16
不適,16
世故,11
世界級,9
世道,12
世面,10
中湯,3
中秋節,12
中立,17
中篇小說,2
中西區,16
中計,6
中醫,18
主場,10
主子,4
主席,58
主播,7
主機殼,6
久而久之,30
九九九,5
乞食,8
乾脆,12
亂世,22
亂咁,98
了斷,14
事倍功半,3
事務,42
事頭,4
事頭婆,4
五官,17
五金,3
井然,5
井然有序,4
亡魂,5
交往,9
交通燈,5
交通警,3
交際,14
人工智能,5
人強馬壯,2
人心惶惶,7
人情世故,7
人格,30
人渣,39
人瑞,1
人盡皆知,5
人精,12
人肉,27
人言可畏,4
人辦,4
仆心仆命,9
仆街磁石,45
今世,14
他朝,9
令和,1
以示,12
任意,13
企硬,5
伊麵,2
伏線,9
低清,4
低賤,14
佔上風,7
何去何從,3
何嘗,29
何須,4
佛教,27
作主,7
作伴,3
作嘔,12
作奸犯科,4
作業,9
作樂,4
作詞,6
例會,4
侵蝕,6
係人都,54
俗世,4
保護主義,3
保護色,1
俠義,2
信息,31
信條,7
修理,10
倀,2
倍感,3
倒汗水,4
倒貼,3
借意,2
假托,3
假扮,3
假面具,2
偏心,4
做事,26
做牛做馬,6
做運動,14
偷情,2
偽君子,3
傳送,18
傳銷,3
傷春悲秋,6
傾家蕩產,9
儆,4
儆惡懲奸,2
優良,5
儲錢,10
儼然,6
兄妹,6
充其量,6
兆,25
兇手,22
先令,7
先天,7
先行,39
光脫脫,4
光顧,3
兌,22
兌現,9
兒嬉,20
入肉,8
入黑,12
內憂外患,1
公噸,8
公審,61
公映,3
公署,5
公關,17
六合彩,32
六四,37
共渡時艱,7
共產主義,16
共聚,2
兵團,7
兼顧,7
冀,6
再世,8
再作,9
再會,7
冠名,3
冤魂,4
冷汗,29
冷血,14
出口術,3
出局,16
出氣,5
出版社,19
出血,11
出言,5
出頭,13
刁蠻,2
分子,52
分水嶺,5
分泌,4
分解,11
列強,4
初戀,146
別出心裁,3
別字,16
到手,64
到處,24
到貼地,8
刻毒,6
刻骨銘心,14
前所未有,23
前路,13
剎那間,16
割脈,4
割讓,4
創辦,6
創辦人,4
剷除,8
劈低,13
功利,23
功夫,44
功成身退,4
加價,14
加州,6
劣根性,4
劫匪,17
動蕩,9
動輒,9
動輒得咎,2
動量,5
勝之不武,1
勢孤力弱,3
勵精圖治,1
包剪揼,7
包車,7
化合,2
化合物,1
化妝,29
化妝品,8
匿藏,2
十三張,8
千方百計,15
升官,3
升官發財,3
午餐肉,4
半夜三更,6
卓,12
博彩,3
博愛,8
卡通片,6
卦,24
危在旦夕,8
即席,7
即食,12
即食麵,4
卸膊,6
厭惡,24
去信,14
去定,8
參選,43
又盛,40
及早,24
反動,4
反射,16
反攻,14
反方,9
反方向,9
取樂,3
取火,2
受創,6
受訪,14
口出狂言,1
口碑,4
口號,41
口蜜腹劍,2
口響,8
古玩,2
古老石山,3
另一邊廂,27
只怕,7
只求,26
叫價,4
叮噹,36
可口,9
可怕,53
可惡,13
叱,21
叱吒風雲,2
司令,6
司儀,7
吃苦,2
各種各樣,32
合掌瓜,3
合格,35
合理化,10
合規,4
同窗,4
名冊,10
名利,7
名聲,12
名貴,6
吞噬,10
吱,33
吸力,13
吸塵,6
吸塵機,2
吹噓,15
吽,14
吽哣,11
告訴,33
呼之欲出,3
呼呼喝喝,10
呼喝,20
命數,3
咁鬼,21
咖哩,7
咩呀,231
咩啊,7
咪搞,13
咬弦,3
咬牙,45
咬牙切齒,27
哀號,5
唏,30
唏噓,17
唔同講法,3
唔啦更,14
唔多唔少,17
唔怪得之,18
唔抵得,14
唔要得,2
唔識轉膊,2
唯我獨尊,3
商家,13
商家佬,2
問世,7
問號,36
問話,4
啤啤,10
啤啤熊,1
啤牌,8
喉管,6
喉糖,2
喘,69
喘息,10
喜事,4
喪屍,18
嗚呼,11
嗤,14
嗤之以鼻,7
嘜,5
嘟,47
嘯,48
嘴炮,3
嘶,28
噓,42
噴射,6
嚇一跳,3
嚥,7
四出,6
四則,9
四則運算,8
四周,98
四周圍,17
四大天王,4
四散,6
四處,49
回合,21
因人而異,7
因材施教,4
囤,7
囤積,7
困苦,5
固步自封,4
國泰航空,2
圍屌,3
圍棋,14
園地,7
圓滑,9
圖示,3
土人,5
在所不計,2
地圖炮,13
地底泥,4
地心吸力,11
坐言起行,2
坦然,9
坦言,3
垃圾桶,31
垃圾食物,3
埋伏,14
埋口,27
執勤,2
執包袱,6
執手尾,4
執掌,1
基因,37
基本法,46
堅毅,7
堅硬,2
堅離地,4
報章,13
報道,36
報銷,4
場口,6
墨硯,2
壁壘分明,3
壓縮,5
壞話,7
外傭,3
外匯,13
外星,56
外星人,43
外殼,3
外號,6
多二錢重,2
多姿多采,5
多媒體,6
多災多難,3
夜空,6
大前提,10
大劑,7
大嬸,4
大家樂,29
大愛,26
大波,12
大海,49
大煲,2
大爺,6
大眾化,3
大笨象,4
大腦,30
大舉,7
大草,4
大豆,4
大賣,17
大錯特錯,11
大開殺戒,5
大難臨頭,3
大頭佛,12
大駛,2
天性,13
天意,12
天文數字,4
天昏地暗,4
天津,7
太空人,3
太陽蛋,4
失勢,8
失婚,4
失憶,6
失當,2
失調,16
奔走,15
奔馳,5
奕,46
套裝,17
奢侈品,7
奧妙,8
奮戰,5
奮鬥,17
女皇,21
女皇頭,6
好事之徒,5
好事多磨,2
好好地,20
好打,29
好耐之前,15
好賣,4
好醜,12
如夢初醒,15
如無意外,9
妻離子散,6
姑息,6
威威,10
婉,27
婚宴,24
嬌滴滴,10
孖寶,14
字正腔圓,3
字裡行間,7
孝義,3
孤高,1
孩童,7
學成,10
學費,27
學養,16
安樂椅,2
安裝,11
宗旨,9
定力,6
定海神針,6
定當,3
宣判,2
宵,76
家世,4
家園,13
家宅,3
家教,20
家破人亡,7
家禽,1
容乜易,6
實事,13
實務,8
實屬,9
審犯,3
寫包單,5
寬大,5
寬裕,3
寬頻,9
寬鬆,7
寸金尺土,2
射出,14
對戰,10
對撼,1
導師,11
小動作,13
小品,9
小報,5
小弟,54
小聰明,3
少不了,4
尹,12
尾燈,2
局勢,12
屁,47
屍橫遍野,5
屍體,18
屠殺,25
屢見不鮮,5
層出不窮,8
層層疊,4
履歷,20
屹立不倒,7
崇尚,7
巔峰,8
工商業,4
工會,13
巧奪天工,2
巨富,4
差不多,42
差勁,5
差館,27
已讀不回,4
市井,6
帝制,4
常委,2
常理,14
帽子,5
平實,6
平復,4
平成,7
平步青雲,4
年薪,11
度過,30
座右銘,1
廉政,5
廉政公署,3
廉潔,10
廉署,17
廉航,2
廉記,2
廚餘,6
廝,18
廢水,24
廢置,2
廢除,13
廢青,33
建制派,54
建構,15
引經據典,7
弦,37
張口,3
強求,16
強硬,23
彈槍,3
彩數,2
影院,8
得個講字,3
得手,16
得米,7
得罪講句,13
得過且過,5
從不,15
循序漸進,5
循環,37
微小,5
微軟,14
心事,27
心水清,7
心癮,4
心臟,17
心臟病,5
心裡,96
心邪,4
必理痛,2
忌憚,8
忍辱負重,4
忠實,14
忠直,7
思想家,4
思緒,29
怨婦,1
怨氣,6
怨言,6
怪獸,35
怪獸家長,15
恆指,32
恍,24
恍然,19
恐怖襲擊,23
恐防,2
恤,81
恤衫,70
恥笑,78
恨錯,5
恨錯難返,5
恩師,1
恭喜發財,20
恭賀,3
悄,24
悄悄,9
悔改,3
悔過,11
悔過書,6
悵,11
情信,14
情歌,9
惘然,8
惡作,12
惡作劇,12
惡夢,12
惺惺作態,3
愁苦,7
意料之外,36
愚蠢,23
慘死,3
慢速,3
憂柴憂米,3
憐憫,17
憤青,10
憫,17
憲章,4
懂得,44
應酬,18
應驗,5
懷緬,8
懷舊,10
懺,15
懺悔,15
成功感,4
成千上萬,15
成效,13
成語,18
戟,2
戰友,23
所作所為,14
手尾,18
手掣,6
手杖,3
手腕,18
手藝,8
手遊,1
打出,27
打印,33
打壓,19
打字,42
打尖,11
打救,11
打死,52
打波,26
打滾,21
打理,10
打真軍,6
打轉,20
扮晒蟹,3
扯上,6
扶植,3
承傳,16
把戲,6
投機,5
折現,2
折磨,26
抱擁,5
抵得,28
抵得諗,7
抵諗,2
抹殺,10
拉人,4
拋物線,3
拍掌,2
拑,4
拜見,3
拳賽,1
持久戰,2
持之以恆,3
持平,13
指指點點,12
指標,20
指責,18
按揭,8
捱苦,4
捽,46
掃盲,4
排放,5
掘金,2
掛畫,2
接二連三,8
接力,10
接著,19
推拿,2
推敲,21
推算,8
推銷,6
推銷員,2
掩蓋,15
插曲,10
插隊,7
換畫,3
換轉,6
揼心,4
揼心口,4
損手,4
搏殺,13
搏老命,2
搖身一變,1
搗亂,10
搞手,7
搶奪,2
摺遮,3
撚化,11
撞邪,7
撥號上網,2
撩,32
撩交打,3
播放,10
撲水,1
擁戴,11
擔起頭家,1
擔驚受怕,1
據理力爭,7
擢,3
擢升,3
擦身而過,12
擦鞋仔,4
擲公字,1
擲地有聲,5
擲骰,4
擺烏龍,1
改寫,21
改裝,5
放下,36
放空,10
政令,2
政局,15
敍,13
敍利亞,4
敗露,6
散彈,3
散彈槍,3
散沙,6
散熱,16
敬意,5
敲打,4
整天,8
敵對,2
數一數二,7
數理,12
斃,18
文員,10
文言,65
文革,18
斬纜,5
斬釘截鐵,12
斷然,7
斷線,7
斷頭台,4
方位,6
施教,4
施施然,26
施暴,3
旁門左道,3
日新月異,4
旨意,36
昆,18
明刀明槍,8
明日黃花,4
明爭暗鬥,3
明理,4
星期五,39
春日,5
昭,27
是否,74
是必,7
時速,4
普世,11
普教中,20
景氣,2
智商,43
智能電話,30
暖包,2
暖水袋,3
暗中,24
暗地,28
暗地裡,22
暗瘡,10
暗黑,18
暢通,10
暢通無阻,9
暢遊,3
暴動,13
暴君,3
暴斃,2
暴風,17
曉飛,5
曲線,14
更替,3
書信,10
書局,16
書本,17
書架,56
書法家,3
曾幾何時,21
會意,18
月內,8
月圓,6
月相,3
有加,3
有意無意,22
有撚,3
有望,11
有毛有翼,2
有目共睹,6
有突,10
有講有笑,9
朔,7
木馬,2
未有耐,3
未竟,5
未竟全功,4
未雨綢繆,2
末期,9
枉死,2
果糖,2
枝節,10
某些,49
柒頭,16
染藍,2
查家宅,2
查實,11
查辦,3
格外,8
格鬥,16
桌面,3
條目,14
梯隊,2
梳乎,4
棋子,8
棋盤,6
棘,13
植根,3
概括,12
榜上有名,4
構建,4
樂得,6
樂於,16
標冷汗,5
標榜,19
樽裝水,4
機位,5
機友,7
機智,3
機械,34
機械人,21
機管局,2
機警,3
櫃位,10
權術,3
權變,2
權鬥,52
次等,5
欺善怕惡,3
欺負,5
歡笑,16
止痛,4
正字,28
正是,35
正版,6
正牌,5
正義感,3
此時此刻,21
此言差矣,4
武士道,5
歪風,2
歷盡,4
死因,13
死忠,16
死機,2
死死地氣,5
死物,7
死狀,7
死狗,6
死症,3
死罪,12
死角,9
死路,20
死路一條,13
死鬼,11
死黨,23
殺傷力,10
毀於一旦,3
母親節,16
比比皆是,9
毛孔,2
毫無疑問,22
民心所向,1
水袋,3
水質,3
水銀,5
水電,4
永世,17
求生,17
汗水,12
汞,1
污染,33
汰,26
沉溺,10
沉迷,28
沉降,4
沐浴,6
沙包,6
沙紙,13
河粉,5
沼,4
沼澤,2
沽空,4
泉下有知,5
泌,5
法家,4
法寶,7
泛民,101
波浪,8
波譎雲詭,4
泥古,13
泥膠,4
泰山,15
泰山壓頂,3
洋鬼子,4
洗底,8
洗耳恭聽,4
洞察,4
洞察力,4
活潑,16
活生生,13
流動,27
流感,11
流流長,8
流程,13
浩劫,4
浪跡天涯,1
海傍,10
海嘯,41
海地,1
消滅,36
消聲匿跡,3
消解,5
消費者,13
消防,16
消防車,4
涼薄,9
淘汰,23
深受,9
深山,4
深惡痛絕,2
深痛惡絕,3
清明,11
清理,16
清理門戶,3
清閒,3
減慢,9
減肥,18
渣打,7
測驗,18
港督,10
港英,22
湊仔,13
湊大,7
湮滅,6
準繩,7
溫女,5
溫情,7
溺,15
滄桑,10
滑板,4
滑鼠,21
滔,60
滿分,11
滿心歡喜,4
滿月,3
滿目瘡痍,4
滿腹經綸,2
漂,48
漂染,3
漏夜,13
漏斗,3
漏洞,10
演技,29
演算,7
演講辭,3
漫長,22
漲潮,3
潛水,11
潮流興,3
潮漲,3
潮語,6
激動,107
瀕臨絕種,1
火候,5
火炕,2
火牛,7
火箭,15
火腩,7
災區,6
炆,5
炎黃子孫,3
炒友,3
炒熱,3
炕,3
炙,12
炮製,10
為何,38
為口奔馳,5
為時已晚,8
烏托邦,16
烏龍,3
焚書坑儒,4
無上,26
無底深潭,5
無影無蹤,13
無憂無慮,4
無緣無故,10
無須,12
焦頭爛額,4
煎熬,9
煙火,10
煙花,23
煞食,5
照肺,6
熟習,12
熟落,3
營商,7
燦,28
爆粗,23
爛口,6
爛尾,15
爭奪,6
父親節,6
版權,22
牌品,2
牙擦,4
牛奶,13
物理學,8
特製,8
特赦,3
狐疑,8
狗屎垃圾,3
狗血淋頭,3
狡猾,1
猜包剪揼,2
猝,12
猶豫,48
獎狀,2
玲,128
玲瓏,11
玲瓏浮凸,9
現金,25
理科,45
甘願,5
甚至無,13
甜酸苦辣,2
生前,26
生命線,3
生定,4
生意佬,4
生果金,9
生死關頭,5
用腦,29
由始至終,15
甲子,4
男友,113
番號,2
畫龍點睛,4
異己,4
異形,2
異樣,29
當前,15
當家,5
當家作主,3
當差,7
當打,5
當權,16
當正,8
當歸,2
當黑,6
疲態,2
病假,13
病態,11
病菌,3
痍,6
痛定思痛,6
痛改前非,2
痴呆,14
痴線,232
瘋傳,15
瘟神,2
發作,25
發大,11
發展商,3
發火,7
發炮,2
發狂,13
發癲,31
發育,7
發脾四,2
發臭,8
發財,28
發霉,3
白血球,3
百佳,14
百分之,21
百般,8
益智,2
盛世,12
盛行,7
監倉,4
目中無人,2
目光如炬,5
目測,9
直選,8
相對論,7
相片,6
眉頭眼額,4
看齊,4
真材實學,3
眨,78
眼利,2
眼濕濕,19
眼紅,9
睄,23
睇化,5
睇小,13
睇穿,17
睇起,46
睇開啲,5
知名,25
知名度,10
知情,22
知識分子,9
知音,15
石山,5
石沉大海,2
砌機,9
破天荒,7
破滅,18
破產,12
硯,3
碳排放,4
確切,6
磁,73
磁帶,4
磁石,50
磅重,1
磐石,2
神器,6
神童,7
神靈,4
禮崩樂壞,2
私利,7
私相授受,3
私自,8
科水,10
秒殺,26
秘書,100
稀奇,11
程式,55
稱之為,31
稱兄道弟,1
積分,10
穩固,4
穴位,2
空談,5
突發,90
窮鬼,3
竊取,3
立憲,3
立法局,2
立足,11
童真,13
笑料,6
笑死,23
第度,7
第時,24
筆友,3
筆墨,5
管束,3
管理員,17
節拍,19
節食,3
篤信,4
籃球場,7
粗淺,9
粟,34
精力,33
精神病,22
精美,3
精靈,40
糊口,6
糖水,33
糟蹋,9
紀念冊,4
約束,13
紅塵,9
紅樓夢,12
純熟,13
紙上談兵,4
紙張,11
級別,7
紫外線,5
累事,6
累人累物,6
細菌,9
終年,5
終極,50
終須,7
絃,2
結義,4
絕世,10
絕唱,2
絕學,9
絕情,7
絕技,8
絕種,5
綑綁,7
綠寶石,3
維也納,1
綸,3
緣木求魚,4
編排,9
總而言之,23
總部,28
繼任,4
繼任人,1
纏繞,11
罕有,16
罪犯,7
罪證,6
罷工,15
羅里,2
美貌,13
羽毛,11
羽毛球,6
翩翩,7
翻天覆地,11
翻生,6
老不,5
老人痴呆,5
老味,39
老子,14
老牛,4
老粗,1
老翻,16
老行尊,2
老西,3
老餅,15
老鬼,6
耐性,44
耳濡目染,10
聆,17
聆聽,10
聖旨,4
聯會,21
聲嘶力竭,12
聲東擊西,2
聲沙,2
聲波,5
聲譽,10
聽筒,25
肅貪,2
肆無忌憚,6
肚瀉,2
股東,12
股災,6
胡亂,49
能耐,6
脆弱,21
腐朽,5
腦退化,4
腳踏,19
腳踏實地,10
腳骨,7
腳骨力,7
膠囊,2
膾炙人口,6
臟,29
自把自為,7
自殺式,5
自由自在,5
自私自利,6
自行了斷,4
至無,16
致命,38
與時並進,11
舉中指,1
舊款,4
舊電池,2
航空公司,7
航運,2
良心發現,5
良莠不齊,5
艱深,13
艱澀,7
芙,3
芝麻綠豆,5
花甲,5
花繩,2
花錢,4
苦中作樂,2
苦悶,4
英明,15
英明神武,3
茫然,24
茫茫,17
茶室,5
茶餘飯後,9
草原,7
草根,12
草根階層,4
荊棘,8
荷爾蒙,3
莊子,23
萌芽,8
萬千,25
萬有引力,4
萬聖節,15
落力,22
著力,3
蓉,8
蔗,9
蔗渣,6
蕩然無存,8
蕭,42
蘿蔔頭,8
處理器,4
蛋散,27
蝙蝠,6
蝠,6
螺絲,20
蠻不講理,2
血汗,10
血濃於水,3
血球,3
血肉之軀,1
血跡,7
行屍走肉,10
行徑,12
行李,50
行檔,1
行氣,4
行走,17
行頭,9
行駛,8
街場,4
表裡不一,2
衰仔,23
衰到貼地,5
衰敗,4
袖子,1
裂痕,4
補身,2
裨,2
褒,8
褒獎,3
襄,11
襲擊,37
西區,16
西半球,1
西褲,16
西醫,14
要生要死,15
見利忘義,3
見過世面,3
視乎情況,7
視而不見,3
覷,3
觀察入微,2
觀察力,8
解放,20
解說,20
言之成理,5
訓斥,10
記憶力,7
記憶體,3
詐,42
詐癲納福,1
評頭品足,7
試探,33
試用期,5
話咩,43
話唔定,49
話知,14
話知你,7
認命,6
誕生,14
誘因,20
誠信,18
說穿,15
課本,5
調理,6
調走,1
調轉頭,8
談判,21
談戀愛,20
諉過,6
諉過於人,6
請問,48
請食飯,9
論斷,6
諧星,2
諱,10
諱言,3
謀生,3
講得口響,3
講理,6
講真,117
講穿,11
講聲,26
講閒話,2
謳,9
警惕,13
警犬,4
警隊,24
議會,81
變天,4
變節,2
變聲,4
豁,38
豁達,2
豫,48
負碌,9
負評,8
貨倉,7
貨品,11
貪心,9
貪戀,2
貴夾唔飽,2
貼現,3
賀,34
資優,5
資質,8
賊船,3
賞花,4
賣相,2
賤人,23
賤種,3
質量,9
賭場,16
賭錢,8
贏家,11
走地,3
起名,4
起跑,12
起跑線,11
起頭,28
超任,9
超然,9
超生,7
超頻,29
趕客,6
趕盡殺絕,4
足足,52
跟機,5
跳水,4
身不由己,6
身位,9
身同感受,4
身材,91
軀殼,11
車厘子,5
車尾,11
車尾燈,2
軍情,3
軟弱,13
輕微,15
輕浮,3
輸蝕,8
輸贏,7
轉任,2
轟轟烈烈,6
辦事,18
農曆新年,18
迎頭,10
迎頭痛擊,5
返魂乏術,2
迫不得已,12
追憶,7
追斬,3
追逐,24
退一步,21
退稅,3
退股,3
逃之夭夭,4
逃出,17
逃生,17
逆境,7
逆線,3
逍遙,8
透徹,12
透支,6
通宵,27
通情達理,4
速遞,4
連珠炮發,8
連線,9
連鎖,16
逮,9
逮捕,5
進佔,3
遊俠,1
遊戲規則,28
運算,11
運行,8
過世,17
過來人,10
過場,11
過大海,4
過氣,2
過熱,4
過關,23
過關斬將,2
遞進,4
遠離,32
遭遇,42
遵守,14
遺傳,5
避無可避,5
邊會,56
郁下,14
郭,293
都似,26
鄉音,7
酷刑,3
醉翁之意,5
醜惡,21
重災,4
重災區,4
重磅,6
重覆,71
重賞,1
重陽,13
量化,15
量化寬鬆,3
量子力學,6
釐,11
金屬疲勞,4
金幣,7
金手指,8
金文,14
金牌,26
金陵,1
金龜婿,1
釣金龜,1
鈴,52
鉛筆,11
銀主盤,1
銜頭,9
銷毀,4
銷量,6
鋤D,3
鋪天蓋地,2
錄音帶,9
錐,8
錐心,7
錯別字,7
錯覺,24
鍵盤,9
鐵腕,3
鐵餅,2
鑽窿,2
長做,6
長做長有,2
長輩圖,2
長途電話,2
門戶,6
門神,1
閂埋,27
閉塞,4
開口埋口,18
開啟,13
開市,12
開拖,12
開放日,5
開關掣,2
開飯,23
閒話,17
閒閒地,12
闕,3
關公災難,6
關卡,5
關門大吉,3
關頭,34
防守,10
阿叔,88
阿婆,87
阿燦,5
附庸,3
附庸風雅,3
除衫,13
陳舊,8
隆重,5
隆重其事,3
隨機,32
隨身,15
隱形,6
隱形眼鏡,2
雀巢,5
集中營,4
雙面人,1
雞毛蒜皮,2
離奇,24
離子,13
難以想像,15
難分難解,2
難聞,10
難講,16
難頂,29
雨遮,10
雨點,4
雲吞麵,29
雲端,2
雷電,3
電壓,3
電話線,5
電鑽,2
霸權,17
青山綠水,7
青島,24
青靚白淨,3
靖,10
非賣品,3
面具,20
面皮,11
面目,38
面臨,15
面試,33
面部,10
面面俱圓,4
鞭屍,7
韜,7
音調,6
音質,2
韻味,17
頂啦,4
預定,1
預祝,4
頭也不回,15
頭架,8
頭緒,22
頸渴,2
願望,25
顛沛流離,6
顯微鏡,5
風扇,19
風氣,32
風水,27
風聲,18
風雲,14
飛黃騰達,4
食花生,29
食蛋,2
食鬼,13
飢,18
飢寒交迫,3
飲宴,5
飽讀詩書,2
養尊處優,2
養成,6
養活,6
養生,12
饑,7
饑寒交迫,1
饑荒,3
首期,13
香水,8
香港地,17
香港大學,12
馬會,13
駁斥,13
駕到,4
駕臨,3
驗屍,4
驚歎,3
驚訝,80
驛,5
驛站,2
骯髒,4
髒,8
高呼,33
高樓,16
高清,9
高潮,28
高登,180
高等教育,4
高舉,27
高雅,7
高高在上,13
鬆懈,7
鬧劇,3
鬼哭神號,1
鬼唔望,1
鬼子,5
鬼死咁,11
鬼臉,6
魔女,3
魚滑,2
鱷,8
鱷魚,7
鳳姐,3
鴉片,8
麥記,19
麻醉,14
黃包車,6
黃賭毒,4
黎生,5
黐立立,1
黑歷史,1
黑箱,8
黑箱作業,5
黑糖,2
黑警,23
點化,3
點歌,2
點止,8
乘客,101
交更,1
冚旗,1
分鏡,1
創出,2
咖啡仔,1
喜出望外,4
圈套,10
屎忽,39
感召,9
手神,3
投入感,2
拒載,2
撞手神,1
淥,8
無邊,21
牌子,20
男主,37
異能,2
相撞,5
素材,4
經紀,13
綠燈,23
維港,20
罐裝,1
美金,24
老屎忽,14
色盲,2
西環,24
見工,70
親切感,11
貓奴,2
轉動,15
配音,15
開首,7
陷阱,23
離鄉別井,5
電車,39
電車站,2
面試官,2
鱔稿,2
weak,3
一絕,8
一腳踢,16
下榻,1
不經不覺,9
並用,7
中風,5
但凡,7
兩手空空,5
刺身,4
包保,5
卻步,4
唔好過,6
喘氣,21
夠腳,2
岸邊,18
快捷,4
打魚,3
捕獸器,1
攀山涉水,2
欄杆,13
歇腳,1
止血,4
温泉,1
留念,5
疊水,1
穿插,7
美景,6
聽見,20
落難,2
藝伎,1
血流如注,2
迎面,12
返歸,10
銹,4
不成文,3
務必,3
原子,22
原子序,1
可有可無,4
專名,11
查詢,8
檢索,1
物種,21
的說,17
簡寫,2
置頂,2
職稱,1
詞條,37
譯名,5
通順,7
附加,11
on99,10
三幾,7
佇,8
另當別論,1
唔嘢少,1
山澗,1
差錯,4
差錯腳,1
懷疑人生,1
手軟,4
斜度,2
毒撚,26
粉筆,5
粉筆字,1
自虐,11
蚺蛇,1
險要,1
信箱,15
區議會,30
外公,17
家訪,7
應急,4
超額,4
前任,1
區議員,27
天時暑熱,5
康乃馨,3
立夏,1
罔顧,2
老友記,2
行人天橋,4
mask,3
won,17
清洗,10
窒息,20
索取,2
網址,3
郵局,1
J圖,2
一言一行,4
不實,7
不支,3
中聯辦,30
人權,23
代購,1
保皇黨,8
入稟,5
分發,4
初選,1
功勞,10
司法覆核,10
哄騙,2
商戶,3
噪,16
噪音,9
報警,65
多半,20
多口,12
大細超,1
密鑼緊鼓,2
尋仇,4
屎渠,1
幕僚,2
性騷擾,18
手足,16
抑或,43
抹黑,14
接送,2
撰寫,3
新手,10
星期二,10
梁,270
求助,6
津貼,13
流言,10
浪潮,4
消毒,10
漂白,5
漂白水,5
澄清,22
無中生有,3
瑣,19
當選,32
病患,12
發聲,21
真面目,8
督促,3
積壓,1
糾紛,4
繁瑣,3
續租,2
老鼠藥,1
聆訊,7
與及,6
落區,3
血壓,3
血糖,1
街站,20
覆核,11
記者會,9
貶低,8
趕及,1
踢爆,8
辦事處,4
連日,8
過底,1
鑼,47
開設,2
關注組,8
陣營,11
雪亮,1
霸佔,2
順道,2
食環,12
食環署,8
首頁,2
騙,43
點對點,1
黨派,4
一意孤行,7
僭,22
僭建,20
全文,17
公堂,2
對簿公堂,2
牽制,3
監察,26
責無旁貸,3
高院,2
今個星期,5
夜深,7
夾板,1
打斷,40
擾人清夢,1
日間,7
渠蓋,2
跟進,13
鋪墊,13
震動,21
一聲令下,5
不知所措,11
任命,8
偷雞,5
傀儡,7
傲視,4
共和國,12
印證,6
合憲,2
同儕,7
土共,5
堯,5
大律師,11
奉上,2
工聯會,12
左支右絀,1
差在,11
常秘,2
底氣,1
心腹,7
怯,16
授予,2
接管,2
揭開,7
損害,3
搞大,12
撿,7
擋箭牌,3
政見,7
施政,8
昨日,9
書記,5
樹枝,8
機密,23
歸邊,3
決裂,3
深遠,10
爪牙,1
玻璃心,5
甘於,14
白紙黑字,7
監督,10
直屬,5
省市,1
眼中釘,4
程序公義,2
絀,4
經此一役,1
編撰,2
縱觀,5
聶,1
肆意,7
肉中刺,1
能否,13
致歉,5
行政長官,25
言不由衷,3
註定,15
評級,8
論政,15
謊,15
謊言,7
資深,16
越權,1
進退維谷,1
遮醜,2
遮醜布,1
重整,3
長官,31
開底,1
降格,4
降級,1
顏面,2
首席,12
高齡,1
魔爪,3
黃鼠狼,1
CID,13
三番四次,3
不了了之,10
不偏不倚,2
交差,8
人禍,3
今早,5
來電,16
保密,11
兇徒,6
助理,17
口供,19
周末,16
報料,2
多達,7
屍骸,4
幹勁,1
後知後覺,6
微不足道,10
心血,30
懼怕,6
折斷,3
昨晚,15
曝光,10
木板,17
案發,7
樺,25
橫額,15
歸案,1
片尾,6
理大,11
目擊,4
目擊者,2
糞,5
糞便,2
緝拿,1
縱容,3
老年,9
聲響,31
肥胖,3
胖,8
自救,10
萬萬,17
行兇,9
裱,2
走遍,1
辦案,1
選區,15
面目全非,6
預謀,8
頹垣敗瓦,3
默許,2
𠝹,5
𠝹刀,2
個人衛生,5
善長,4
崗位,16
應變,17
打聽,4
收縮,3
管理處,9
脫軌,1
議政,3
通告,6
住戶,2
卡拉OK,33
尖沙嘴,27
流鼻水,3
發病,8
白車,15
腹瀉,1
送院,3
防護,18
電梯,78
鼻水,10
分析師,6
圖表,8
增持,1
市場價,4
減持,1
炒燶,1
炒賣,8
癡線,4
血本無歸,5
變動,5
跳海,6
一闊三大,1
哩數,2
執屋,5
帳幕,8
捉蟲,2
捉魚,8
揾錢,3
方程式,24
經驗值,5
賣錢,6
ICU,3
RN,3
一塌糊塗,3
下旬,2
下滑,4
下火,5
乳腺,1
于,15
人傳人,7
住院,6
作戰,17
來龍去脈,24
倒返轉,6
做主,14
做手術,11
儘快,2
入邊,11
內科,3
公安,10
冠狀病毒,11
出邊,10
分泌物,1
半徑,3
南京,10
受訓,4
口腔,4
吉利,10
吹雞,14
哮,21
哮喘,4
唔著,33
坐監,35
垮,4
堅決,29
外傳,6
外傷,1
外科,25
大不了,26
失誤,12
好聲,16
好聲好氣,10
妊娠,1
妹妹,85
姪,8
字畫,3
密切接觸,1
專訪,6
工作狂,7
年資,7
康復,8
廣西,6
往常,1
後年,7
得人驚,24
心頭,38
忙碌,14
急症,7
急症室,3
恐慌,15
患病,3
患者,17
慘重,3
成就感,5
截止,5
手術,28
打低,4
抑制,3
搶救,6
擔憂,10
支氣管,2
斥責,8
新冠肺炎,2
旬,3
昏迷,34
暈低,10
月刊,1
有性格,6
有病,29
本心,6
死亡證,2
毒性,2
氣管,5
水面,17
泄,23
泄露,1
泌尿,1
激素,1
瀨,36
火線,7
琦,32
生事,7
生病,5
用藥,3
甲狀腺,1
當事人,16
疾呼,11
病例,2
發熱,16
真話,10
眼白,3
眼白白,3
眼科,3
睇病,4
私下,10
科長,3
秒鐘,17
糖尿,5
糖尿病,4
翻來覆去,1
老伴,1
聯歡,1
職能,7
膿,12
臨床,3
良知,13
菁,4
華南,7
落班,2
薇,10
血管,13
衣著,31
褂,1
視頻,3
診斷,1
話之佢,1
誡,9
談話,10
諗翻,2
起見,10
車房,1
轉發,4
返來,7
通暢,2
造謠,4
造謠生事,2
進去,11
遭受,10
醫務,10
醫師,3
醫術,3
重病,3
金石,1
銀雞,3
門診,4
院長,6
難搞,7
難關,5
須要,38
領導,51
骨幹,7
高燒,4
高考,22
高跟鞋,14
龔,5
R頭,1
僵,31
僵局,2
冰凍,4
凍房,1
壟,25
壟斷,24
委任,10
持牌人,3
燒味,6
界別,7
組別,8
表格,9
記號,5
議席,11
超區,11
食堂,1
鹵,4
鹵味,3
乳液,1
互補不足,5
充電,3
冚家,32
冚家拎,1
前菜,2
咸,38
咸濕,3
太極,6
女女,17
少甜,3
性工作者,16
性感,23
打丁,2
撚樣,26
收斂,14
斂,18
漂亮,21
無拘無束,3
甜點,1
男女平等,4
與生俱來,7
過夜,12
除了,35
陰柔,1
陰陽,27
鹹魚,15
memo,13
scan,5
出貓,25
嘔吐,14
是咁的,10
公轉,2
唯獨是,6
回歸年,1
圍爐取暖,3
年終,6
年長,7
曆法,12
月份,12
月小,2
犯人,22
贖罪,10
閏,10
閏年,6
除唔盡,1
除得盡,1
雙數,6
南方,10
地支,8
換領,2
擔當,5
發情,2
停運,1
傷風,9
公院,7
口誅筆伐,12
呈報,1
喺道,11
執業,3
士卒,1
天職,1
尊貴,5
屬下,4
工業行動,1
感冒,12
成本價,2
掛牌,1
摒,10
浸信會,1
湖北,8
率先,17
癥,7
硬食,7
祿,11
缺口,11
荃灣,21
落更,6
衣物,3
資料庫,9
身先士卒,1
醫德,2
ABC,14
Miss,19
band,15
fing,22
gag,15
test,17
一覽,4
上香,14
乞人憎,18
佛像,1
佛學,10
佛經,2
佛誕,9
佛陀,5
借啲意,6
入世,9
全套,11
六道輪迴,3
刨,18
前因,6
前因後果,3
副產品,4
勞動節,2
叩,2
叩門,1
合十,6
唔係路,12
唸,37
嗡,16
回教,3
地表,8
墮胎,1
大法,11
大隻佬,3
大食,9
大食會,1
妮,25
寒假,1
成事,26
放榜,7
教條,12
易入口,10
星星,22
晒冷,11
校友,8
校服,17
業績,22
樂團,11
流汗,5
清幽,4
清明節,1
班主任,24
男神,12
瞓著,32
神怪,2
禮堂,11
競猜,1
競賽,10
結業,8
聖詩,6
背向,3
英文中學,3
落台,17
蘇粉,1
話劇,6
諦,5
通識,14
違和,9
違和感,4
釋迦牟尼,5
長袖,12
開學,7
靜觀,1
香油,1
驚青,8
齊全,4
世衛,3
交易所,6
付諸,20
付諸行動,1
倚靠,6
公民社會,4
各師各法,1
各施各法,1
商譽,1
回落,5
妄自菲薄,7
守則,20
巴士司機,4
市面,22
扶持,5
據稱,2
新加坡,28
明星,24
星洲,2
有利可圖,2
有為,15
洪都拉斯,1
琳,16
疏忽,3
省招牌,1
等運到,4
老生常談,6
聲部,1
調動,5
贊同,8
起市,1
跟從,3
轉讓,2
這樣,163
醜怪,1
鋒,88
阿布,1
面口,13
BT,16
主權,29
亂象,2
亞太,13
分界線,1
匯市,1
厚道,8
國難,3
天賦,9
害死,26
情意,10
情意結,7
手指罅,3
捲動,1
收生,2
新興,5
校規,61
氣憤,4
濕鳩,15
無關痛癢,6
爬頭,1
癢,20
細節位,3
經濟體,13
維穩,14
話頭,7
豬扒,21
金管局,5
雕龍雕鳳,2
類近,7
風眼,4
鯉躍龍門,3
一念之差,2
世世代代,2
代代,3
催淚,40
催淚彈,35
前後左右,1
受損,6
可敬,6
器官,19
墊底,1
安全感,14
強者,5
急救,3
意向書,1
承載,5
抵擋,2
捐贈,11
梳洗,4
無助,19
無言老師,2
爾虞我詐,3
特長,2
猜忌,2
獻出,5
發死人財,1
相食,1
立國,3
簽署,3
虛無,27
行之有效,6
證人,6
賤賣,3
重創,4
閃耀,3
非但,9
fake,3
上便,3
佩戴,3
俊,92
先先,2
公物,5
原理,27
可免則免,3
外科口罩,14
射線,2
拜拜,36
掹,18
插蘇,4
擠迫,4
栢,10
梘,9
櫃桶,14
污糟邋遢,4
沖廁,11
火酒,1
番梘,7
紙巾,50
紫外光,4
總監,4
纈,1
老泥,4
耳仔,46
蝴蝶結,4
謠言,14
輪住,3
邋遢,20
醫管局,3
鐵線,6
門柄,5
閂門,27
電動,3
電源,5
青衣,15
顯示屏,1
風琴,3
做媒,4
固體,8
塑膠,15
油漆,1
法令,15
溶液,2
膠水,3
出書,20
厲害,13
自創,10
上乘,3
事宜,3
交由,1
好歹,8
放行,2
派員,4
疲累,3
眼罩,4
置之不理,5
船員,4
螞蟻,9
設想,11
豬嘴,1
一點一滴,12
任內,2
倒退,13
光環,32
公諸於世,4
凌遲,2
加熱煙,3
同志,12
咇,6
唱歌,66
國企,5
指點江山,5
昏庸,1
極點,10
毒藥,4
爆煲,7
特區政府,22
研發,5
禁煙,5
竉,1
糖衣,2
老板,9
補刀,1
警局,6
超標,4
超班,4
農藥,1
過失,15
重金屬,2
顧全,6
JJ,24
OK啦,5
之嘛,35
做乜嘢,15
傷身,7
出院,22
吔,10
哎吔,3
唓,12
喉嚨,37
喉嚨痛,2
多事,34
底面,2
收症,1
收線,59
災難級,1
藥膏,2
造型,10
醒目,16
高峰期,4
鼻哥,10
鼻哥窿,9
M巾,3
sem,15
一地都係,3
一於,55
一炮過,3
你們,148
使命感,3
出動,26
分屍,3
到一個點,17
加餸,2
勁揪,2
千辛萬苦,4
司空,4
司空見慣,4
吊雞,1
周時,3
呻鼻涕,1
唐氏,1
埋牙,6
大班椅,2
姨媽巾,1
婆仔,7
媽媽聲,1
實習,10
寨,15
寬闊,4
尿片,3
屙尿,14
山寨,7
常客,2
床位,9
床頭,11
忍痛,4
手套,13
打冷,21
打冷震,13
打趣,3
抽痰,1
抽血,1
拉隊,3
排山,3
排山倒海,3
接job,1
揪,12
攻讀,2
敏捷,2
果籃,7
棉被,3
正比,3
歷時,6
沙甸魚,1
注意力,19
渡假,4
漏M,1
濕紙巾,4
照殺,3
牙刷,1
猜枚,11
珍而重之,3
用量,3
痰,13
發炎,6
祖國,21
究極,3
算吧啦,4
粉飾太平,2
綜合症,1
維他命,5
縮骨,9
老尷,6
聽從,4
胃液,1
自由身,1
苦戰,1
藥用,1
血壓計,1
血水,6
血液,9
覆診,1
請假,18
豆沙,3
豆沙包,1
身手,4
進出,7
遍地,16
遍地開花,4
醫院餐,1
長褲,13
闖關,1
防水,3
雞咁腳,3
骨折,4
體液,4
高空,7
高空擲物,1
鬼門關,7
魚柳,2
魚蛋,49
鯰魚,1
黏力,1
沾染,1
病原體,1
乞嚏,9
人造,10
入廁所,13
功效,5
卸除,2
含有,4
咳嗽,14
如廁,1
密封,7
徵狀,4
打乞嚏,4
摺痕,3
梘液,2
橡筋,3
毛巾,17
求醫,4
污垢,2
沖洗,2
潛伏,6
潛伏期,4
病徵,3
緊密接觸,2
自亂陣腳,2
蓋上,3
虛報,1
觸摸,10
逗留,7
適量,3
野生,5
陽性,1
風口,1
餐具,1
馬桶,11
鼻樑,5
三角戀,3
低估,10
佘,2
佢老母,18
佳作,9
係咁上下,10
偶有,5
傳教,24
傳教士,23
入波,12
公館,1
凈,3
劇組,2
勵志,16
卡士,1
叻仔,12
名流,3
吳,73
吹咩,11
呵欠,7
四仔,5
型格,3
天才橫溢,1
失焦,4
失身,8
奀星,3
姿色,3
婚前,8
孚,8
小三,10
巴閉,16
市道,2
彭,35
怕且,4
情情塔塔,5
戲院,43
才俊,49
打動,6
把撚,3
招架,8
捕獲,4
摑,20
收得,16
晨曦,3
曦,6
會談,2
欽敬,1
正印,6
武斷,7
死士,3
炮友,7
特技,16
狠狠,55
獨家,21
玉女,2
班底,4
琛,265
皮嘢,13
相好,3
票房,8
第三者,38
筍盤,3
筠,1
紀念日,31
細半,1
綠葉,6
編導,4
置信,16
美孚,4
能手,13
蔣,9
蝕本,3
蝕錢,7
說服力,23
賀歲,5
賀歲片,4
轉折,8
過客,13
金童玉女,1
開戲,6
雖則,37
驚為天人,6
鬆餅,3
bid,9
不失為,9
乃係,9
作風,12
側跟,3
傻更更,6
劏房,22
北行,7
南北行,1
嗒,14
城隍,2
大角咀,1
慈善機構,2
油麻地,19
祝融,1
秋祭,1
董事,9
話時話,18
譁,3
買辦,3
酉,1
須知,5
CD,41
VCD,16
frd,7
做假,7
優惠,13
冚家鏟,3
卡式帶,2
台戲,4
合拍,4
合拍片,4
名目,4
咪玩啦,19
基本功,3
宗師,6
後代,11
恃老賣老,2
打拳,4
扮晒嘢,2
招式,7
擂,12
擂台,6
替身,6
死開,4
殘廢,6
洋腸,1
爛片,15
特工,3
痴撚線,18
空手,1
空手道,1
細細粒,19
繡,9
老本,11
聲援,8
肉赤,2
腦殘,6
臨記,4
花拳繡腿,1
荷李活,2
華而不實,1
虛心,3
週記,4
還好,17
重出江湖,1
門派,10
食老本,5
黑夜,10
〇,9
一蚊雞,1
上文下理,2
串連,6
亂七八糟,7
付諸一炬,3
保鑣,7
傳電,1
價值連城,2
前妻,3
力求,6
喊出嚟,6
喊晒口,1
大吉利是,4
奇葩,2
奸計,8
庵,2
庵堂,1
忟憎,3
恕,25
才疏學淺,2
打和,8
撕裂,7
收科,7
新年流流,6
有板有眼,1
梳化,38
派彩,2
流嘢,2
痴情,4
真偽,3
蚊雞,5
親生,8
詼諧,1
釐清,6
長江,5
點收,16
一年一度,10
一年到晚,5
佗,1
佗衰,1
你就想,10
倒垃圾,5
全朵,8
叫起,9
單數,4
嚡,2
大魚,16
大魚大肉,4
娘家,5
已婚,14
年三十晚,6
年年有餘,1
意頭,6
晏覺,8
殺生,2
無時無刻,12
爽利,2
玉皇大帝,9
瞓晏覺,7
破財,1
禁忌,5
積落,7
精神爽利,2
襟用,2
西方人,5
諸事,8
豐足,1
財運,1
赤口,2
軍訓,1
除去,5
髮菜,3
點名,6
一丁友,2
上神枱,1
偏激,5
啷,6
啷口,1
大是大非,4
屌你老味,9
年少氣盛,3
擦邊球,2
收歛,8
歛,10
神枱,2
表態,11
親中,5
買兩邊,1
賬,17
走紅,2
飯局,12
串嘴,6
亂臣賊子,1
大喝,28
恭敬,7
拎走,41
揮春,4
撈亂,1
旗袍,6
烏紗,1
翎,3
自吹自擂,3
講到話,6
貪官,1
貪官污吏,1
逼真,5
鈞,24
倒戈,4
傻仔,36
出術,5
割蓆,4
卑鄙,10
協會,10
和理非,15
大叔,99
孫女,6
官僚主義,2
尸,10
尸位素餐,2
席位,6
打爆,18
拳擊,7
捉鬼,6
救星,3
機會主義,1
甜頭,5
緊身,7
譴,11
譴責,11
辯護,16
頂級,13
騙局,4
傲嬌,19
勉為其難,6
半推半就,7
句法,15
問句,9
善事,5
回覆,44
大絕,7
就範,26
必殺技,4
故作,38
直斥,1
直斥其非,1
省略號,5
睇場,5
萬分,22
萬用,1
蠢材,6
詞綴,3
遲疑,17
長篇,24
長篇大論,14
CV,14
不切實際,14
並未,8
串法,6
代詞,6
俗字,3
候選,57
借詞,19
假借,13
假名,23
充斥,37
冤枉,15
冤枉路,3
分判,1
分歧,19
列舉,3
列表,5
助詞,6
否決,9
告誡,1
命不該絕,4
唨,1
啫啫,7
地除,5
奸爸爹,1
字根,6
尐,79
尚可,2
底層,15
廣州話,11
弱化,4
後綴,3
想話,36
意願,13
扤,2
拉丁字母,2
拼音,67
擬聲詞,5
改良,11
政體,4
歧義,17
潮州話,2
現行,4
生僻,12
略過,2
異體,9
異體字,9
瞓低,11
短訊,33
砍掉重練,4
硬性,5
粵拼,25
細楷,1
聲母,12
脫落,5
腦電波,26
自自然,9
自自然然,7
訓讀,1
評分,18
語素,9
諺文,4
變體,10
這兒,5
這裏,7
闡,11
闡述,6
電波,29
韓語,8
音符,10
韻母,6
保良局,4
偏食,10
內閣,4
印尼,3
太陽眼鏡,8
專頁,13
幹事,7
成因,3
日偏食,8
日全食,3
暨,5
書院,11
望遠鏡,3
濾,16
濾鏡,2
現屆,1
直播,35
肉眼,6
菲律賓,16
詳情,16
針孔,3
食相,2
鳴謝,3
亡命,4
亡命之徒,2
低俗,9
升lv,1
小說家,7
沉醉,14
瑰麗,1
生氣,14
粗俗,12
粗鄙,4
縮小,2
觸覺,15
買單,2
釐定,2
金剛,10
下來,45
依然故我,4
全球化,13
出一分力,4
否認,50
妹仔,40
妹妹仔,33
抨,13
抨擊,9
摸索,9
敵意,8
施壓,9
明智,6
治理,8
消除,18
無可否認,15
罪惡感,6
能源,4
萬惡,4
製造商,5
逼使,1
集中火力,2
順從,5
份內事,2
保衛,12
催生,5
內容農場,1
全方位,2
切入,13
周全,4
善忘,7
土產,2
圳,30
大灣區,3
寒蟬效應,1
底蘊,9
恆生指數,5
抵制,12
接通,12
氛圍,6
深圳,29
港鐵,18
為伍,4
玩味,10
玩玩下,20
睇鬼,2
粒子,9
虛無飄渺,13
豬隊友,3
貫徹始終,1
阻嚇,7
陋習,1
雪崩,1
下跪,5
中二病,6
中出,42
出夜街,3
受洗,4
夜蒲,3
底底,1
律政,11
律政司,10
後日,11
忽得,1
拒捕,3
旁聽,3
樣辦,3
泛民主派,12
禁制,4
禁制令,4
蛋治,5
車門,18
靈體,8
靜默,25
頻頻,6
顧住,8
卸任,2
實習生,3
尉,9
接替,1
謝意,2
謹啟,8
DSE,30
九巴,7
九鐵,2
位數,21
內功,8
出神,11
出神入化,7
城巴,1
場區,1
大站,1
巴膠,2
幹道,3
心法,7
接駁,9
新巴,1
東隧,2
特快,2
由淺入深,3
紅隧,5
葵青,3
西隧,1
路痴,2
馬場,2
高鐵,22
人倫,2
恆久,2
改換,1
敏銳,7
歡愉,1
漫天,6
CEO,10
DT,2
F5,3
MB,7
ptgf,27
主管,40
事隔,6
互斥,1
人證,5
作答,5
佣,10
便服,5
借問聲,2
偽科學,4
內向,6
十居其九,1
占星,2
含糊,13
唐餐,2
喔,18
基佬,5
外向,4
如估,1
學霸,2
富士山,1
專注力,5
山洞,2
年晚,1
廢柴,74
彩蛋,3
恒,36
恒星,1
感知,9
援交,4
搣時,3
星球,11
曲奇,6
更正,9
有創意,9
架妹,4
模稜兩可,2
殊途同歸,5
水尾,5
波音,2
瀨嘢,2
獨立思考,7
當神咁拜,1
真心膠,5
硫,3
硫磺,1
穩健,3
筆畫,5
篩選,12
精液,9
精算,3
絲絨,1
網紅,1
老虔婆,1
芝加哥,1
證據,60
豪放,1
財演,7
跎,4
蹉跎,3
過廟,3
遠東,3
酸鹼度,1
金色,14
鋼琴,15
關懷,20
阿頭,200
驗血,1
體貼,20
黏液,1
hae,8
好心機,6
廣東菜,1
瀕危,4
自我介紹,7
伸手,30
公布,20
取決,13
召集,5
召集人,3
土瓜灣,6
堅信,7
大眾媒體,1
後天,16
得當,21
戰線,3
招待,5
新聞稿,9
温暖,1
補選,10
請教,8
追上,16
順口,4
黎明,38
你老母,125
列車,26
包拗頸,15
十足十,18
危及,1
屌你老母,69
幫口,2
廝殺,7
慌忙,36
手袋,35
拗頸,16
換衫,13
收嗲,2
暴徒,12
月台,39
棒,47
藤條,9
西鐵,2
親眼,18
跌低,9
車廂,67
車頭,10
追打,7
開走,8
靠嚇,8
鼓噪,1
一份子,9
不聞不問,4
中南海,6
健在,8
刺耳,9
剛愎自用,2
創下,1
動能,3
升旗,5
喪心病狂,3
委任證,4
娥,9
悲憤,4
搖尾乞憐,1
搞出人命,5
撤消,1
智力,8
死諫,1
沖昏,2
沖昏頭腦,2
演講詞,1
知恥,3
自盡,8
討價還價,5
謝罪,3
警力,10
豐功偉績,2
豹,15
還價,5
鐵石心腸,3
麻木不仁,1
一帶一路,9
一拍即合,7
上街,26
不自量力,5
世貿,3
中門大開,2
主導,16
主攻,1
九號,4
人類學,6
休養,5
休養生息,2
僭越,2
充分,11
克制,6
內斂,3
全速,6
出師,9
出師有名,2
前車之鑑,2
助長,12
原子彈,2
句號,11
吩咐,14
單邊,4
單邊主義,1
囂張,9
執迷不悟,7
大計,19
奪權,1
安守本份,2
實彈,2
平穩,10
復甦,1
志向,5
急於,8
急於求成,2
急速,25
怪罪,1
意識流,4
愚昧,11
應份,5
把握,43
捐軀,3
揭幕,3
撬,6
撼動,5
整潔,8
昭和,2
普選,46
有條不紊,2
棋局,6
構想,1
治國,14
火速,7
為國捐軀,3
犧牲品,3
瓦解,8
生息,2
癡心妄想,1
睇見,20
破釜沉舟,6
稱霸,9
簡而言之,4
粉身碎骨,9
紊,2
自取其辱,2
自相矛盾,8
自立門戶,2
荷槍實彈,2
菊,20
蘇維埃,1
處身,8
蝦蝦霸霸,4
蝦霸,4
血肉橫飛,3
親歷其境,5
記掛,6
訪客,3
誤判,12
諭,9
走火,11
走火入魔,10
軌跡,7
釜,6
閉幕,1
開闊,2
隅,2
韜光養晦,2
一唔係,3
一文不值,7
三權分立,10
事態,14
人身攻擊,9
侃侃而談,7
倒車,3
傾倒,8
兌換,6
冷感,5
切身,7
助選,2
奏效,1
孤立,7
小點,5
山雨欲來,3
庇護,7
建交,2
彬,5
彬彬有禮,1
急劇,9
掌權,3
掖,1
操之過急,2
放權,1
機不可失,12
淺薄,1
潑婦,1
灰心,10
獨力,4
生殺大權,1
監票,2
目光短淺,1
精神錯亂,8
終止,12
聊勝於無,5
自暴其短,4
行禮如儀,4
見機行事,5
費唇舌,3
越戰,2
辯證,10
重擊,10
非黑即白,5
風向儀,1
首當其衝,2
高唱,3
黃絲,7
二等,3
二等公民,1
分體,1
國破家亡,1
巨變,1
愛爾蘭,3
日元,2
朝氣,2
樂而忘返,2
沖繩,13
波及,5
消磨,15
無可奈何,14
琉球,11
蕭條,7
薈萃,2
藩,8
西文,5
轉手,5
進貢,1
遭逢,1
hack,3
三五成群,7
上會,6
上環,9
人身安全,4
人身自由,1
佈防,13
便衣,1
保釋,17
偵,24
偵探,23
偷聽,22
光明正大,5
冇得救,2
力抗,3
動用,8
可信,19
呈堂,2
周詳,4
單程證,8
夠喇,10
大陣,8
大陣仗,6
太陽花,4
專利,6
小販,7
布防,1
帶動,8
序幕,3
引爆,32
律師樓,4
後備,12
志同道合,6
快閃,1
成群,8
戒嚴,1
手提,86
手提電話,72
手足無措,2
接頭,1
控告,4
搜身,9
擺街,8
收睇,6
攻擊性,6
政治庇護,2
政治犯,2
敢死隊,4
散晒,9
方圓,4
旺角,60
昨天,6
暫避,3
暴亂,3
服裝,10
本末倒置,8
杯葛,3
洩漏,3
流產,1
漏風,2
激進,27
用具,6
留底,8
發圍,11
發放,5
監視,32
目標人物,6
私家偵探,2
空窗期,1
突擊,16
站崗,3
細看,6
網台,3
義士,7
莫須有,3
行喇,6
被控,5
言論自由,10
誠懇,35
證供,6
起義,7
超支,3
車綫,1
軍裝,12
較剪,2
迫於無奈,5
通知書,1
連累,8
部署,16
鐵馬,20
零散,3
零星,13
預示,6
傳說中嘅,7
先旨聲明,6
其它,11
到此為止,10
化工,2
只是,134
多多包涵,4
奇人異士,1
從業員,4
所見所聞,11
承先啟後,1
掃把,6
掃把腳,1
本色,7
水浸眼眉,1
港普,10
照單全收,6
發紫,1
眼眉,8
研究所,7
習性,3
註解,1
証,18
講古,8
責任感,8
買大,4
賽跑,3
起飛,27
非比尋常,3
龜兔賽跑,1
下級,4
並駕齊驅,2
人定勝天,1
依循,3
共產黨,43
匹配,6
反觀,6
國情,11
在即,7
夠班,4
大局,25
大老爺,1
天大,28
媽祖,2
實事求是,1
寬宏,4
寬宏大量,4
寵召,1
寺院,1
感化,3
抆水,1
收編,3
政協,1
未夠班,4
梳妝,1
民智,7
海不揚波,1
港燦,1
無福消受,2
看門口,1
睇路,4
神化,10
粗暴,9
統戰,10
肅靜,4
蒙主寵召,1
談何容易,8
造神,2
違背,8
開路,3
阿毛,1
黐膠花,2
龍床,1
予以,6
代為,7
低級錯誤,3
功敗垂成,5
大戶,13
完畢,18
投資者,9
提要,7
散戶,9
明天,16
時間表,4
殺你,21
炭,41
煙幕,2
生命體,3
短線,4
神作,10
神劇,2
移交,7
苦練,13
足不出戶,1
過目不忘,1
選手,6
金睛火眼,1
錯綜複雜,1
雄偉,1
顏射,11
首播,1
鬼上身,5
齋戒,3
中和,5
仕,10
仕途,7
咸魚,4
大和,6
大龍鳳,9
婉惜,2
小妹,48
星途,1
欣欣向榮,2
此舉,4
污衊,1
狠毒,3
真心真意,2
真誠,16
私訊,1
行年,4
造假,3
過至,5
重新做人,2
閒言閒語,3
功臣,2
唇亡齒寒,2
商談,1
威風,8
威風八面,1
婉拒,5
按時,1
操守,3
第一手,7
粉絲,7
萬水千山,6
見報,5
遲吓,1
開炮,1
關係到,2
陳述,7
點擊,4
一了百了,4
一戰,18
上裝,1
下壓,3
不凡,5
不能盡錄,4
人馬,9
倍加,1
借酒消愁,2
兇殘,8
入眠,1
全員,2
冰河,4
原狀,8
反復,2
可歌可泣,6
合而為一,2
報國,1
壯烈,4
多心,15
天理,5
失真,3
安息,24
寄情,1
局外人,8
巧遇,3
平手,5
引人入勝,2
張望,29
復發,5
意志消沉,3
感人,7
感染力,3
應當,13
戰力,1
戲飛,3
承辦,3
拯,47
拯救,45
拳腳,4
敗仗,2
整合,9
整頓,1
文戲,2
旗鼓相當,1
智人,4
末路,4
果斷,7
歸隊,2
死老母,4
消沉,3
漣漪,5
漪,5
漸行漸遠,3
為難,3
無懈可擊,6
無濟於事,4
牽引,9
狂妄,5
瑕不掩瑜,1
瑜,10
異於常人,1
盡力而為,5
盪,14
盲點,11
真理,40
真諦,2
瞬,56
窮途末路,3
經年,3
維繫,10
繁衍,5
翌日,11
耗費,1
聚散,2
聲價,1
背叛,13
自以為是,8
自我膨脹,1
致力,5
若非,8
英雄主義,3
莫過於,16
蒸發,14
裝嵌,1
賣弄,3
走樣,6
超級英雄,11
輔導,14
轉瞬即逝,2
迷惑,4
醞釀,2
重操故業,3
門外漢,4
開脫,10
難以言喻,7
面對現實,17
順應,8
飛車,2
首映,1
體型,5
體質,7
黃蜂,1
點醒,2
响,48
哭笑不得,8
坐落,8
尖叫,39
機緣,13
機緣巧合,12
淚流滿面,4
車主,5
不知所謂,14
整傷,6
檢視,9
色心,5
萬二分,3
衷心,16
親口,15
飲醉,28
四書五經,2
央行,7
就地正法,8
引渡,1
手牌,3
接踵而來,2
杯水車薪,1
正文,4
水車,3
牙膏,3
狗仔,7
狗仔隊,1
知情權,4
立論,4
肥佬,20
莎士比亞,15
見地,5
遠超,14
頂更,1
上載,8
上進,28
仍舊,5
佳餚,4
俾著,12
優劣,7
元配,2
公眾人物,4
冷盤,2
剩番,31
口徑,3
唔覺意,50
啖啖肉,2
壽司,18
大丈夫,6
干涉,13
後悔莫及,3
心滿意足,6
恐龍,1
意味深長,4
慾火,2
打野戰,3
排骨,12
放閃,8
斷正,6
樣衰,56
水印,1
流逝,13
消委會,1
滿天,12
燒著,9
犯法,45
男子漢,4
盤口,3
瞥,5
瞥見,1
矜,9
矜貴,5
竹蜻蜓,3
胡說,4
胡說八道,4
脂肪,4
花生友,11
萬里長城,6
蜻蜓,11
解答,16
記招,3
說三道四,10
講低,3
豉汁,1
轉載,10
部位,9
配料,2
野味,5
野戰,3
離家出走,4
食屎,61
餚,4
馬國,2
骨肉,5
骨質,1
黑洞,12
龍頭,15
fans,15
一時無兩,3
一遇,8
三及第,4
下載,7
享負盛名,3
人來人往,10
公允,4
共享,10
兼且,11
冬甩,1
別來無恙,3
前度,50
劣評,5
及第,5
反為,5
叠,3
同聲同氣,6
含混,2
含義,3
呼拉圈,1
咩環境,4
唔爭在,16
啄,7
啱數,3
在商言商,1
夠喉,4
夠皮,6
大煞風景,2
奇想,5
套路,13
婚變,4
字庫,4
孟子,9
孤寂,8
官話,94
家下,13
封印,16
對偶,1
導向,5
岑,14
幾多歲,11
庶,11
強人,13
強人所難,9
彤,22
得獎,7
心路歷程,6
快活,15
忽發奇想,3
扚,2
扚起心肝,2
折服,3
拋磚,10
拋磚引玉,7
指摘,2
操心,2
攞嚟賤,1
效益,15
救生圈,1
文也,3
文句,4
新奇,12
新詩,22
暗語,1
曲高和寡,2
未夠喉,2
板斧,3
根源,12
欸,3
死啦,39
殃,6
永恆,24
江郎才盡,1
注解,2
洗邋遢,1
淋漓盡致,7
減產,5
火勢,11
無厘頭,28
煲大,1
熱話,5
牽強,13
猥瑣,9
獵巫,3
班馬,7
瑛,1
盛名,3
盲流,1
相容,3
碎料,3
站立,4
翻案,1
自己攞嚟,7
花臣,7
萬歲,23
衰格,7
詞性,47
詩意,8
詳盡,12
語序,7
賓語,19
賤格,10
跑步,18
述語,5
過冷河,1
遭殃,2
釘牌,1
鋼線,2
長夜,5
開名,10
閱歷,6
隕,4
隕石,4
隱晦,4
雙重,19
雙重標準,5
飛行模式,2
食咗飯未,3
高招,4
高明,17
鸚鵡,2
DJ,5
niu,4
urk,2
咬字,13
哽耳,5
唱遊,2
商業電台,6
嗬,2
國際化,7
廣為,14
忽然之間,51
懶音,13
族裔,5
早日,7
朗讀,7
源遠流長,2
粵語長片,4
細蚊,10
細蚊仔,10
細路哥,6
縈,5
縈繞,4
腦袋,27
馮,33
鬼仔,7
鬼妹,15
鼻音,4
fuse,5
hurt,8
下台階,6
丟失,2
串串貢,7
仁兄,11
似是而非,5
倒模,9
倒轉,34
催化,5
公式,19
公關災難,3
冼,2
出嚟行,6
印台,1
取悅,7
受不了,7
口爆,25
台階,8
同溫層,3
咧,379
已故,3
巴勒斯坦,3
影帝,3
微調,3
心胸,4
心靈雞湯,1
意氣,15
意氣之爭,2
抵賴,4
拜山,9
捏造,2
接更,1
死胡同,3
泰斗,3
激嬲,11
火上加油,2
炎上,1
無日無之,7
爆笑,11
生安白做,3
甩碌,1
白做,7
精髓,8
胡同,4
起底,16
過去式,7
過錯,5
醫生紙,7
高階,5
事業線,5
伊朗,18
判監,1
包頭,2
同問,9
問好,6
外貌,15
整容,8
欺凌,18
注視,6
燙,8
當眾,16
盈利,7
禿,8
禿頭,4
秀髮,14
絕頂,10
美白,4
背心,36
臨別,7
荒唐,6
解除,14
遮蓋,4
遮蔽,4
頭巾,3
魔咒,2
一啲啲,2
一己私慾,1
一年半載,13
什,26
伙記,70
保住,19
修補,16
俾電話,1
倉鼠,1
傷人,5
內臟,8
冇情講,1
凝聚力,2
出場,10
分離,22
力勸,2
勸喻,1
口臭,7
合流,12
哭訴,1
圍毆,4
執屎,5
大咪,1
安全帶,7
官腔,1
寵物店,3
對策,6
幼年,3
弛,4
愛丁堡,3
慈善團體,1
慣犯,3
打結,2
打龍通,2
改動,4
放養,1
散仔,2
新地,36
斷食,3
晶片,17
棄子,6
棄養,7
死刑,24
毒瘤,3
毛公仔,2
水魚,4
沾沾,10
沾沾自喜,10
流浪狗,6
流浪貓,1
淡水魚,2
溫室,4
演習,6
無意中,12
無牌,2
爆料,16
爆牙,1
牙血,1
狗公,10
狗帶,1
狗會,5
狗牌,2
獸醫,4
生老病死,8
生蟲,11
疫區,4
痾屎,3
瘋狗症,11
瘤,11
盤問,4
硬件,9
硬頸,5
禽流感,2
私慾,3
稅局,3
簽紙,3
純種,4
繁殖,6
罰則,7
聽唔入耳,3
肉鬆,3
腳肚,1
船主,4
花朵,4
花草,2
虐畜,1
証明,6
論壇,17
讀書人,7
豬瘟,1
贍養,1
贍養費,1
走動,2
走失,6
跑數,6
身份証,1
身家,27
輕描淡寫,6
追擊,7
追查,10
逃逸,1
遺棄,7
醜樣,11
重演,18
阿sir,16
陪跑,2
陰質,5
雀鳥,5
雜種,6
領養,20
題外話,15
鬆弛,3
黑店,1
不堪一擊,2
停播,2
匆忙,10
協力,1
另覓,3
叫座,6
同心協力,1
單薄,8
固有,5
國票,1
大綱,6
太空站,7
姥,9
廣義,4
抽空,6
捨身,5
接棒,2
星際,1
木星,2
殘餘,4
水土不服,2
深化,5
深情,4
父子,11
相依為命,4
眼高手低,3
維度,2
耗資,1
肩負,2
臉孔,3
自成一格,2
華裔,3
薪火相傳,2
表揚,6
褒義,2
親子,22
親情,8
跨越,6
陰虛,1
離別,5
顯露,5
馬虎,7
點綴,4
pok,7
三藩市,3
下半世,12
亞裔,5
人造纖維,1
伐木,1
似模似樣,2
似樣,13
何不,28
停產,1
價位,9
包皮,2
十年八載,9
厚身,2
各式各樣,13
合心水,4
唔該晒,9
啷啷,2
均勻,5
大電,4
女裝,1
始創,4
安士,4
小腿,7
市盈率,3
布料,14
廠房,2
御宅族,1
所剩無幾,1
打磨,2
扣鈕,2
抵買,2
拉脫維亞,1
拉鍊,3
拍手,26
拜託,18
揸流攤,4
日子有功,3
晾乾,1
染料,6
柔順,2
柔順劑,2
款式,12
津巴布韋,7
浴缸,4
浸泡,2
牛仔,73
牛仔布,3
牛仔褲,58
牛仔褸,2
獨一無二,9
甩色,10
男裝,1
眾籌,19
短缺,6
短褲,13
砂紙,5
磨擦,4
礦場,5
礦工,2
窩釘,2
筆者,13
粟粉,1
紙樣,3
紙皮箱,3
索價,2
縫紉,1
脫色,1
膝頭,13
舊金山,2
芡,1
荒山,4
荒山野嶺,3
著緊,8
行為藝術,9
裙褲,1
訂製,1
貓鬚,6
貨色,10
賴屎,1
起錶,9
辟味,1
遺留,3
配備,3
鈕,39
鎂,1
鑽戒,2
閒閒哋,2
頂得順,8
頭落,11
風乾,6
食自己,11
高企,3
麻甩,39
麻甩佬,19
𢭃,1
一知半解,4
一頸血,2
三五知己,3
上家,1
下班,11
么,6
信邪,1
出任,19
出千,4
出老千,1
刀光劍影,3
分門別類,2
加注,5
卡窿,6
呃錢,5
回馬槍,1
塘邊鶴,1
墨水,13
外型,6
大牌,6
天下無敵,7
天九,6
天仙局,6
好手氣,3
姨媽姑姐,4
手氣,3
打仔,4
打雀,5
打骰,4
打麻雀,13
招數,4
擾亂,7
棄權,4
沉著,6
洗牌,14
洗牌疊,3
焊,5
爐火純青,4
牌九,3
略為,20
番子,2
矮仔,12
絕章,1
美人照鏡,2
老千,10
老雀,1
自摸,8
至尊,12
花章,2
莊家,2
衛生麻雀,3
計我話,20
詐糊,8
調換,1
講多無謂,4
賭徒,1
賭注,6
賭神,4
轉運,5
通殺,2
過手,7
門牌,6
開檯,2
風吹草動,4
食糊,13
食詐糊,2
食頭糊,3
驟忌,1
鬼馬,3
魚腩,2
鴛鴦,9
鴦,12
三六,9
上聲,6
中中挺挺,1
中挺,2
佮,5
佮佮冚,1
入聲,38
冇佢符,2
升調,1
去聲,6
寫意,1
早唞,2
畀面,8
着手,2
調升,2
譬喻,3
讀友,5
跡象,10
音程,26
音高,25
風趣,6
高音,14
TB,7
享福,3
唇膏,12
善解人意,5
嚟料,4
坐大,2
壞習慣,3
妄想症,1
形住,3
心花怒放,7
意中人,5
打坐,6
死無全屍,4
法證,7
洶湧,10
滑雪,3
煮死,1
熟口熟面,4
直說,4
罷休,8
群情洶湧,4
腹肌,4
被害妄想,2
負能量,5
附和,23
驕傲,8
體能,8
鬆一口氣,15
鼓舞,5
鼓舞人心,2
rap,29
倍數,3
偷笑,12
動物園,3
合夥,2
合夥人,2
咖啡因,2
响度,3
好飲,16
常備,1
心悸,1
悸,7
沖茶,8
滾動,6
牛角包,5
玩嘢,16
紅茶,1
苦澀,15
茶包,4
茶會,1
茶海,1
茶葉,9
飲嘢,11
飲得,38
餅乾,3
三輪車,1
偷呃拐騙,2
全取,5
割禾青,2
力挽狂瀾,2
大酒店,1
引誘,13
得勝,3
悲涼,6
搶先,11
教落,11
有所不知,6
格食格,2
磨爛蓆,3
落場,13
誘使,2
賭仔,9
起尾注,2
車輪,9
連坐,6
過一棟,2
釣大魚,2
鍥而不捨,4
長線,6
長衫,6
陷害,5
風頭火勢,7
食夾棍,1
高腳七,2
一個唔該,10
下跌,11
不忠,8
二五仔,19
人浪,2
仆你個街,19
佢就想,1
借題發揮,9
側聞,1
兜口兜面,5
全中,6
功率,10
化水,7
北愛,1
北愛爾蘭,1
十二碼,9
升職,36
古語有云,7
吉時,2
命中率,1
商廈,3
問到口啞,3
塔利班,4
姐姐仔,3
工多藝熟,1
忠心,18
忠義,3
情聖,7
慌死,4
戲子,4
打吡,1
打甩,1
招聘,10
拳手,3
撩牙,3
擦存在感,2
正派,7
求職,7
混吉,4
爭啲,4
牙根,2
獵頭公司,1
球迷,9
百發百中,2
缺德,3
罰球,5
蚊型,1
衰咗,10
見財化水,2
賭馬,5
跳草裙舞,4
遙距,1
邊位,9
銷魂,7
霆,16
飛人,2
驚奇,23
齊人之福,1
低胸,6
做好心,1
受寵若驚,4
單反,8
嗜,16
嗜好,11
好學唔學,2
尖咀,8
尖東,5
左右手,8
平行時空,5
店員,37
搖籃,5
撻著,8
放飛機,7
晚餐,7
景深,1
毒男,151
燭光晚餐,3
生蠔,1
當天,7
節約,4
紅豆,5
總是,21
背肌,1
脫毒,15
自戀,3
自拍,11
與人無尤,6
葉公好龍,3
街景,12
裙底,11
車飛,3
軍艦,4
重溫,18
雞乸,1
食豆腐,3
上京,1
亂晒龍,2
五毛,2
伊斯蘭曆,2
列傳,4
副手,4
名言,10
呈上,1
大夫,7
大臣,4
太后,2
年老,10
弼,1
滿洲,1
當政,4
發難,12
破格,8
禎,15
聯同,12
舉人,2
裁撤,1
西洋人,6
請辭,1
非議,4
駁回,4
鰲,3
一成不變,5
一葉知秋,1
中衰,3
借古諷今,1
傻豬,17
元首,7
其心可誅,3
喳,13
嗻,1
國族,17
大行,21
奴僕,1
好大喜功,2
小器,20
懿,1
招致,5
方丈,10
洞悉,5
箝,3
箝制,2
膽大包天,1
自有公論,2
詛咒,5
開拓,11
霸道,8
下莊,4
主講,5
做數,1
冇膽,1
力不從心,3
對等,7
年頭,21
徇,1
徇眾要求,1
拍得住,3
明買明賣,3
爛市,2
用戶,4
網路,9
腦細,2
零售,9
頂爛市,2
sls,2
三三四,11
主歌,5
主音,2
低音,8
全貌,3
區間,7
原唱,3
可見一斑,5
吃重,1
哀愁,8
埋尾,2
大相公,1
大調,3
字數,27
定語,18
小調,7
山崗,1
情緣,3
揀選,5
插水,6
暗合,3
暫且,5
樂曲,8
樂理,4
正數,2
清關,1
相公,1
簡便,1
簡譜,5
粗疏,5
翻唱,6
翻雲覆雨,1
耳語,2
自重,4
臻,7
詞組,13
講得通,8
變奏,2
走下坡,3
退一萬步,7
逆向,8
逆向思維,1
逐啲,7
開初,3
霎時間,5
面相,10
音名,1
音階,5
CCTV,9
GPS,9
一五一十,18
一本正經,8
一鑊熟,18
上腦,17
不久,25
不由自主,29
不祥,10
主帥,3
亂講,50
事有蹺蹊,8
今鋪,76
俏,16
停擺,1
側目,9
充血,4
入冊,4
全盒,2
兩老,18
八度,16
出入平安,4
出洋相,3
刁難,4
分寸,5
十分之,48
千鈞一髮,16
叔父,4
口袋,23
古惑,18
叫聲,64
呆若木雞,2
呢輪,31
咚,5
唇槍舌劍,2
唉聲嘆氣,6
唔好客氣,2
嘆氣,13
四六,4
墳墓,9
夠威,2
大咬,5
大堂,38
大家咁話,9
大驚失色,14
女優,19
奸笑,17
好意頭,2
姑媽,2
定神,21
客廳,18
害處,2
家豬,1
將計就計,9
少陣,5
展露,6
年糕,2
彈弓,3
往事,16
得戚,16
心急,34
心理陰影,4
愣,8
慌唔係,2
成分,17
手緊,7
打草驚蛇,7
打點,7
按動,3
掀開,6
掩門,2
握實,2
搖搖,70
擺陣,2
新抱,10
新春,13
旁若無人,10
智能手機,8
暗渡陳倉,4
書房,3
查牌,2
極品,5
樓價,30
模樣,17
毀屍滅跡,3
氣定神閒,8
水到渠成,3
沉底,3
沙發,7
淫娃,3
漆皮,7
無言以對,11
照例,16
爽朗,9
猛然,27
獨處,4
玄關,7
玉潔冰清,3
瓜子,4
甜片,2
生理,18
男歡女愛,4
痛腳,10
盤腿,5
目不轉睛,4
眼色,11
睡衣,11
瞇,45
瞪,64
短裙,28
祝賀,11
立心,4
笑口噬噬,9
笑逐顏開,1
箭步,11
納悶,5
縝密,2
老媽子,22
老定,7
聚精會神,8
聳肩,21
股票,142
脅迫,4
脯,7
花容失色,6
茶几,11
萬事俱備,4
萬事如意,2
螢光幕,17
螢幕,21
蠍,5
行大運,4
表妹,9
袋袋平安,2
袋裝,8
襪,27
要害,14
詭異,21
詭計,4
認輸,20
豎起,15
負離子,4
貼服,9
賀辭,2
贊成,29
踩單車,5
蹺蹊,9
軟皮蛇,9
轉台,19
追數,5
通紅,19
長靴,4
閉路電視,154
關上,18
陰險,6
面紅,28
預感,16
頭殼,3
頭殼頂,3
額角,13
飲奶,3
馬蹄糕,2
驚呼,13
魔掌,2
魚貫,4
黑絲,7
齊聲,4
齊集,3
唞涼,1
寶藏,3
巨星,10
止步,2
死灰復燃,1
沉淪,10
燦爛,14
絕代,1
自怨自艾,3
苟延殘喘,3
虧欠,4
逼迫,4
道家,1
養分,4
不折不扣,2
事成,9
人之常情,8
以貌取人,8
呸,9
慳啲啦,3
溝女,29
瞇埋眼,8
蘭花,1
蘭花手,1
處男,8
頂你個肺,14
不特已,2
僧多粥少,1
冇研究,2
加租,4
受力,2
吊高嚟賣,1
啝,2
噏耷,2
士紳,2
士紳化,1
大窩口,1
失德,1
學生妹,6
客源,2
屋邨,7
布疋,1
帖文,3
把鬼,2
旅行社,2
格仔舖,1
為兩餐,3
疋,4
的式,2
睇症,1
短途,1
神誕,1
紅磡,6
色相,10
藥材,2
藥材舖,1
西九,4
重有,22
風情,2
鬼話,5
好比,12
實用文,6
引以為戒,2
想當然,3
推介,26
提倡,20
服膺,3
索引,2
翹,12
翹楚,2
膺,4
自滿,1
見效,3
觀乎,15
語境,9
隻字不提,3
青睞,2
dup,5
下流,15
二次大戰,1
侵侵,1
對沖,4
對沖基金,1
就讀,7
房地產,2
搞清,47
搞清楚,46
摸底,2
摸頂,3
日圓,3
有點,69
期權,1
權宜之計,1
港股,10
紅酒,26
美股,9
股市,26
貨幣,65
貶值,8
通縮,5
通脹,20
閃卡,6
watt,2
今非昔比,1
倉促,1
倒閉,3
偷走,1
刑期,5
加息,9
加減,7
叱咤,7
周期,8
和好,3
和好如初,2
哪裡,30
唱作,2
噩,12
囍,9
囍帖,6
堆砌,9
實至名歸,3
小伙子,1
微積分,5
悉數,2
成績表,9
探求,1
斐然,1
樂迷,4
樂隊,5
派台,3
派台歌,1
浚,7
淡出,4
減數,3
渾噩,5
渾渾噩噩,5
澧,5
爆肺,1
生力軍,2
生育,15
留下,34
監禁,9
眨下眼,23
罪成,1
花蕊,2
蕊,5
豐收,3
退位,3
部曲,6
銀獎,2
銅獎,1
附加數,1
附加數學,1
頂峰,5
首度,2
仙女,6
啟動,26
太空船,2
太陽系,1
小行星,2
年紀輕輕,7
幾經,12
後背,1
感情用事,4
慘勝,1
戰火,4
投奔,2
擊退,5
甜故,22
皺眉,20
莫非,5
行星,3
詫,9
詫異,9
超新星,1
么心么肺,1
來不及,5
冬季,3
出埠,2
分崩離析,1
吃不消,4
執教,2
執筆,9
堅守,7
士氣,7
完美主義,4
幾許,2
心力交瘁,2
心散,1
持久力,2
揚言,3
擇善固執,1
敗筆,6
散渙,1
書包,19
曼聯,6
本尊,4
準繩度,3
溫馴,2
球壇,3
球星,10
球隊,25
生銹,2
皇朝,2
皮鞋,14
相貌,3
相隨,2
眾叛親離,3
眾矢之的,1
祥和,4
締造,1
聞到,40
蠟筆,1
行當,2
街外,6
話事人,7
護送,3
貨如輪轉,4
走馬燈,4
軍心,2
軟硬兼施,3
轉會,1
逍遙快活,1
鋒利,9
錢財,3
長氣,9
間尺,5
離去,18
面癱,2
齊整,5
供股,2
加密貨幣,5
台詞,13
喂呀,12
委內瑞拉,1
巨人,7
廢事,12
惡性,9
搵快錢,2
摔,17
摔角,4
撚就,3
昆水,1
比特幣,8
泥漿,3
泥漿摔角,2
渾水摸魚,1
潛台詞,3
燒鵝,2
總額,2
藍籌,7
財經,33
財經演員,4
賓周,5
鼻屎,2
一招半式,1
並肩,7
並肩作戰,4
久唔久,2
以心為心,1
傍身,5
功力,19
加薪,8
募集,1
口腫面腫,4
噓寒問暖,5
囑咐,2
困局,9
少不更事,4
平輩,1
悉心,5
抽濕,1
拖馬,1
提拔,4
提攜,4
新穎,4
時興,6
機心,7
歃血為盟,1
每每,14
神檯,1
筍嘢,1
結交,2
老相好,1
胸肌,2
苦惱,10
貼身,11
賀卡,1
足智多謀,1
跳槽,5
轉戰,2
迷思,4
通水,2
逢凶化吉,1
醒你,16
鑒,7
鑽木取火,1
陰德,1
騎呢怪,1
𢱑,1
No.1,2
儘早,1
勇悍,3
弦樂,6
抌,6
敲擊,1
暴走,5
木結他,2
殘舊,17
猖狂,3
琴鍵,1
疲倦,17
磨蝕,6
結他,52
脫身,7
被困,3
迷幻,6
那樣,12
陌路,3
電結,8
電結他,8
鬆綁,3
亂嚟,18
什麼,18
公開試,26
印花,15
叻女,4
填氹,2
增值,21
揚名,2
揚名立萬,2
粗心大意,3
襯衫,3
講義,7
質地,7
鄺,81
醍醐灌頂,1
重傷,15
霸氣,49
一概而論,1
三思,7
三思而行,1
便溺,2
凶殘,1
利比亞,1
哺乳,3
哺乳類,3
喵,3
基因突變,3
堆積,1
報廢,1
大髀,11
失明,17
奔放,4
妨礙,3
學精,10
安分,5
實驗品,1
應否,10
捕獵,2
排泄,1
朝夕相對,1
樂此不疲,8
毛髮,4
營養,11
猜測,3
略知一二,3
眼皮,9
科學精神,3
稱雄,1
義教,1
聽教,5
聽教聽話,4
自圓其說,5
萎縮,1
視力,7
貓仔,4
附帶,3
陌生人,18
頭頭,9
頭頭是道,6
飼養,5
餵食,4
馴獸,1
高深莫測,3
一凹一凸,2
三五七,9
主菜,3
個勢,10
兒女,9
喜惡,5
天經地義,7
女人味,1
如履薄冰,2
帛,13
干戈,6
愜意,2
感人肺腑,2
持家,2
指點迷津,2
揸主意,2
油條,3
潤滑,3
無微不至,1
特異,1
特異功能,1
畏首畏尾,2
竅門,8
符碌,2
老江湖,4
老油條,3
肺腑,8
腑,10
膜,28
評語,39
調和,6
關顧,3
隔膜,5
K歌,6
on9仔,4
wou,25
一石二鳥,1
一頭霧水,17
三甲,2
三角巾,1
不明不白,5
不諳,3
不負眾望,1
乸西,1
亂入,4
仗義,2
仗義執言,1
仙草,2
以理服人,4
份屬,6
佈局,10
低谷,6
來年,3
例句,9
俗不可耐,3
俗套,3
修養,9
倩,6
傷口,21
僱員,10
先入為主,8
入夢,1
入心入肺,1
內心戲,1
冤氣,1
出機,5
出沒,3
切磋,1
別離,3
削弱,3
削減,5
力竭聲嘶,1
厚積薄發,1
厚面皮,3
反面教材,3
只須,5
含意,13
周而復始,4
咀嚼,6
問鼎,5
善待,3
單戀,6
嗌破喉嚨,1
嚼,16
埋周,3
執意,6
壯舉,1
夢鄉,1
天一光,1
天涯海角,1
天災,8
天災人禍,1
天邊,9
失魂,1
失魂落魄,1
好抽,4
好色,4
字句,9
家傭,2
容顏,1
寄意,2
寶玉,3
對不起,26
小題大做,1
庸俗,7
廖,19
弄巧反拙,1
引火自焚,3
心悅誠服,3
心照不宣,5
忘掉,5
性行為,6
恰當,8
悔疚,5
悲哀,27
情不自禁,8
情理兼備,1
想起,37
意淫,1
愛戀,4
感慨,24
慰問,7
應用程式,4
懊悔,2
戀情,14
成家立室,8
戰禍,2
打得火熱,1
打擾,11
扭擰,5
技窮,1
抹茶,1
拘泥,4
招積,3
挪用,1
捉迷藏,1
掛念,4
探戈,4
揣摩,8
揮發,5
撫摸,13
撲朔迷離,3
操刀,1
救傷,1
敗壞,17
教材,29
敵手,4
斗膽,3
新歡,8
時辰,5
暗啞,15
暗啞底,14
書展,37
曹操,3
最好不過,2
有見及此,3
服氣,6
朦朧,8
根基,10
極其量,11
槍擊,3
櫥,3
櫥窗,3
歌迷,2
死板,1
死難,3
殉情,7
殺掉,1
氣力,20
永別,2
沒法,4
消亡,4
淡忘,1
瀟灑,20
灌注,2
火起,2
為民請命,2
無以復加,3
無傷大雅,9
無動於衷,12
無名火起,2
無計可施,3
熟能生巧,1
爆漿,1
片面,9
狠心,11
猴子,1
獨樹一幟,1
珠玉在前,6
環遊,8
瓦礫,3
甚為,9
痛罵,1
癡心錯付,1
百年好合,1
盛宴,1
相形見絀,1
相敬如賓,3
睇唔出,12
矮化,7
破費,3
砵,7
碌卡,4
社教化,1
神來之筆,5
立意,6
答謝,7
粗劣,1
精煉,4
糾纏,21
紛爭,8
縱火,5
繃帶,8
纏綿,4
缺少,10
老嫗,1
老當益壯,1
育兒,2
背誦,3
自知之明,10
艾草,1
苦戀,9
苦瓜,4
落點,1
虛假,10
蜀,4
行銷,2
街知巷聞,5
街頭巷尾,2
西遊記,3
言之有物,7
詭辯,6
誓死,7
語焉不詳,3
談婚論嫁,5
請命,2
諳,5
警覺,4
讚美,16
豬皮,1
質樸,1
身影,32
輪船,3
轉贈,1
辛酸,8
造句,6
過水,12
過火,8
那麼,133
重播,15
重聚,4
針砭,2
鑄造,3
長青,4
限期,3
陳詞,6
雄辯,11
雄辯滔滔,5
離棄,3
雨季,4
電光火石,5
霧水,17
青澀,2
頂真,2
預兆,3
領會,6
馬尼拉,2
騎劫,7
驅趕,3
魷,3
魷魚,3
黛,6
上市,33
乳臭未乾,2
人品,7
千里馬,2
半衰期,1
即日鮮,1
品性,2
大日子,6
天平,1
家翁,2
往績,6
慧眼,1
懶散,4
手板,2
手板眼見,2
新簇簇,2
有手有腳,4
檔次,4
泛指,5
泳褲,1
浸淫,7
潮退,3
炙手可熱,3
獨具慧眼,1
生性,24
發奮,9
目瞪口呆,15
美容,14
羽翼,1
羽翼漸豐,1
老成,4
股價,24
自修,22
苦心,9
貪新厭舊,1
遮掩,6
野雞,7
長揸,2
blog,15
一鼓作氣,6
上映,9
催谷,5
內鬼,5
冇品,1
千秋,11
千秋萬世,1
厚愛,1
原罪,4
原著,6
圖騰,4
執導,5
大幫,6
失竊,1
家嫂,1
密室,6
寶劍,10
小輪,8
尚方寶劍,6
弊在,6
懸疑,3
掕,4
搬龍門,3
撕爛,1
放映,2
既得,21
樹木,7
欣慰,5
渲,6
渲染,6
無補於事,4
燒腦,2
牛屎,4
生冷,3
用心良苦,5
異口同聲,9
發行,13
監控,13
督察,3
米缸,2
罪魁禍首,2
聽人講,15
花絮,3
落畫,1
蚊香,2
警員,10
赤子之心,2
跨代,3
逆流,18
銀河,12
隨量,2
非同凡響,7
順水推舟,2
飛尾,1
一技之長,4
一日到黑,7
三明治,2
不務正業,2
乜春,47
伏特,6
伏特加,4
佐敦,23
依稀,8
保管,2
做女,21
健力士,5
免稅,3
分清,5
初中生,2
初夜,14
判斷力,7
制唔過,1
勞斯萊斯,2
午飯,23
反鎖,1
咭數,1
咸豐年,5
品嘗,6
唔清唔楚,4
回味,18
因果報應,2
地主,10
地老天荒,1
堤壩,2
報應,15
夠秤,3
大全,5
大話骰,5
委以重任,1
威士,30
威士忌,30
學妹,2
寶庫,4
對講機,6
屈指,5
屎眼,6
廿四小時,10
意志力,7
戒口,1
投閒置散,3
拖欠,2
拗柴,2
拿拿臨,15
擺酒,23
斷片,1
暢飲,3
未夠秤,2
本科生,1
根治,2
樞密院,1
橙紅,4
洩露,7
減薪,8
濃度,2
火水,5
現眼報,1
琥珀,1
瓜柴,5
當飯食,4
痛風,19
白酒,10
的士佬,28
盅,14
相當於,7
眼矇,2
眼矇矇,2
眼角,13
睇住嚟,2
破處,18
碌嘢,6
窩心,8
笑淫淫,8
紅都面晒,4
紫色,23
綠茶,9
美點雙輝,1
老姑婆,1
老麥,20
耍樂,2
腳架,13
腳趾,4
腳趾公,1
舉杯,10
著落,3
蕩漾,1
褪色,4
要員,6
見微知著,3
話咁易,8
議事,12
豁然開朗,8
豪氣,9
走堂,5
趾,6
跌打,1
跌打酒,1
逞,16
逞強,2
酒量,10
重任,2
開朗,12
閒置,6
閒談,3
阿茂阿壽,2
隔夜,3
隔日,2
雞尾酒,3
零下,3
預科,16
食指,12
餘下,17
骰盅,11
鬥地主,1
鬧翻,5
鬼屋,2
黑鬼,9
優雅,9
左顧右盼,8
搭訕,12
歷練,11
行行,26
一去不返,3
不厭其煩,7
任勞任怨,3
修行,3
兇猛,1
冷漠,10
剿,6
厭倦,11
口舌之爭,2
和稀泥,2
嗲聲嗲氣,1
失重,3
好勝,15
嬰孩,6
定律,28
寄生,15
尊卑,1
平和,10
平息,6
快高長大,1
拉西,8
敬而遠之,7
敷衍,22
暗盤,2
替天行道,2
未嘗不可,2
東拉西扯,7
浮現,21
為期,7
照應,5
肋骨,4
自尋煩惱,2
虐殺,2
貪玩,4
足月,1
邂逅,5
鋒芒,3
陳義過高,2
面目可憎,3
頑疾,2
頓悟,10
馴化,1
A字膊,1
hang,47
上唇,2
中坑,5
事必,5
交戲,1
你老闆,22
假使,1
優厚,3
出問題,14
出汗,5
初出茅廬,5
十八廿二,7
卸責,7
可塑性,6
同義詞,4
大拿拿,5
套用,13
好好醜醜,1
定型,11
息事寧人,9
手起刀落,3
扮工,2
擺平,1
斤兩,2
汗毛,1
液態,6
滿師,1
潛力,16
潛質,9
發財立品,1
睬,28
知足,1
硬膠,2
稱作,6
老練,5
能幹,7
蛻變,2
造人,5
遞增,1
鋒芒畢露,1
長出,9
阿姑,1
陽具,15
隔山打牛,1
食鹽,5
飲得杯落,7
DVD,10
中上,7
人各有志,5
任教,4
傻氣,3
僵化,2
光學,2
兒時,12
六壬,1
冇為意,3
出人頭地,7
出盡法寶,1
出資,2
分數,13
劇集,31
勞碌,4
勞苦功高,2
匪語,2
升讀,2
參演,4
反叛,7
古道熱腸,1
合辦,4
咖喱,13
喺處,7
噴水池,20
在旁,5
壬,1
大放異彩,2
天份,6
妤,4
姐係,10
委託,3
嫩,44
孝敬,4
孤立無援,1
定嘞,1
寒背,1
局住,2
層級,2
師生,2
幕前,5
平心靜氣,8
弱小,8
彥,14
影圈,1
應試,6
戲份,5
打手,22
打沉,2
扭盡六壬,1
拔苗助長,1
摩打,15
改詞,2
教學相長,1
文法學校,3
智障,10
暱,7
暱稱,6
榜樣,4
欲罷不能,2
母校,8
水貨,13
沖淡,6
浪子,3
浪子回頭,1
深得,5
港台,14
特殊教育,1
珍愛,1
發揮所長,2
白花油,1
白鴿眼,1
相稱,4
真人真事,22
眼前一亮,5
素顏,6
考起,1
肺腑之言,5
自彈自唱,3
自閉,5
舊生,3
舜,7
苦功,6
蛋糕,31
補習班,9
視藝,2
認受性,2
語音學,2
謝票,4
謹記,3
讚許,1
貨櫃車,2
貪靚,2
賴皮,2
走數,22
輕快,8
辮,4
退出,11
逼近,8
開懷,5
附上,3
陣容,3
陽光普照,9
離世,10
零舍,8
音樂劇,10
van仔,1
乒乓球,1
仝人,1
側重,4
出品人,1
勉勵,4
包生仔,2
可人,5
台前幕後,1
坐亞望冠,1
大俠,1
大狀,5
小偷,6
工潮,2
年貨,2
影射,4
得個樣,2
悲情,6
愁緒,1
扒龍舟,1
挽救,6
搭順風車,6
撫心自問,4
新仔,7
栽,11
樓宇,5
檔期,3
正視,15
活力,6
海景,17
淑,20
清道夫,2
灑脫,10
甩底,1
畫龜,1
磨滅,5
秋後算帳,3
聯署,3
致命傷,7
舊日,7
舒緩,4
花樽,3
調侃,7
貨van,1
貨櫃碼頭,3
退役,6
遐,3
遐想,3
長相廝守,1
難能可貴,7
順風車,8
預告,5
風車,10
骨氣,6
齊心,8
龍舟,19
不遺餘力,4
交易日,5
俾面,9
凶險,2
唔經唔覺,12
嚴冬,1
嚴詞,1
國家隊,3
引證,2
後市,9
托市,2
放風,4
救市,4
期指,8
死亡之吻,1
熔斷,1
牛市,2
狂放,1
粟米,19
致辭,1
蟹貨,1
裂口,2
證監會,2
重口,20
重口味,20
鋼鐵,7
餘力,10
一片光明,4
上色,1
俘,6
俘虜,6
傷心欲絕,8
垂淚,2
字條,16
揦住揦住,1
枱頭,5
注入,6
淚痕,7
熱淚,8
珍重,2
痛哭,24
相見,9
落寞,3
魂魄,7
後樓梯,15
心急如焚,6
慢食,3
紅燈,14
紅綠燈,9
衰在,6
GB,8
QQ,2
並稱,3
中心語,1
光纖,2
冠冕堂皇,4
勳,12
又長又唚,2
口誤,1
唚,4
太平紳士,1
夫姓,1
官守,1
引號,4
比數,6
測量師,1
碗碟,6
稱謂,8
笑柄,2
老笠,3
聲樂,1
跟尾,3
逝世,2
頂癮,4
頭銜,6
飲飽食醉,2
jip,6
site,6
㗎咩,34
中文大學,13
倉頡,16
儀器,6
初賽,4
咋喎,21
大賽,9
字邊,2
決賽,26
燉,4
燘,1
科目,13
紙本,1
詞匯,3
識波,1
輸入法,13
選擇題,2
鍛煉,5
開咪,3
skip,4
事不宜遲,4
口面,9
深入淺出,2
熟口面,3
班門弄斧,1
發問,11
稍安毋躁,2
自討苦吃,1
丞,5
丞相,3
佐證,3
來來去去,16
偏旁,2
反諷,1
吞併,1
寢具,1
岌,31
岌頭,12
拂,13
搖頭,95
晃,43
有何不可,3
木耳,2
條理,10
樓台,1
權責,3
河床,1
牙床,1
笆,1
籬笆,1
縫隙,2
翅,36
膽大心細,1
表述,8
講者,7
辭典,8
釋義,4
開鎖,3
類推,3
asso,8
cop,16
copy,15
借故,8
入市,6
即叫即整,1
味蕾,8
商號,3
嘔心,15
坐地,6
坐地起價,1
大派用場,7
大熱天時,5
大肚,26
夾錢,6
學生會,24
官商勾結,2
定理,15
定食,6
巡禮,6
工種,10
帶飯,8
弱勢社群,4
後顧之憂,4
心煩,7
快事,3
惟獨,2
惡性循環,7
慳水慳力,8
手球,2
扑嘢,35
打風落雨,1
折扣,7
指南,3
指南針,2
捱餓,1
撲面,10
易手,1
替代品,3
期票,1
校隊,11
樓花,1
汽車,6
波衫,3
波鞋,8
深信,34
營運商,3
畜牲,1
畸士,3
白汁,1
碩士,23
等候,7
罰抄,6
肥仔,66
膳,7
膳食,2
苦力,11
蕾,27
融資,5
課室,20
變本加厲,2
買斷,2
走投,3
走投無路,3
起價,1
返生,2
連載,23
長跑,5
長途跋涉,2
開鑊,2
隊員,8
預售,5
預購,2
領先,8
飯票,3
高收,2
doub,11
丙,18
停電,6
力場,9
加設,1
十號波,3
安度,1
幕後黑手,4
惡搞,9
懸掛,1
搖晃,18
摩天大廈,6
撤離,3
有咩依郁,3
李氏力場,3
杏,9
梅開二度,3
氣旋,10
水溫,7
汲取教訓,1
災情,1
熱帶氣旋,9
熱量,1
猶有餘悸,3
繁華,10
老早,8
耕田,10
要命,7
追風,2
颶風,1
黑手,4
人文學,5
人文學科,2
問卷,10
問答,8
專上,6
平調,7
影音,2
思疑,2
拙作,2
摘要,5
收尾,8
文史哲,11
獨唱,2
短語,9
科大,7
科技大學,1
節錄,3
綿羊,4
造福人群,2
乏味,3
作威作福,2
作福,3
倒影,2
傳真,5
傳真機,3
八卦,16
千金,9
原作,7
回來,35
國手,2
多管閒事,12
好吃懶做,3
如獲至寶,2
小便,4
小鳥,6
律師信,3
拍子,13
拍子簿,1
揼骨,2
搗蛋,1
櫻桃,5
百厭,5
知錯能改,2
筆袋,1
花紅,24
詐病,3
諸事八卦,1
貪小便宜,1
貼紙,11
賤精,1
鋼筆,1
閒事,14
A股,3
三高,1
主板,1
先驅,4
兩極,4
冷靜期,2
創業,8
力壓,6
可口可樂,3
回到,52
封殺,4
市值,7
年底,12
廠佬,2
成本效益,8
景仰,3
李嘉誠,27
毫子,11
直銷,1
章法,4
薄利多銷,1
行列,4
見紅,2
鋤強扶弱,1
電子產品,4
頭條,13
高見,5
VR,2
上天花板,4
僵硬,13
元神,2
吹氣,1
夢魘,3
定驚,5
平伏,10
幻聽,3
心寒,10
心有餘悸,2
手紋,1
擺動,5
早抖,8
昌明,2
瀨尿,2
硬晒,6
車聲,1
辟邪,3
醒定,4
開燈,17
靜止,9
黑影,20
一語道破,4
不明所以,10
不見得,1
中庸,13
人造衛星,2
例假,1
冇穿冇爛,1
冷言冷語,5
凝望,11
午市,1
口若懸河,4
和洽,1
報酬,4
墜落,9
壯闊,5
夜以繼日,2
大差,2
失常,19
姍,2
姍姍來遲,1
孤僻,6
宿主,11
寬慰,1
小數,4
張牙舞爪,9
得體,10
快活谷,1
悔意,4
惟恐,2
惡果,2
按圖索驥,1
按部就班,1
擦槍走火,1
施虐,1
晚市,2
暴躁,5
有容乃大,4
有幾可,8
欠佳,4
死性不改,1
求情,6
求診,1
波瀾,5
波瀾壯闊,3
洽,3
海量,3
滋事,5
滿載,2
火花,12
無償,5
無恥,20
無悔,10
無理取鬧,7
無藥可救,14
煩擾,4
燃燒,21
生人勿近,1
病歷,1
白卡,1
相安無事,6
看破紅塵,1
神志,4
約會,23
置諸度外,1
羞愧,6
聲言,2
自說自話,2
言猶在耳,7
諱疾忌醫,1
識趣,8
身負重任,1
載浮載沉,1
逾期,2
適者生存,1
重力,3
鎗,5
閱人無數,1
阿彌陀佛,3
阿門,2
饑民,1
鬱鬱寡歡,2
黏附,1
C6,2
GiB,1
HP,5
Mb,1
bio,3
koe,1
一視同仁,8
三生有幸,2
三腳貓,2
不以為然,7
交情,8
交投,10
低端,1
作狀,18
作病,1
修羅場,1
出戲,1
勾當,4
參詳,5
反勝,2
可喜,8
合群,4
同仁,15
和善,3
商務,9
四目交投,6
回響,3
囹圄,1
在公在私,2
增廣見聞,1
多多聲,11
大專,3
大老倌,2
夫子,9
好呢味嘢,1
妍,4
官網,1
寄信,3
寒暄,3
射箭,3
專區,2
平心而論,5
廁所板,3
形而上,6
徵兆,4
忍手,2
戲曲,3
戳,4
打書釘,8
扣題,4
扮演,11
抵受,10
拼寫,2
振振有詞,6
掛帥,3
搭上,12
搭上搭,1
摒除,3
擺賣,2
攤位,12
政事,5
救助,1
文儀,3
文娛,1
文抄公,1
文科,67
新秀,3
斷市,7
早着先機,1
明信片,12
星火燎原,1
時髦,3
曲終人散,2
書店,34
書業,2
書目,5
會館,1
本位,13
棚屋,4
樂師,2
樂見,2
次文化,7
歐陽,9
正常發揮,1
油水,4
油雞,1
法定,18
法定語言,6
泵,3
消閒,8
滄海遺珠,4
滾熱辣,2
潮文,13
烽,4
烽煙,2
烽煙四起,1
爆紅,9
獨家村,2
留心,11
病床,11
發配邊疆,1
盤踞,1
直落,2
相干,8
相思,18
真是,8
眼冤,6
砥,2
砥礪,1
礪,1
祝願,8
秀出,1
私心,8
科普,3
童書,7
篤數,1
絲路,1
缺席,7
老倌,3
老調重彈,2
臥虎藏龍,3
自瀆,31
舌尖,1
舖面,1
見聞,3
詞典,35
語族,11
謬論,5
變遷,9
豉油雞,1
貿發局,2
賣淫,6
起勁,7
路數,7
送信,4
送暖,2
邊疆,2
郵差,2
開倉,3
闊落,2
阮,3
防務,1
陰陽相隔,3
陶冶,5
陶冶性情,4
雯,21
頂櫳,1
頭啖湯,1
駐足,6
骨緻,1
高抬貴手,3
鳥瞰,1
鴻溝,2
鵝頸橋,1
VAR,2
buff,4
不為所動,11
不甘後人,1
世界盃,54
中鋒,3
以逸待勞,1
克羅地亞,13
出界,1
加時,6
助攻,1
半場,21
受阻,2
古仔,4
合共,3
四強,3
固之然,4
射門,2
屢次,2
峰迴路轉,3
後防,6
抽射,4
接應,12
淘汰賽,1
炮彈,1
球王,5
球證,15
男兒,5
皮球,5
秉,8
秉承,3
策動,4
緊迫,8
角球,9
豁出去,17
賽果,6
近柱,1
追平,1
長傳,4
門將,16
開筆,4
陣式,3
頭槌,5
馳騁,2
黃牌,2
佛山,5
分區,6
印巴,1
周公,2
多利亞,16
如非必要,4
朱義盛,5
油尖旺,4
法案,4
港灣,3
粵人,4
行政區劃,1
讚賞,14
通勝,4
順德,3
PC,2
前女,7
剩下,16
商科,7
子音,4
官校,1
師兄,39
師姐,28
律師行,1
恩典,1
想當年,4
拔尖,2
掹掹緊,2
搞事,16
文憑,10
機會成本,6
狀元,10
秘撈,1
考生,16
臭名遠播,1
花王,2
術科,1
譚,34
連鎖店,7
重係,9
闊太,1
入息,3
唱通街,1
局長,34
年金,14
款項,2
相加,2
細說,3
親友,13
長生津,7
限額,4
領取,2
企鵝,4
文言文,23
詞類,5
語義,3
飛碟,1
上帝視角,1
分毫,3
寰,7
憤慨,7
揼石仔,8
死寂,17
永生,4
熵,1
產婦,1
積水,1
細問,3
變現,7
貧富懸殊,9
震憾,3
內壁,1
內置,4
切片,4
十進制,3
原材料,7
啪啪聲,1
啪斷,1
囈,9
埲,5
導管,2
快鏡,4
感應器,2
懸浮粒子,1
手動,2
打印機,12
抽氣,2
抽氣扇,2
掛鈎,2
插花,1
摩擦,3
摩擦力,1
整鬼,1
旋轉,7
暴露年齡,2
梯形,2
概要,6
氟,1
滑輪,1
熔化,4
熱頭,1
發神經,7
直徑,3
睇更,1
笛,23
細囈,1
花灑,15
草圖,8
蚊瞓,1
路徑,8
金舖,4
鈎,4
銀色,7
銼,1
鏡面,3
閉翳,1
頂點,8
體形,1
鰭,1
黃銅,2
齊備,1
上工,2
仆街仔,13
入紙,4
化學式,1
唔生性,5
圍威喂,6
孤伶伶,6
安慰劑,1
延誤,4
影印,13
影印機,6
悲慟,2
探熱,1
斷送,7
曠工,1
灸,1
羊水,2
血小板,1
血庫,2
起來,55
針灸,1
銖,5
何妨,3
冤鬼,2
冬瓜,6
大冬瓜,1
幻象,6
時尚,5
燙手,1
玩死,6
短炒,5
舞姿,6
辣椒,10
辣椒仔,3
鏡花水月,1
韁,2
鬼魂,2
好波,12
射波,11
後繼無人,2
文化人,7
更生,4
樓市,14
波牛,1
照本宣科,2
講波,17
走位,7
關愛座,31
阿豬,4
阿豬阿狗,4
駕輕就熟,1
丸仔,10
偏見,12
化驗,1
守舊,3
山埃,25
微生物,2
提煉,3
擺到明,12
濃縮,6
硃砂,1
礦物,4
藥品,1
西藥,5
邊界,11
類固醇,1
三扒兩撥,2
中堅,4
伏兵,2
佳績,1
係威係勢,2
傳中,7
出波,1
出線,1
到肉,9
前鋒,6
各司其職,1
名宿,2
喼,22
失球,1
帶隊,3
志不在此,2
悶局,1
捷克,1
撻Q,3
新紮,2
明快,2
星味,4
有限公司,8
栽種,1
波經,1
混戰,4
瞻前顧後,1
群雄,1
聯賽,2
臂章,5
英倫,4
行雲流水,5
補時,1
訓詁,6
講兩句,17
賞面,5
車路士,2
開局,2
開賽,3
靈巧,3
順境,3
黃金機會,5
判案,2
哥哥仔,17
單刀,4
志趣,4
志趣相投,2
法官,35
盤球,1
紅牌,1
越位,40
動作片,5
大場,10
大場面,8
庇護工場,1
放下身段,2
樂在其中,5
歌劇,4
特效,1
獨到,12
畀位,2
笑點,5
絕食,8
身段,12
遠勝,2
防火,5
防火牆,1
冇態,2
利物浦,15
大打折扣,5
季尾,4
攔截,3
浦,16
球季,5
球賽,5
發辦,2
皇牌,4
皇馬,18
眉來眼去,2
積累,8
紅軍,4
負傷,2
陰濕,4
倒掛,2
冇波,1
反彈,17
名額,1
嚟得切,1
回天乏術,1
地波,1
姐手姐腳,1
射中,3
帶水,7
帶起,4
拖泥帶水,3
時沙,1
死守,8
殊不知,7
波飛,1
窩利,1
蕃茄,7
解圍,6
輪換,1
順風順水,6
黑仔,14
侄,1
侄仔,1
償付,2
出得街,1
切雞,1
初衷,5
受薪,1
周年,11
唔惹少,1
子子孫孫,3
戰神,4
戲稱,1
打格仔,2
文庫,6
暑期,26
暑期工,23
照住,13
白切雞,1
餘興,4
默默耕耘,4
世家,2
亥,2
以資,2
呻窮,2
地段,4
外購,5
大亨,4
大富翁,4
奴役,1
好命,7
拭,8
拭目以待,3
接火棒,2
撚屌,5
新高,10
明珠,10
水漲船高,1
淫亂,8
減壓,1
炫富,2
燒臘,2
爆肝,1
的士牌,1
社畜,1
科舉,7
自相殘殺,4
舖位,2
英資,1
蘇格蘭,3
血緣,11
賣命,8
軀幹,1
黑廁,1
且看,6
仙遊,3
切入點,5
升呢,4
姊姊,1
後現代,1
得天獨厚,14
柔弱,6
添加,6
爭逐,1
英勇,5
賣身契,2
道觀,1
離異,1
代溝,2
免責聲明,1
君子之交,3
意大利粉,2
更加之,12
死蠢,15
異鄉,9
羅湖,11
逆差,1
開玩笑,18
飛機場,3
cred,7
uncl,5
一陣子,16
世界仔,6
中非,5
之先,3
代數,4
作反,5
作惡,9
係波,8
內鬨,4
出人意表,3
前浪,2
動議,6
反枱,3
取道,1
唔使死,3
埋枱,4
夾擊,1
奪取,4
奸角,8
客串,6
尼日利亞,1
差額,1
恒常,1
情郎,1
意想不到,14
感謝祭,2
打鬥,11
搭夠,3
本分,7
民選,6
泥鰍,2
深仇大恨,1
滅絕,13
漁人,1
無差別,4
熟面口,4
牆角,9
片酬,1
盤算,11
硬仗,6
碰頭,6
算術,2
粉腸,14
群揪,1
翻盤,1
耗損,3
股息,6
芋頭,1
襯家,2
西伯利亞,5
諗真啲,22
講打講殺,1
講數,12
貪慕虛榮,1
貼上,6
軟弱無力,1
郁手,19
鳩流流,1
黑豹,5
以內,3
依歸,3
原住民,11
咬文嚼字,1
喚醒,11
城邦,8
嶺南,10
廣府,15
廣府話,7
描述主義,8
正體字,6
海南,27
華埠,1
處方主義,2
香港話,37
井號,1
代任,1
冒號,1
咓,3
形符,1
感嘆號,1
標點,16
標點符號,10
減號,1
舉報,5
變調,8
遲下,4
開引號,2
隔開,3
頁面,1
前頭,4
力氣,18
反常,10
咬實牙關,6
形聲,2
心如刀割,1
歌功頌德,4
死忍,1
沉默是金,4
涵養,4
灌輸,10
牙關,12
落堂,10
虐兒,3
黃牛,1
LM,39
mp4,1
不僅,2
不得而知,1
主編,72
動筆,4
參閱,3
國務院,2
國外,5
客座,3
審定,1
審訂,2
恕我直言,1
慶生,2
挾,6
摘引,1
教育署,2
有根有蔃,1
港澳,16
直言,4
粵教中,5
紀元,1
綱要,1
編印,2
考場,1
考核,5
脫稿,2
著述,2
蔃,1
見諒,4
語體,5
講開又講,12
貴國,1
超連結,1
鑽牛角尖,3
集思廣益,1
中港,15
仇恨,17
伸展,11
可恨,6
可親,8
國策,1
土語,6
壓倒,2
忘本,3
把炮,3
木魚,4
步步進逼,4
死死下,2
浸大,8
火燒,23
聽信,1
艱辛,2
豁免,6
進逼,4
頗為,7
高危,1
café,13
口渴,2
同校,8
校工,7
沉穩,2
發力,2
臨時臨急,2
芒果,7
見客,4
語調,18
警匪,3
警匪片,3
hihi,5
一嚿嚿,1
中巴,1
冬暖夏涼,2
助手,14
喪生,1
嗶,3
報稱,1
大燈,1
奮勇,3
客機,2
屏幕,4
怕咩,5
扎扎跳,1
擾攘,3
教官,1
架空,3
機長,13
無線電,5
猩猩,5
班機,7
生招牌,2
生還,7
畀油,1
白老鼠,4
空中巴士,1
空軍,2
空難,1
籌劃,1
自告奮勇,1
航班,1
花店,2
計有,5
載客,1
迫力,2
銘記,2
銘記於心,1
頂撞,5
頭獎,5
黑猩猩,1
一躍而下,4
乾濕褸,4
人妖,5
凡間,8
反串,2
姣,15
幽魂,1
後患,3
心碎,7
性取向,2
愚人節,2
玉樹臨風,2
胭脂,12
花旦,3
賣座,2
通靈,3
驚嘆,11
事跡,6
升格,5
同鄉會,4
名正言順,3
土地公,1
天地父母,1
弘揚,2
往年,4
急就章,1
懇請,4
戲班,2
手頭,11
捕魚,1
推測,14
擅闖,1
敍述,2
新山,1
普查,6
木屋,6
村落,19
柴灣,9
武德,1
比分,1
法號,1
海陸豐,1
漂流,2
潮劇,1
濠,6
爵位,2
登錄,2
皈依,2
盂蘭勝會,11
着眼,2
神位,1
祭祀,4
綏靖,1
緣由,2
耕地,2
臆測,2
荒地,3
葵涌,5
財力,5
越發,1
長春,3
門聯,2
仄,68
俗話,2
典雅,7
利好,7
南寧,1
叢書,3
增強,7
大抵,6
嬉笑,4
寫照,7
尺度,4
平仄,36
律詩,12
捨本逐末,1
政論,3
橫濱,1
用典,2
相宜,4
睺,1
稱心,2
粗言穢語,2
經得起,3
調性,2
趣味,10
過江龍,1
魏,6
乳酪,1
五顏六色,3
凳仔,2
和唱,3
外露,3
字型,4
幢,18
座椅,1
怪叔叔,2
攞走,3
教室,1
書檯,5
校舍,12
校裙,1
演奏級,2
狹小,7
班房,9
租借,1
跟蹤,20
鋼筋,3
集體回憶,2
仇富,1
哀求,18
唾罵,3
地產商,11
奇則,1
好賺,5
扶搖直上,2
撤出,2
染指,5
水落石出,5
灼,11
發水,3
發水樓,1
白手,3
白手興家,2
真知灼見,1
笑騎騎,4
第一桶金,2
血汗錢,3
豐厚,3
財技,3
進出口,3
金額,9
電力,1
一棟都冇,1
不料,17
九條街,2
代言,7
代言人,6
博聞強記,1
口啞啞,7
合集,1
短篇小說,14
社論,1
舞文弄墨,2
評述,3
躍然紙上,1
一地兩檢,5
三角眼,1
人口結構,3
代議士,2
作勢,4
修憲,3
做莊,3
先決條件,5
冇死錯人,1
反效果,4
叮走,1
吊唁,1
含淚,9
唔落手,2
喊包,2
單對單,3
團聚,4
在望,4
大勢已去,1
姨甥,1
姨甥仔,1
射落海,2
屌票,2
屢敗屢戰,5
工運,2
後事,9
接受現實,5
政棍,6
服輸,10
未亡人,1
本土派,46
染紅,1
榮辱,2
派錢,10
淡靜,2
港漂,1
滬,2
滿腔,3
為人師表,4
父母官,1
當透明,1
痛斥,1
白票,3
直通車,5
粵港澳,1
精神面貌,1
繁忙,8
罷買,2
老奉,5
耗用,3
臨立會,2
變更,2
起用,6
道貌岸然,3
邵,1
鐵通,2
閒家,2
順民,1
願賭服輸,3
顧全大局,3
做低,5
利率,6
家國,3
慄,24
服務業,1
營盤,7
發鈔,2
組裝,2
貿易戰,1
關稅,1
雙贏,2
零件,6
飛吻,1
驚慄,7
fet,6
不只,7
不婚主義,1
冤家,2
到處留情,1
勢利,4
取勝,7
團年,5
團年飯,4
埋欄,2
婚期,1
心理醫生,1
恍然大悟,15
感情線,2
扯唔埋欄,1
施襲,1
曲折,10
曲折離奇,9
棟篤笑,3
湧現,9
爛gag,7
片頭,2
特輯,1
當心,2
療程,1
繼母,2
見家長,5
訴苦,4
負心,3
遇襲,3
重逢,5
鬥氣,4
鬥氣冤家,1
不堪設想,3
交足功課,1
含沙射影,2
唐突,8
專治,1
情操,3
憶述,2
指名道姓,2
搵位,6
收聽,3
政治化,4
無心之失,7
片言隻語,2
老氣橫秋,2
醜態,4
深思熟慮,4
byte,16
code,36
㗎話,2
下嘛,3
二進制,2
四萬九,1
回帶,11
士啤,2
定稿,1
為限,2
編碼,21
交鋒,5
外文,4
廢中,5
格律詩,6
民初,4
猛人,3
莊重,3
認同感,5
辦報,2
些牙,15
他鄉,4
凝結,4
卯,1
同堂,2
圍村,3
圍頭佬,2
圖博,1
太和,1
學派,2
情書,9
打劫,12
掌故,1
撰文,9
散漫,2
新瓶舊酒,2
械鬥,4
榮幸,5
民族主義,23
漁村,13
田野,5
碎片化,1
突厥,2
翻炒,8
聽住先,4
詞根,1
起因,3
輕信,1
鄉約,2
鄉議局,1
雙關,3
雨後春筍,3
他條,2
啟航,1
經驗之談,4
蒐集,1
通曉,4
預防針,1
頻撲,1
D場,3
中興,2
寶貝,7
月巴,1
剔除,6
均速,10
KPI,3
互信,13
付費,4
何等,8
偷睇,19
八婆,53
典當,2
准許,3
同意書,1
售賣,5
啪啪啪,22
嘩然,3
噢,41
四驅車,4
回贈,4
報串,5
大押,1
季度,3
尾班,35
尿急,3
尿道,2
尿道炎,1
屎急,2
屎餅,1
後欄,5
心息,3
忍尿,2
急尿,3
性交,9
愛撫,3
抵銷,3
招供,2
敗類,16
教畜,3
整治,1
月經,2
校務,7
校務處,5
校監,4
棒打鴛鴦,1
歡心,6
水飯,1
水飯房,1
求饒,2
油站,5
渣滓,3
潛規則,3
無料,5
煲粥,4
熏,3
獄卒,2
班務,1
班長,7
知悉,3
立刻,34
篤背脊,2
簽字,4
紙牌,3
緝兇,1
老鼠屎,1
聽書,7
肥婆,20
舉起,31
西史,13
訓導,7
訛稱,1
象棋,2
買兇,1
貼心,5
賽會,1
趕快,6
踪,3
遊魂,2
遊魂野鬼,2
銬,6
離間,8
電掣,4
風馳電掣,3
上課,5
人奶,9
付款,7
來潮,7
修業,2
假冒,7
兒科,5
公報,7
公投,14
冒簽,5
出選,6
函數,4
分期付款,1
去歸,3
嚇鬼,8
執葉,1
堅係,23
大鑊嘢,3
奶媽,6
如此類推,2
學年,6
學生證,1
家長信,10
小兒科,5
小過,9
巴仙,3
幾多點,5
心理負擔,1
托兒,2
托兒所,2
操行,6
收留,5
整日,7
時薪,10
曠課,7
杯碟,4
洪水橋,1
煙頭,7
男生,51
留堂,4
竊笑,5
累進,1
罰款,13
菊花,12
萬能插蘇,1
衝紅燈,2
託兒,3
諗清諗楚,3
賣關子,1
遇啱,3
違例,1
邊際,5
鋌而走險,1
鐘數,4
開考,6
隻揪,3
黑心,5
世事無常,1
乾燥,3
佛祖,3
全盤,13
千分之,1
喜怒無常,3
嗜血,2
天國,12
就至,2
巫師,2
弊多於利,2
強悍,2
強迫症,1
心理關口,3
悲歡離合,1
拾遺,3
有求必應,2
朝不保夕,1
榮耀,6
污辱,3
波動,5
減輕,8
灰飛煙滅,4
無神論者,1
無稽,11
無解,9
甘之如飴,3
生怕,4
略盡綿力,1
疤痕,6
盡責,8
確鑿,10
笑片,1
自命不凡,2
自慰,18
自殘,5
色素,1
血絲,2
血色,13
衣紙,1
表層,3
見獵心喜,2
謙卑,8
證據確鑿,7
識性,2
貪生怕死,1
車禍,3
過眼雲煙,1
鎮痛,1
關切,3
阿貓阿狗,2
隨機應變,5
隱居,2
難以名狀,1
食齋,2
飴,4
鼻腔,1
一事無成,5
三緘其口,2
上咗年紀,3
不可理喻,6
不周,2
事必躬親,1
事無大小,2
交涉,6
人夫,9
人貴自知,2
作賊心虛,4
偽命題,2
傾唔埋,2
充耳不聞,5
力有不逮,3
勢成水火,2
同謀,1
含糊不清,3
周到,4
咱,3
咱們,3
唯唯諾諾,4
啞忍,1
善終,4
始料未及,3
學有所成,1
學藝未精,1
對牛彈琴,1
差遣,4
引燃,1
強項,8
微弱,14
心虛,16
思量,7
手辦,11
打雜,4
抑止,1
掐,2
放手,38
放手一搏,1
故障,7
斷章取義,4
根除,1
機件,2
歸根究底,6
淺窄,1
添飲,1
煮食,5
燃點,4
爭辯,7
爽快,19
疑慮,2
登場,9
盯,14
粉墨登場,3
終究,10
緘,2
老百姓,4
耳提面命,1
芥蒂,2
落閘,8
著想,10
衝撞,1
褻,9
親力親為,8
觀摩,6
逃難,4
遊花園,3
過骨,1
鐵板燒,2
門可羅雀,2
靜心,1
駐守,5
點頭,112
不日,1
不顧一切,9
境地,10
廣為人知,6
深耕細作,5
命仔,4
復辟,2
搞搞震,7
東山再起,3
棘手,3
殺身成仁,3
氣候變化,1
無路可走,1
狗雄,1
窮遊,2
一言堂,1
七彩,15
傳統名校,2
受罰,3
咕,25
咕喱,4
嚇到標屎,1
國界,3
坐享其成,2
大門口,2
奪標,3
威望,1
嫦,6
學生哥,12
強推,3
德州,4
忽嘅,1
惰性,4
愛理不理,6
成材,1
搞嘢,8
新任,1
早晨,18
春袋,6
校花,5
校草,1
校譽,2
校際,8
校風,13
條毛,17
死傷,7
殺雞儆猴,2
沙龍,1
消遣,2
濫權,5
牛咁眼,1
男校,8
痺,9
祭旗,1
空泛,8
笑爆咀,1
篤魚蛋,9
罪大惡極,10
蝗,36
遠古,15
飄揚,13
魚蛋檔,1
麻痺,6
一往情深,1
仰慕,6
假若,5
全心全意,5
出發點,7
刷新,3
去向,8
咎由自取,1
哀悼,6
坦率,2
失效,11
婚約,1
存亡,12
家聲,1
寄宿,2
尋死,7
少婦,1
恥辱,2
惶恐,9
慶賀,3
憂傷,3
憂愁,4
應分,1
收口,5
有夫之婦,1
死於非命,1
汰弱留強,2
沙白,2
滅門,1
滋生,2
激安,1
激心,1
火光,19
燃油,2
率直,3
生不逢時,1
生機,9
生死存亡,1
皇儲,1
眷戀,3
睇唔過眼,10
祭典,2
秋收,1
綜援,16
胡思亂想,10
膜拜,5
花多眼亂,1
苦水,7
英女皇,9
茶飯不思,2
萬念俱灰,4
蛾,5
血清,1
血清素,1
觀音兵,5
誓不兩立,2
輕傷,2
輕生,2
迫切,3
閒雜,8
霧氣,1
風險管理,5
飛躍,3
飢荒,2
驟然,1
両,6
今期,3
傷勢,3
傷患,4
傻女,9
內疚,20
冷酷,8
刀鋒,4
切口,2
另結新歡,1
心扉,2
扉,2
招惹,8
檢驗,2
殘存,1
申冤,2
痊癒,1
痛恨,9
眼紅紅,5
睇死,12
箍煲,2
鉅細無遺,3
錯有錯着,1
閃光,11
霉爛,1
驗傷,6
魔力,12
一刀兩斷,1
一怒之下,2
一手包辦,1
下意識,10
不痛不癢,2
事出有因,1
事到如今,11
仁慈,6
偷閒,1
債務,5
傷天害理,3
凌亂不堪,2
分居,2
前科,3
剎車,3
劃清界線,2
包攬,2
匱乏,3
博覽群書,2
又食又拎,2
反作用力,1
口水尾,4
可鄙,2
哀樂,6
哪怕,8
唔服氣,4
喜怒哀樂,6
墨爾本,3
失準,2
好來好去,3
如釋重負,4
學府,4
安於現狀,6
宣稱,6
家嘈屋閉,2
家頭細務,2
寡言,1
實數,3
尋根究底,2
尋歡,2
尋歡作樂,1
對賭,10
屎忽痕,7
弒父,1
張羅,3
往返,5
忙裡偷閒,1
忿,20
患得患失,3
惱羞成怒,2
愛屋及烏,3
慈悲,9
懂事,3
手指公,11
挑釁,7
敬謝不敏,1
斤斤計較,1
於事無補,3
桿,15
概率,3
槓,11
槓桿,2
樂於助人,1
正日,7
歲月靜好,1
法力,24
洗刷,1
深居簡出,1
炸兩,3
無賴,11
牛扒,3
獨斷獨行,1
理直氣壯,20
瑣碎,6
癒合,1
發還,1
百家樂,1
皇冠,3
目睹,4
盲棋,1
眨眼,14
磨心,2
積怨,2
童心,3
翦除,2
腐敗,6
自作自受,5
舉手之勞,1
袋鼠,4
見怪,6
見怪不怪,6
記事,2
設法,3
試卷,4
認叻,10
語言不通,1
謹言慎行,1
豆袋,1
賠錢,10
超額完成,2
身無長物,1
追悔,4
退步,3
遇事,1
邊處,5
錙銖必較,2
閃避,10
陰沉,6
隨和,4
隨手,36
雙親,9
頂心杉,1
飛快,11
養大,4
魯莽,4
beat,5
一碌木,9
下馬,10
下馬威,4
中游,1
五音,5
五音不全,3
便秘,8
充飢,2
厚顏,2
古典音樂,2
咬糧,2
品德,3
均衡,2
場數,1
天資,3
好些,25
學分,2
定價,5
師資,4
弱能,1
慈祥,3
教院,3
敦厚,1
明解,1
活塞,3
災民,3
發老脾,2
空降,3
老脾,6
自生自滅,2
話知佢,2
講嘢呀,2
講學,5
長成,1
面不改容,3
飢餓,3
香港電台,1
今夜,4
借鑒,1
做夢,2
卿,23
卿卿我我,6
哀怨,2
唱反調,2
夢幻,6
天意弄人,3
寂寥,2
悲嘆,1
曇花一現,2
減退,2
登對,15
白菜,2
稱心滿意,1
終老,8
肝腸寸斷,2
虛幻,6
過人世,2
雙雙,4
靡,20
鹹魚白菜,1
不見經傳,2
匾,4
匾額,2
又呢又路,1
大漢,10
字裏行間,1
客家菜,1
年號,1
徒然,12
惆悵,6
扯線公仔,1
桂枝,1
桂枝仔,1
楷書,3
榕,7
榕樹,4
湛,3
着迷,1
硬繃繃,1
私有,5
私有化,2
置身其中,1
象形,8
開船,2
隸書,1
非我族類,3
一語中的,2
吳語,5
唚氣,1
九折,2
危機感,1
去除,6
反骨,4
大乘,2
失陷,1
宏願,1
底細,2
心魔,2
拜服,4
永恆不變,1
泡影,3
涅槃,2
珠江,4
生死有命,5
知覺,14
破除,2
禪宗,1
穿鑿附會,7
走漏風聲,1
起事,4
銳氣,1
結拜,3
雞數,1
麥樂雞,3
不法,3
乜水,7
二次元,10
人均收入,2
以物易物,5
低B,10
供給,1
依法,6
便攜,2
保証,3
俸,2
借過,1
值錢,8
入數,1
冚冚聲,1
出價,1
包揼,1
匿名,3
區塊鏈,11
各懷鬼胎,1
單日,3
四面楚歌,1
大摩,2
夾萬,8
奬金,2
實實在在,4
廢紙,11
心裏有數,1
慘慘豬,3
成交價,1
扔,4
揸手,5
搞彎,1
擠提,4
攜帶,8
散銀,3
文檔,1
時政,7
有交易,2
浮動,4
濫發,2
瀏,10
瀏覽,10
瀏覽器,1
燃料,1
牆紙,4
真金白銀,2
立亂,19
立立亂,4
紙幣,6
細摩,1
網名,4
聯儲局,9
調控,1
貴金屬,2
賬目,1
贖金,1
赤字,1
跌幅,5
轉賬,6
通貨,8
遞減,4
銀両,1
銀仔,5
錢包,7
鑽石,21
餉,2
驗証,2
鬱金香,1
利器,8
印印腳,6
印腳,6
收租,5
本錢,11
楓葉,3
疾苦,3
頭等,8
食四方飯,1
驚弓之鳥,1
傳召,1
傷及,2
全權,1
受託,1
嚴苛,2
德行,3
憲政,6
扣押,1
抗壓,3
拘留,4
有罪,9
留任,2
疑犯,8
稅收,2
稅率,1
羈,20
羈押,1
職務,7
處罰,4
行使,4
評定,2
課稅,1
賦稅,4
辯駁,14
闡明,3
不由得,37
倒奶,1
卧,4
卧床,1
反高潮,6
唔係辦法,10
因間,2
插喉,1
法律責任,1
波折,6
琴晚,4
直系,1
直系親屬,1
緊閉,1
親屬,2
識講嘢,3
陣線,2
麥片,1
㖭,29
一式一樣,5
俯衝,3
偷偷哋,2
傾盆大雨,3
加把咀,1
匙羹,15
吵鬧,6
呢陣,4
嘈冤巴閉,1
坎坷,3
夜幕,2
大嗌,22
天鵝,2
夾子,1
威武,1
小姑,21
小玩意,4
左搖右擺,8
志氣,7
悅目,5
手掌,18
拍手掌,2
排水,4
搭正,1
摔跤,2
林林總總,5
步槍,6
水產,1
沉沒,4
波濤,4
波濤洶湧,1
火槍,1
灰燼,11
烈火,8
煤,10
燼,12
白鴿轉,3
直筆甩,1
眼定定,7
眼尾,10
空隙,6
立正,2
粒聲唔出,7
精巧,1
胡桃,1
腳仔軟,2
腳尖,1
興致勃勃,2
芭,9
芭蕾舞,7
跤,2
跳紮,1
跳跳紮,1
金絲雀,1
鎮定,28
長裙,17
閃閃發光,6
隆隆,9
震耳欲聾,5
魚肚,2
黑鼆鼆,2
B仔,6
低B仔,1
傾聽,2
刺客,4
刺殺,9
嘭,11
失蹤,22
對打,2
山河,2
幼女,1
後庭,1
招安,3
斬中,3
暗算,1
歸一,2
淹沒,6
簷,5
聽朝,11
腰間,2
蓋世,3
虎口,2
輕盈,4
鞘,4
飛簷走壁,1
一字不提,1
事緣,6
來頭,11
假象,6
冊子,5
古物,5
后羿,1
和睦,3
唯恐,4
堅忍,1
妖孽,4
妖言惑眾,4
嫦娥,3
導言,6
導讀,5
小冊子,5
左右逢源,4
慌張,15
截然不同,6
故弄玄虛,4
暴政,3
朝政,3
民不聊生,2
氣急敗壞,11
活埋,2
浙,6
浙江,3
率領,2
玻璃樽,3
盤古初開,2
睦,3
矛頭,7
窯,1
絕招,11
脾性,1
臍,4
臍帶,2
蠻夷,3
覓食,3
認賊作父,1
警世,2
這些,104
銷聲匿跡,1
頭都大埋,1
國事,2
墻,1
學系,18
完備,2
憾事,2
濯,1
精通,10
通商,2
五體投地,1
冷門,2
凋零,5
叫座力,2
名利雙收,3
大紅大紫,5
工廠妹,1
接班,2
接班人,1
搵真銀,1
架勢,3
架勢堂,1
欺師滅祖,1
片商,1
聽曲,2
落紅,3
警醒,1
讓路,2
轉個頭,10
釵,4
險些,1
鷺,1
不惜工本,1
中山,4
中庸之道,3
中肯,9
仁愛,2
備用,3
冒犯,2
取替,2
含笑,3
嚴正,10
安分守己,2
州長,1
廉恥,12
待薄,1
必修,6
擺上枱,1
效法,5
曝曬,1
有骨,5
棱,1
模棱兩可,1
混為一談,3
發脹,3
看見,20
社會賢達,5
禮義廉恥,2
算了,10
簡略,3
籮,6
籮底橙,2
粗野,2
精闢,3
老天爺,6
處之泰然,6
血淋淋,12
話柄,3
越洋,1
軼,1
軼事,1
道統,3
院校,7
隱惡揚善,1
頂天立地,3
體格,2
黃土,1
三言兩語,5
不銹鋼,1
乾蒸,1
傾吐,1
充實,8
入睡,4
劊子手,4
原廠,2
嘻嘻哈哈,9
垂死掙扎,9
如坐針氈,2
復國,2
悠閒,7
捋,2
排洩,1
排洩物,1
日程,1
歲數,6
清拆,3
清掃,1
烈日當空,6
營銷,1
牛鬼蛇神,9
痛不欲生,3
百里香,2
稀釋,2
自得其樂,2
自投羅網,2
苦痛,8
萍水相逢,2
言明,2
言談,9
言過其實,1
運轉,3
閒適,3
陳腔濫調,3
陶醉,12
頂替,3
養殖,1
估估下,7
俗諺,3
信以為真,3
信封,7
備註,2
冇法,4
冚世界,3
割愛,4
半信半疑,14
夠雷,3
大信封,1
手語,2
揸拿,4
爆頭,6
田雞,6
耳熟能詳,4
蛤乸,3
行話,2
誤人子弟,3
證券,22
隱語,4
鮑,15
貼出,6
kilo,1
壞處,2
大中華,19
好樣,14
小二,6
抛棄,1
搜查,7
架咋,7
歪歪斜斜,8
港姐,5
甲骨文,2
白手套,1
腦筋,7
變革,3
象形文字,6
一絲希望,6
下扒,1
剪貼,1
屌打,1
惡頂,4
施主,4
死貓,5
K場,1
上揚,3
作法,7
假音,2
冇嘢好講,3
危危哋,1
四九,2
小提琴,9
提琴,9
簡易,1
缺憾,8
虛無縹緲,3
醉貓,1
韻尾,5
飲歌,1
𠺝,1
七人車,4
三角洲,1
三餐不繼,1
上場,5
不繼,2
不遠千里,1
兩旁,7
冇醒起,1
前所未見,2
前生,2
劇烈,2
動盪,5
千瘡百孔,1
千篇一律,3
升遷,4
南半球,2
危難,4
厭世,2
喧,17
喧鬧,5
在野,2
坐飛機,1
壯麗,2
大局已定,3
大神,14
天旋地轉,14
家業,6
寥寥可數,1
市況,5
心足,2
急停,2
挲,1
捲入,14
措手不及,8
擋風玻璃,2
故友,1
斷裂,3
旅伴,1
晃動,4
殘暴,4
沉思,8
清靜,5
炮灰,2
片刻,3
犯賤,7
異乎尋常,2
異國,2
異相,1
瞬間,42
礙眼,4
罪過,8
翻側,4
老遠,10
自責,6
若有所失,2
西斜,1
詮譯,1
誠惶誠恐,5
車身,4
逐少,12
造反,5
道聽途說,3
避風頭,3
閒情,11
閒情逸致,6
防備,1
霧燈,2
預警,16
頭破血流,6
風化,3
飲鴆止渴,1
鬼斧神工,1
鴆,1
黝,4
黝黑,4
一手造成,2
一竅不通,3
一臂之力,5
不可一世,7
不相上下,1
中同,2
事項,4
倖免,4
催促,3
催婚,1
優柔寡斷,1
入木三分,5
兩難,5
公餘,2
共事,9
共患難,2
剪接,3
勸阻,3
化武,1
反目,2
反目成仇,1
反覆無常,3
喝采,1
堅稱,1
塌地,6
壯年,1
大徹大悟,3
天賦異稟,1
失實,10
奇幻,8
如實,10
如日中天,1
始終如一,3
孤島,11
家事,7
寡情薄倖,1
對數,4
強詞奪理,1
形單影隻,1
忘形,5
恰如其分,1
患難,7
惺惺相惜,3
愛情線,1
愧疚,4
手下留情,4
技驚四座,1
招紙,3
持家有道,1
挖掘,1
擺柳,1
杜撰,3
枝頭,4
枯燥乏味,1
樹敵,1
死心塌地,6
殺害,4
毛病,6
淑女,5
渝,2
滲漏,1
熱戀,5
父愛,4
特務,6
牽連,3
理工,5
生厭,2
發亮,6
盡早,2
直認,5
睿,4
睿智,2
研製,2
窈,2
窈窕,2
窮困,2
立誓,1
節點,5
粗魯,10
納粹,13
老而不,1
自甘墮落,2
自食其果,1
舉薦,1
著迷,6
蘇黎世,1
談吐,10
迎頭趕上,2
過量,3
重擔,1
野心勃勃,1
隨性,2
難看,6
零落,2
首尾,1
體貼入微,3
wet,5
人生贏家,6
修心養性,1
尚待,2
心智,7
溝仔,3
燒銀紙,1
生結,3
重慶,18
重慶大廈,14
咕嚕,12
嘰哩咕嚕,3
憐惜,4
綠豆沙,1
不和,1
冇乜兩句,2
回禮,3
少主,2
恭祝,1
篤手指,1
裸跑,2
離神,1
黑面,10
痴線佬,25
上鏡,4
仄聲,8
八陣圖,1
唐詩,20
妾,2
定形,1
對仗,3
平聲,17
武將,7
窟,4
聲韻,12
近體詩,11
進士,2
邑,5
鄒,1
隋,7
音韻學,4
唔客氣,19
嗚呀,16
搬搬抬抬,1
昆蟲,7
晾衫,5
行行企企,5
衰女,3
認領,5
賢淑,2
駁嘴,6
低質,11
傳閱,7
冥王星,1
娛樂性,3
娛樂版,8
娛記,1
寫真,6
正經八百,1
野種,1
離晒大譜,1
中資,4
優質,11
原價,1
品質,10
啤梨,36
士多啤梨,33
換算,1
比高,2
炒起,1
特惠,3
睇齊,3
苦學,2
衫褲鞋襪,7
下墜,1
乜乜物物,6
以偏概全,4
天之驕子,3
失事,4
暢所欲言,3
社工,15
老式,2
老老豆豆,4
聲勢,4
舞台劇,11
誨人不倦,1
醉雞,30
UNO,9
一枝獨秀,2
人丁單薄,1
人海戰術,1
仇敵,3
假以時日,3
停經,2
優越感,12
入鄉隨俗,2
出國,5
初次,2
勢在必行,1
勢必,4
印度文,2
可蘭經,1
同仇敵愾,2
和盤托出,10
圍圈,2
均勢,1
坦承,3
孤兒,7
將價就貨,1
工業化,1
後勁,3
惡霸,2
戰鬥力,7
打量,17
拋離,2
搬字過紙,2
搵銀,1
搶攻,1
撫慰,1
擺佈,4
救國,3
數值,2
新淨,2
有財有勢,2
水皮,4
決一死戰,7
沉睡,1
派駐,2
滴酒不沾,1
漢城,1
無聲無息,19
爆燈,1
牌匾,2
狹隘,3
王牌,5
生龍活虎,2
石油,6
第二語言,4
節育,1
籠絡,1
結盟,2
義賣,2
老蘭,8
肢體語言,4
能力值,2
臉紅,2
臣服,1
茶道,10
華語,2
親善,2
觸目皆是,2
詢問,19
讓開,6
豬八戒,1
走避,7
遠赴,1
遷徙,1
醒獅,1
間歇,2
隨俗,3
雞肋,1
食正條水,4
高就,2
五五波,3
冇命,2
唔撈,7
安慰獎,6
搵命搏,3
摀,2
次方,1
立立令,1
自力更生,3
難上加難,3
馬仔,3
一應俱全,2
乾身,1
人蛇,1
低檔,2
俯拾皆是,6
充氣,1
冠絕,4
分貝,3
剪除,1
勒緊褲頭,1
原訂,1
售貨,9
售貨員,9
喬,10
喬木,2
地球村,3
外勞,1
大驚小怪,5
天空之鏡,1
好頸,1
家境,4
宿營,1
專心致志,4
專門店,2
少之又少,5
工作假期,1
工幹,5
庸人自擾,1
廚具,6
後座,6
微薄,3
惺忪,4
打道回府,1
掃貨,4
接載,2
摩天輪,2
撐起,6
擠擁,2
攀升,1
收容所,2
旺季,3
明朗,4
時令,5
暗自,10
望天打卦,1
枝葉,4
梳理,6
樹熊,2
民營,2
淡季,1
深蹲,1
清晨,6
潛入,5
澳元,1
濕滯,5
濫收,1
猶豫不決,5
生活費,4
留守,9
疏爽,1
盤根錯節,1
睡眼惺忪,4
破爛,8
稅項,1
第三世界,1
網球,7
聳立,1
腹地,3
自動自覺,5
褲頭,6
身家清白,2
車工,2
輟學,1
輾轉反側,6
轉告,2
連根拔起,4
過境,5
鈴聲,14
鉸,4
鉸剪,3
閉目養神,3
開揚,3
閒話家常,10
閒錢,6
闔,5
防曬,5
隱隱作痛,3
雞同鴨講,2
難民營,2
雲圖,1
飢渴,6
驚艷,1
鼻鼾聲,5
鼾聲,5
上庭,5
丟架,3
仇家,3
冒警,1
卑劣,2
咩料,10
品格,2
哇,50
在心,13
埋街,3
報案,2
太空卡,2
好揾,2
完美無缺,1
審理,1
引蛇出洞,1
懷恨在心,1
截查,1
打個突,1
打鑊,1
抄牌,3
掃場,2
散開,5
暗串,2
曬相,1
更之,1
無業游民,1
精警,2
繳械,1
老廉,3
茶位,1
蒲頭,16
被告,6
裁判官,2
話説,1
認罪,8
調派,1
賒,9
身經百戰,4
身體接觸,5
轉介,2
返夜,1
還擊,6
錄低,11
魚蝦蟹,1
鵪鶉,3
鼎鼎大名,1
咆哮,15
囚禁,6
安逸,4
生活態度,10
脫貧,1
追尋,9
上空,7
假貨,3
呼喊,8
容下,2
生手,3
眼角膜,4
角膜,4
談判專家,2
警報,8
迷糊,6
閉上,27
AV女優,7
FBI,4
O嘴,7
X光,2
一帆風順,7
一把火,6
一會,23
一會兒,5
一瞬間,23
一表人才,4
一飲而盡,8
一點點,40
上緊,10
上衣,10
下唇,16
下家,4
下賤,2
下顎,2
不可告人,7
不堪入目,2
不妙,22
不寒而慄,6
不寧,1
不懷好意,7
不省人事,5
不知名,8
不能自拔,4
不要緊,16
不辭勞苦,3
且慢,3
世一,3
中情局,1
久別重逢,2
乘坐,1
也文也武,1
事不關己,9
事關重大,4
二奶,10
交惡,1
交數,2
交頭接耳,5
亮出,1
人情冷暖,1
人盡可夫,1
以退為進,3
仲好講,4
企埋一邊,14
似的,10
低沉,8
佛都有火,4
作對,4
作踐,6
使勁,5
來歷不明,3
來生再見,1
侵吞,1
便飯,6
信賴,5
俾心機,19
倒後,13
倒後鏡,13
假假地,3
做雞,41
傢伙,7
僱用,4
先再,36
光鮮,2
兜頭,6
入世未深,2
兩睇,3
公數,3
其身不正,3
再說,21
冰天雪地,1
冰雪,2
冰雪聰明,2
冷笑,64
冷箭,5
凍飲,6
凶多吉少,2
凹陷,1
出入境,5
出差,6
出師不利,1
分行,9
切斷,5
切線,1
刊載,1
別墅,8
制止,7
刺鼻,4
前程似錦,1
剝落,6
剩女,4
力保不失,3
劫持,2
劫機,1
劫難,1
勞氣,8
勞煩,5
勸服,5
包二奶,4
北京填鴨,1
半斤八兩,18
卑躬屈膝,4
博懵,1
卡片,11
去死啦,2
口哨,9
口果,8
古董,8
可憐蟲,3
可疑,24
可笑,6
司馬,12
叼,4
吃喝玩樂,6
吉普車,2
吊兒郎當,4
同歸於盡,11
名噪一時,1
名媛,1
名符其實,9
呆滯,2
呯,21
呷,9
呷醋,2
呼出,23
呼氣,5
和藹,8
咪搞我,3
咬住,18
咬緊牙關,5
咯咯,31
咯咯聲,5
哪兒,4
唐話,1
唔要命,2
喪偶,1
喪盡天良,1
單手,11
單曲,1
嗄,16
嗝,2
嗨,10
嘈雜,9
嘖,49
噫,4
四腳朝天,1
回敬,11
圍捕,2
土話,1
在劫難逃,1
地府,4
坐以待斃,5
坐立不安,7
堅抽,2
塵世,7
墅,8
墓碑,3
墨鏡,6
夕陽,31
外援,4
多久,8
大事不妙,8
大啖大啖,2
大排檔,10
大模斯樣,3
大海撈針,3
大煙,1
大獲全勝,1
大號,2
大褸,4
大赦,1
天翻地覆,5
失聲,16
失職,1
失驚無神,46
夾手,6
夾手夾腳,6
夾腳,6
契弟,14
奮力,12
女色,4
她們,46
好像,37
好力,3
好漢,6
好看,6
好食好住,3
如意算盤,6
始末,3
婆婆媽媽,3
婆媽,6
婦人,16
媛,1
嫉妒,4
字樓,14
存底,1
孝道,1
它們,2
安安樂樂,2
客死異鄉,4
家常便飯,5
寂靜,12
富商,4
寒意,9
實錄,1
審批,2
審訊,5
寫字樓,13
封鎖線,2
小記,3
少奶,3
少奶奶,2
尖聲,10
尤自可,4
尾巴,6
山崩,5
山谷,1
山雞,1
巡視,2
巢穴,2
左閃右避,4
差事,2
巴結,4
巴辣,2
常餐,3
平板,14
平板電腦,7
幸災樂禍,5
幹部,4
幽暗,2
幾可亂真,2
廣東人,35
引咎辭職,1
弦外之音,8
弱不禁風,2
弱質纖纖,3
強忍,6
強盜,1
得個桔,3
從長計議,3
微微,43
徵求,1
心上人,4
心有靈犀,2
心驚膽戰,3
快遞,1
怎麼樣,9
怔,33
思潮,23
急促,17
急忙,27
性急,1
怨恨,5
恐怖份子,9
恐怖分子,1
悲歌,5
愛滋,2
慌亂,3
慘劇,5
慘叫,22
慘白,6
慢吞吞,2
戀戀不捨,1
戒急用忍,2
截停,1
戴綠帽,6
房車,3
所在地,2
手忙腳亂,8
手扣,4
手提電腦,6
手槍,14
手軟腳軟,1
打唔通,3
打靶,11
扣留,2
扶貧,3
抄低,2
投緣,1
投胎,16
投資銀行,4
抖擻,4
披頭散髮,4
抽絲剝繭,2
拆卸,4
拆穿,6
拋書包,4
拍心口,3
拍馬屁,1
拖車,1
拚,15
拚死,5
拷貝,1
拼圖,3
掃射,6
掌摑,4
排檔,13
掙扎求存,2
探望,8
接客,9
接聽,10
提名,14
揭盅,1
揮舞,6
搔,20
搖擺,5
搬遷,4
搵鬼,4
摵,4
撤去,1
撿拾,1
擊斃,2
擠塞,2
擴充,3
收手,18
收買,13
放冷箭,3
放在眼內,16
放火,10
救兵,4
救火,6
斗室,2
新派,3
斷交,1
斷氣,11
早走早著,1
旺盛,2
昏昏欲睡,2
昏迷不醒,5
易服,2
春宵,3
時常,12
時鐘,5
晌,15
晚間,3
晴天霹靂,8
暖身,1
暗花,6
暴跳如雷,5
有一手,7
有的是,4
有驚無險,2
期金,2
木無表情,17
末世,1
枯黃,2
染缸,1
查出,10
柳暗花明,3
核對,5
棗,9
椅子,1
植物人,9
極光,4
楷模,2
槍殺,6
槍聲,15
標記,5
樹葉,3
機靈,2
檯頭,11
檸茶,15
歇斯底里,12
歎世界,5
正話,36
武警,14
歪理,7
死人頭,3
死光,9
死別,5
死到臨頭,2
死慳死抵,1
死纏爛打,1
死而復生,3
死訊,1
殘害,2
殘破,2
殷勤,8
殺人放火,2
殺人滅口,6
殿後,3
毒打,7
毛冷,1
民脂民膏,1
氣喘,6
氣概,4
氣節,2
氣結,6
水滴,7
污濁,6
沉靜,2
沙啞,9
泣不成聲,5
洗塵,1
洩氣,5
活口,2
浮誇,10
浴巾,2
海底,13
消毒藥水,1
消瘦,2
消防員,2
涎,10
涼粉,2
淒厲,7
淫棍,4
淫蟲,1
清脆,19
清苦,4
渾身,7
湖光山色,2
滅口,6
滔滔不絕,10
潔癖,4
激死,6
濫殺,3
火坑,6
火柴,21
火機,11
火舌,6
火葬,1
火警,6
灰塵,8
炸毀,3
炸藥,3
為甚麼,114
烏低,17
烏低身,15
無人知曉,2
無知婦孺,2
焦急,22
煙塵,2
煤礦,2
燈柱,2
爛打,1
片皮鴨,2
牛頭馬面,2
牽動,7
狗賊,1
猛料,4
獎賞,1
獨行俠,3
獻媚,2
現身說法,2
生神仙,2
生離死別,3
申辯,3
留神,5
當機立斷,3
畿,3
療養,5
療養院,3
發冷,1
發散,3
發毛,5
發黑,2
白宮,4
百密一疏,2
百葉簾,1
盡忠職守,2
監房,1
目不暇給,2
目送,11
盯住,5
直截了當,3
直昇機,11
相貌堂堂,1
眉宇間,6
眉開眼笑,3
看上,5
看作,1
眺望,2
眼眶,16
睇得起,7
瞌,6
知曉,16
碎屍,6
碎屍萬段,4
碎紙,1
碎裂,4
祝捷,1
神經衰弱,2
神色,51
禁不住,10
禮拜尾,1
私刑,3
私底下,13
秘製,3
秘道,3
空無一人,2
空話,2
穿金戴銀,1
竊匪,1
笑咪咪,4
笨蛋,2
第六感,2
筆挺,3
答覆,7
粉餅,8
糅,1
紅腫,4
紅顏,10
紅顏知己,8
累死,5
結案,2
結案陳詞,2
結結巴巴,5
結黨營私,2
經痛,3
綠帽,22
緊握,16
線索,15
縣市,1
總動員,2
繭,2
置地廣場,7
署名,3
美不勝收,2
老朋,14
老淚縱橫,2
老總,3
老花,1
老頂,22
耳朵,7
聖誕樹,3
聲名大噪,3
聲大夾惡,1
聲帶,3
職守,2
聽說,3
肚腩,9
肺病,2
胡言亂語,4
胸口,33
脅持,16
脫胎換骨,2
膽敢,1
膽生毛,3
臉色,17
臠,2
臥底,4
自作聰明,3
舌頭,14
舒展,1
舔,33
舟車勞頓,1
色迷迷,1
色魔,1
花束,1
花車,2
花邊新聞,4
茶杯,5
落葉,5
藥力,5
藥水,14
藹,12
虎穴,7
處置,8
蝗蟲,18
血盆大口,3
行善,3
行將就木,4
行得走得,7
衝口而出,7
衣服,6
衣衫不整,2
衰弱,3
衰樣,8
裡應外合,2
要緊,23
親自出馬,2
訣別,2
該死,15
誇獎,3
語病,1
誣陷,1
誹,4
誹謗,4
謀害,1
講假,4
警戒,7
護駕,1
變臉,1
豬頭,11
豬頭炳,4
貌合神離,1
貞節,13
貞節牌坊,2
財物,4
責怪,11
責罰,2
賣剩蔗,1
賣血,2
走寶,3
走甩,1
走運,1
起色,5
跟前,5
路障,3
跳動,8
身光頸靚,3
身痕,4
躲懶,1
軍事法庭,1
軍官,3
軍用,2
軍警,4
軟禁,1
輕佻,5
輕柔,4
輕而易舉,2
轎車,1
轟動,3
迂迴曲折,1
迷姦,1
迷藥,1
逃出生天,3
透氣,1
逕自,22
通信,6
通緝犯,2
連聲,33
遇險,2
過得去,1
遞信,1
還拖,2
那裡,14
郁手郁腳,7
郎才女貌,2
鄉下話,2
酬金,2
醒醒定定,1
醫務所,3
醬汁,7
金星,1
金盤洗手,2
鈔票,8
門鐘,3
閃身,9
開夜,4
開夜車,3
開房,4
開門見山,6
閻羅王,6
防震,1
陰晴不定,9
陰曹地府,1
隔壁,3
隨之而來,1
隨身物品,3
險境,6
雄心壯志,1
雄才偉略,1
雅興,6
雖然如此,3
雙目,9
雙眼發光,3
雪花,17
震慄,3
霹靂,10
靈光,14
靈光一閃,13
面色,45
面頰,5
靦腆,10
頂頸,2
順攤,6
顎,2
顛簸,5
風味,8
風霜,3
飛奔,13
飛機票,1
飯店,3
飲泣,9
飽歷風霜,2
香噴噴,2
馬面,3
驅除,1
驚天動地,5
驚慌,5
高聲,32
鬼咁,7
鬼鼠,10
魂飛魄散,14
鮮花,7
鯊,43
鯊魚,8
鳴笛,1
鴨屎綠,1
點燃,2
一望無際,4
三點式,2
世外桃源,2
主題樂園,1
大貪,1
市郊,1
希冀,1
忠告,4
攀附,1
數之不盡,8
曾經滄海,1
有癮,1
毗鄰,1
沉痛,2
海難,2
淨土,5
深表,2
滑浪,1
物競天擇,1
眩,3
神智,7
神智不清,2
自我安慰,1
興趣盎然,1
蟄伏,1
觀光,4
貪念,7
輕軌,1
迴旋木馬,1
頭站,2
驅動,2
高低起伏,4
一家大細,9
三口六面,1
三長兩短,2
不測,3
不遂,5
乾咳,7
二手煙,4
二鍋頭,1
五星級,2
人如其名,3
人間蒸發,5
來世,12
來電顯示,3
侵略性,1
係咁先,17
俄文,1
保姆,3
信教,3
俯首,4
俯首稱臣,4
倒灌,1
倫常,4
值班,3
偕,10
傻佬,18
傻笑,15
免除,2
內線,3
公假,1
六神無主,4
其間,4
典床典蓆,2
冰窖,3
冷冰冰,3
冷面,1
凝重,8
出世紙,1
分公司,1
分心,9
判若兩人,6
刨書,1
到訂,1
前無古人,1
加冕,1
加害,9
動彈,5
十萬火急,4
及時雨,1
口乾,11
可怖,2
吞吞吐吐,10
吞雲吐霧,7
告解,1
告辭,2
告退,2
呼嘯,4
咪架,3
哀鳴,6
唉屌,3
唔為意,7
唔見得光,5
唔關你事,8
啜泣,2
單人,7
嘈醒,4
嘖嘖稱奇,15
四下無人,6
困身,1
圍剿,2
圜,5
地下錢莊,1
墮入,5
外掛,7
外省,22
外遇,9
大呼小叫,6
大惑不解,9
大清早,4
大礙,3
天倫,4
契女,1
奢求,3
奪門而出,7
女郎,20
好事多為,1
好自為之,5
如狼似虎,2
如痴如醉,5
妙齡,12
始料不及,7
嬌嫩,1
安詳,1
客房,3
導彈,4
小懲大戒,6
屍首,3
幾係,3
引領,9
彌漫,4
後便,7
後腦,15
後退,27
復活蛋,1
忽冷忽熱,6
怒不可遏,1
情同手足,2
情變,8
愉悅,1
意氣風發,4
感歎,7
憐香惜玉,3
成何體統,2
房子,12
打搞,17
打破沉默,3
承包,2
抵觸,4
拉拉扯扯,2
拋開,9
挑撥,7
掛名,2
探聽,2
接踵而至,1
搜證,2
搞三搞四,4
搞喎,1
撲空,2
攝高枕頭,1
攻防戰,1
救治,1
教父,2
日上三竿,2
日行一善,1
晨早流流,2
曉得,4
有勞,1
服食,1
木棉,1
東奔西跑,4
果盤,1
查看,4
查經,1
柴可夫,1
栗,5
栗子,5
核彈,12
梨花帶雨,3
榮升,1
欠身,8
毛骨悚然,10
氣魄,4
求先,2
洋娃娃,1
洋房,4
洗頭艇,2
活色生香,1
清早,6
清秀,5
濕度,6
火爆,9
火遮眼,5
灼熱,4
熙來攘往,4
熟地,1
熱褲,10
燈位,2
燈號,2
牢固,2
猛力,7
獵殺,1
璧,8
生勾勾,9
生果刀,4
產房,4
留海,1
留言信箱,4
留院,2
異曲同工,9
疑兇,4
疑神疑鬼,6
疑點,5
病院,4
痛哭流涕,4
痛失,11
痴心,4
痴痴地,6
癲婆,1
發射,15
發軟,3
白蟻,1
白頭偕老,5
百忙,1
百足,2
目無表情,5
直接了當,8
看更,12
眯,3
眼火爆,8
睡夢,2
睡意,1
睡覺,5
睬佢都傻,2
知心,9
社署,1
神似,4
神經元,3
私竇,3
租客,11
稱職,3
稱臣,4
端詳,2
笑匠,1
管家,2
米色,9
粉碎,10
粗聲粗氣,7
紅杏出牆,1
紅潮,3
紅肉,2
結晶,2
絕交,14
絕口不提,7
綠化,5
緊貼,6
羈留,8
老友鬼鬼,2
老死,14
老毛,3
腔調,4
腦炎,2
腮,9
腹稿,1
臉蛋,4
臨危不亂,1
自言自語,25
臭男人,3
臭脾氣,2
致電,3
若隱若現,5
萬人迷,4
著急,1
蒙上,2
薰衣草,2
藏屍,1
蛀,6
蟲蛀,1
血肉模糊,2
行刑,4
行書,2
行蹤,10
裝扮,4
襟兄弟,2
西裝褲,2
見死不救,2
解畫,5
觸怒,1
觸感,4
訂婚,2
託管,1
詰,2
誒,4
語言偽術,7
調解,3
談心,2
談笑風生,2
請示,4
講好說話,2
豪賭,2
貿貿然,5
賓館,3
賢妻,1
賢妻良母,1
趕唔切,21
躲避,4
躺,12
輕飄飄,1
輛,4
轉守為攻,1
轉數,5
辛苦晒,5
退後,17
退熱貼,2
退燒,1
運動褲,3
道賀,1
遺容,1
遺漏,2
酒色財氣,1
錢莊,1
長凳,5
閃光彈,3
間選,1
閘住,1
阿士匹靈,1
陰差陽錯,2
陰森,3
陳年舊事,2
隔涉,2
雙白線,2
露水,1
風塵僕僕,1
飛彈,2
飛的,12
飛線,1
飛蟻,1
食粥食飯,3
飲管,5
香薰,11
馬尿,3
駭人,2
驚嚇,8
體統,2
鮮血,25
黃面婆,7
點不知,18
候選人,54
六親不認,2
士人,2
妾侍,1
娶老婆,5
子嗣,4
庶出,1
扎鐵,2
排序,3
炒樓,5
炒股,11
炒股票,5
為富不仁,1
畢生,11
過街老鼠,3
門當戶對,2
不絕於耳,2
出租,2
大旗,1
工友,5
彼岸,3
想頭,2
折墮,11
抽取,4
擔正,1
樹大招風,3
演戲,4
獎項,1
獨力難支,1
略勝一籌,1
疲勞轟炸,2
皓,2
翳焗,5
蜻蜓點水,5
見步行步,2
起承轉合,4
躁鬱症,1
重修舊好,3
響安,2
一生一世,12
做自己嘢,3
嘈交,14
壓迫感,5
大個女,6
嫁人,5
孤兒院,3
封口,3
就住就住,1
床單,6
廁板,5
抽油,1
抽油煙機,1
枕頭套,2
水費,1
沖涼房,2
油煙,1
洗頭水,5
熄燈,5
耳塞,1
肚痾,3
蒸氣,6
裸睡,1
護髮,1
護髮素,1
走頭,1
代打,3
創舉,2
古舊,6
定落嚟,2
抬舉,6
提案,1
攝牙罅,1
曠古爍今,1
牙罅,1
芻議,7
袋裝書,1
西營盤,6
食風,2
默寫,3
一炮多響,1
乜滯,3
四喜,6
大四喜,3
小三元,2
小四喜,2
廣東牌,4
情有獨鍾,9
截糊,2
掘尾龍,2
搞風搞雨,2
番書仔,2
筒子,1
紅中,2
起勢,16
騰騰震,2
理財,1
不吝,2
俚俗,1
吝,4
喧賓奪主,1
地理環境,2
太平天國,2
奢想,1
宣泄,1
實驗性,1
導火線,3
屬實,4
才華洋溢,1
指教,8
摒棄,6
摻,1
洋溢,5
潛能,34
肅清,1
莊友,2
蘇州,5
話定,6
賜教,1
避諱,3
避難,6
龍頭鳳尾,1
取經,2
執正,1
太平山,1
徹頭徹尾,3
搶fo,1
斟酌,5
棹,1
棹忌,1
求取,1
狂人,5
略略,15
碰撞,9
空想,7
粵語入文,16
脅逼,1
膽小,5
自述,1
西灣河,3
逼上梁山,1
闡釋,2
主戰,2
俗稱,6
光怪陸離,7
向錢看,2
喧嘩,7
愚弄,3
拚搏,2
撈偏,1
政綱,11
標準工時,3
欽點,1
正氣凜然,2
死結,1
民粹,7
民粹主義,2
漢奸,3
牙籤,12
赫赫有名,3
走精面,3
鬥士,11
一便,3
出獄,1
刑責,1
判罪,1
同輩,15
安然無恙,2
師弟,4
幫兇,5
放租,1
犬儒,2
瞓身,3
置業,2
苟且,8
苟且偷生,6
訟費,1
訴訟,1
諗埋一便,1
諸君,4
嘰嘰趷趷,1
咖咋,4
楚楚可憐,8
空位,4
追討,2
傳熱,2
內側,1
冰格,1
密閉,2
氣墊,1
氮,7
水蒸氣,1
沸點,1
滾水,4
灼傷,3
熱能,3
保鮮,6
保鮮紙,6
咭片,2
因由,4
實Q,3
小動物,4
浮標,1
濕透,1
燒嘢食,4
發泡膠,3
破冰,2
職業病,4
船家,1
許可證,3
起火,3
鐵鏽,2
閃令令,3
面青青,2
一技傍身,1
偽文青,6
創造力,7
大行其道,4
安放,3
實驗室,6
尊師重道,1
弊端,1
有感而發,4
漫談,2
猿,4
猿人,2
精確,5
罵戰,4
讀數,2
讀物,7
隔靴搔癢,1
預見,2
有牌爛仔,2
爛仔,5
儀容,5
勾搭,2
大袋,9
姐夫,2
手痕,3
擠壓,5
痛感,1
黑頭,3
公主病,3
冥冥之中,2
大炮,2
拜金,4
洞房,3
洞房花燭,1
灰姑娘,1
男伴,5
白馬王子,7
童話,12
車大炮,1
鳩痕,16
KB,4
心血來潮,2
怕怕,5
怕醜,12
恣意,1
我見猶憐,1
拖手,19
搖曳,2
演算法,3
瀝青,1
甜美,9
護理,4
雀斑,2
不人道,1
侵權,1
倡導,2
假膠,4
提心吊膽,2
歸還,2
男爵,1
癲癇,1
癲癇症,1
短視,6
表決,3
遠近馳名,1
遵循,3
醫治,3
馳名,3
黐綫,1
上級,6
大階,4
好閒,2
尖嘴,1
市鎮,15
新九龍,1
新市鎮,2
本體,7
波樓,1
浮面,1
疑難,2
老旺,2
舞池,4
落D,3
落吧,2
蠻荒,1
銅記,2
飄移,7
上癮,3
便利店,6
冧酒,1
前一排,3
味噌,1
散亂,8
智利,1
有汽,2
清淡,2
清酒,1
白湯,4
羊毛,1
蜂蜜,1
雪景,5
韭,2
韭菜,2
風雪,4
高湯,1
嗟怨,1
墨守成規,1
無容置疑,5
爛頭卒,2
size,5
大包圍,1
散收收,1
黑盒,10
一門手藝,1
仔仔,20
到其時,1
堂細佬,1
女紅,1
數落,14
烹飪,1
肉痛,2
評核,25
諗落,12
飪,1
一哥,5
大滿貫,1
對壘,1
正手,1
激戰,5
瑞士,13
發球,5
種籽,3
落筆,3
較量,1
高手過招,3
乒乓波,4
仲估,1
估領袖,1
儀表,1
儉,6
奧林匹克,2
奶嘴,1
學神,1
寫真集,4
射精,12
延年益壽,2
打孖,2
文房四寶,2
樂器,22
機能,3
水電煤,1
沒趣,5
漫漫長路,1
燥熱,2
競逐,3
管弦樂,3
腐乳,2
行房,5
豐儉由人,2
配藥,1
銜接,3
靈敏,2
五福,1
倒扣,1
千錯萬錯,3
土豪,8
大朋,2
學生報,1
帶挈,2
春聯,2
橫財,2
橫財就手,1
生意興隆,1
盆滿缽滿,1
真心話,3
祝賀語,1
興隆,1
豬籠入水,2
辱華,3
駢文,1
二郎神,6
入閘,10
利是封,6
心裡有數,2
現鈔,1
賣旗,12
面值,2
mood,2
大波妹,1
情到濃時,3
死皮,1
白滑,3
磨砂,1
鞋烚烚,1
儉樸,1
唔打緊,1
師父,7
庶民,5
拜師,1
瞬息萬變,1
磨刀,7
介面,3
嘀嘀嘚嘚,1
嘈吵,4
掛鐘,3
碟仙,1
面熟,1
好耐冇見,4
排酸,1
摺枱,2
書脊,1
毛筆,16
磁碟,5
窮兵黷武,1
線裝書,1
設計圖,2
酸枝,1
鬼神,9
𠺢嘛,7
上下文,2
交手,2
唔使旨意,3
國父,3
士沙,1
天體,1
座標,1
建樹,4
折射,2
牛頓,6
理數,1
負極,1
避雷針,1
院士,1
電荷,2
單機,1
公正,18
反饋,1
和理非非,7
唾棄,2
圍堵,4
府上,5
投名狀,3
抬頭做人,2
枷鎖,5
武行,1
被套,1
謙遜,6
馬後炮,6
騷亂,2
共振,1
壓制,6
天人合一,1
廢氣,2
收銀員,1
散紙,3
明膠,3
月薪,8
死氣喉,1
氣泵,1
環保袋,1
羞恥,6
腳踝,1
自認,9
踝,1
長頸鹿,1
附送,6
麥當勞,19
杏壇,1
真摯,2
英姿,3
英姿颯爽,1
九龍城,6
伯娘,1
兵荒馬亂,2
助聽器,2
口快快,2
可恥,10
咕哩,1
單拖,4
報喜,1
外婆,18
外家,4
大伯,1
天倫之樂,1
好鬼死,11
嫖,21
嬸嬸,6
寒流,1
應門,9
成親,1
扯貓尾,3
撞聾,7
斷水,1
斷水斷糧,1
曾孫,4
有讚冇彈,1
枴,4
樹皮,4
留戀,9
相簿,5
知書識禮,5
細力,8
羞家,1
老同,1
老派,3
蝦子,11
蝦子麵,11
身後事,3
逃跑,4
過堂,1
長壽,4
閃人,6
阿公,10
阿姨,17
黐餐,1
免費午餐,11
天公地義,1
施捨,6
米芝蓮,3
茶記,9
雙向,3
墨魚,1
墨魚丸,1
花枝,8
黑椒,6
不可方物,2
仙氣,4
佳人,4
傾國傾城,1
匹敵,1
十全十美,3
國色天香,5
大洗,3
婀娜多姿,1
婷,6
想入非非,1
氣場,6
洗太平地,1
狀態大勇,1
秀色可餐,1
綺,6
美若天仙,2
顛倒眾生,3
驚豔,3
字花,1
文告,2
期限,7
甩漏,3
訂立,5
讀寫障礙,2
DNA,4
OP,8
camp,9
logo,3
pure,4
seed,4
warm,2
一分子,4
一口拒絕,4
一呼百應,1
一如既往,1
一字不漏,3
一干人等,3
一旁,6
一氧化碳,2
一池死水,3
一絲不苟,10
一聲不響,1
一般來說,2
一雪前恥,1
丁麵,3
七零八落,1
三分波,7
三圍,3
三奶,1
三教九流,1
三色台,1
三軍,3
三點水,2
上數,3
上月,2
上班族,5
下挫,6
下欄,3
不勝枚舉,2
不在乎,9
不得好死,3
不打緊,1
不拘一格,1
不時之需,3
不智,3
不為人知,2
不羈,5
不翼而飛,1
不軌,7
不離不棄,2
世態炎涼,1
丟棄,2
中子,1
中學雞,4
中槍,5
中獎,4
主力牆,1
主打歌,1
主角威能,4
乏力,2
乏善足陳,4
乘搭,1
乳頭,1
乾坤,9
了不起,4
事後孔明,5
五花大綁,7
五行,14
些小,3
些粉,1
亞視,14
亮相,4
人云亦云,7
人們,21
人工島,4
人形蜈蚣,1
人所共知,4
人格分裂,4
人見人愛,1
人跡,1
人跡罕至,1
仁義,5
仆到,7
仆到去,6
介懷,5
仙丹,2
以身犯險,2
休假,3
休止符,1
伙計,9
估值,5
伴舞,1
低位,2
何文田,2
作歌,3
來函,3
來意,4
供款,2
依據,5
依書直說,2
侵害,1
促請,2
保值,3
保險套,1
信譽,7
修為,5
修練,5
修習,8
俾位,1
倉猝,1
倒豎蔥,1
偏袒,1
偕同,3
做邊行,3
停屍間,4
健身,5
傍友,1
債券,7
傻的嗎,34
傾頹,2
像樣,2
僭建物,1
儲值,1
先睹為快,1
先聲奪人,2
兒童不宜,2
入則,1
內幕,13
內銀股,2
內需,1
全家福,3
兩岸三地,4
兩鬢,1
八哥,1
八達通,55
公德,4
公德心,3
公敵,2
公有,8
公海,4
公眾假期,3
六藝,5
共和黨,2
其貌不揚,3
再接再厲,2
冗,13
冗長,3
冤情,2
冧樓,12
冷不防,5
冷氣機,21
出卷,1
出招,3
出謀獻策,2
出軌,8
刀片,1
刁民,1
分曉,2
分母,1
分秒必爭,5
刑事,10
列子,1
列陣,2
別號,1
別開生面,2
刪改,3
到時到候,5
削除,1
剋,11
剛好,15
剪布,3
剪影,3
劇毒,1
劉海,4
加把口,7
加錢,5
劣評如潮,2
動不動,10
動聽,8
勢估唔到,17
勳章,4
勸交,5
勸止,4
包庇,1
包膠,2
匈奴,1
化名,1
北佬,4
匡扶,1
匯價,2
匯演,2
區別,13
十八區,4
千千萬萬,4
千呼萬喚,2
千字文,3
千絲萬縷,3
半截裙,2
卍,4
卑賤,1
南乳,1
南乳肉,1
博而不精,1
卡啦,5
卡啦OK,3
卡關,2
危樓,3
厄瓜多爾,1
原料,4
原稿,3
厲鬼,3
去年,6
去蕪存菁,2
參悟,1
參謀,2
反智,5
反比,1
反璞歸真,4
反胃,3
受唔起,3
叛徒,5
口才,4
口水戰,5
口硬,3
口訣,3
口黑面黑,1
古跡,2
另行,4
叨光,1
可圈可點,3
史無前例,6
司長,15
吃香,3
吃驚,14
合金,6
吊癮,8
同位素,1
同道中人,3
同黨,3
名堂,7
吐痰,2
吐露,1
君臨天下,2
含撚,3
含量,2
吮,1
吹漲,2
吹牛,3
呃神騙鬼,2
呃秤,3
呃蝦條,2
告發,5
告終,2
周遭,3
周長,2
命理,5
和味,3
和弦,2
和顏悅色,6
咩玩法,8
品流,1
哨牙,1
哭哭啼啼,5
哭喪,14
唐樓,22
唔忿氣,5
唔相干,2
售價,4
唯美,4
唱口,5
唱腔,3
啄食,1
商業化,3
啡走,3
啪丸,1
啼哭,1
善哉善哉,3
善男信女,2
喜氣洋洋,4
喪權辱國,1
嗚咽,5
嘉許,3
嘉賓,4
嘔心瀝血,6
嘔白泡,2
嘔電,3
嘩眾取寵,8
噤聲,2
嚴正聲明,1
嚷,6
四七,4
四四正正,2
回信,12
回升,4
回心轉意,19
回頭是岸,7
因時制宜,1
囤積居奇,1
國寶,5
圍插,1
圍攻,4
圓領,2
團員,6
在校,2
地下鐵,3
地下鐵路,2
地保,4
地線,4
地藏,1
地黃,2
坑渠,6
坤,9
垂青,3
垃圾箱,6
型號,4
域名,1
基友,6
堂而皇之,4
堆填,8
堆填區,8
報刊,2
報攤,2
場館,1
填寫,5
墜毀,2
墾,1
壓場,1
壓境,1
壓軸,3
壘球,8
士巴拿,1
壯丁,5
多士,19
多疑,3
夜闌人靜,3
夠味,3
夠薑,5
大交合,2
大刀闊斧,1
大地魚,2
大寫,2
大小姐,2
大敵當前,1
大方得體,3
大略,1
大腸,3
大話精,1
大鑒,5
大飽眼福,1
天下太平,5
天下蒼生,1
天干,2
天文學,4
天然呆,2
天真無邪,5
天真爛漫,3
天籟,3
天籟之音,1
太歲,3
失分,2
失卻,3
失血,5
失血過多,3
失踪,1
夾縫,3
奇才,4
奇貨可居,1
奉承,3
奉陪,9
奏樂,1
奴才,5
奶油,5
奶油多,3
奸狡,10
好唱口,4
好逸惡勞,1
好食懶飛,1
如箭在弦,1
如膠似漆,2
如詩如畫,1
妄下判斷,2
妻兒,7
姣婆,1
姥姥,4
姦夫,1
威化,2
威嚇,2
威嚴,2
娘親,4
娛賓,4
嫖妓,13
嫖客,3
嫻,6
嫻熟,3
嬌小,8
嬲嬲豬,1
孔明,6
存放,1
存檔,2
孤芳自賞,3
學以致用,2
宅男,10
守望相助,1
守門員,2
安安份份,5
安已不,1
宋詞,6
完場,15
官威,3
宣示主權,3
害人不淺,4
害怕,8
家伙,4
寂寂無聞,2
寄托,1
寄生蟲,8
寇,3
富強,1
寒酸,1
審核,2
審議,2
寫手,7
封塵,3
專政,3
專機,1
專美,1
小兒麻痺,1
小孩子,1
小強,1
小手,8
小生,5
小看,2
少於,2
少許,5
尺牘,1
尼古丁,6
尾班車,30
居心,3
居心叵測,2
屈機,10
屋宇,2
屌到反艇,1
屎尿屁,1
崔,19
工商管理,1
工廈,2
工廠大廈,2
工架,5
工業大廈,2
工程學,1
巨款,2
巨著,5
市佔率,1
市政局,2
布陣,1
師事,2
席捲,3
帳戶,5
幣值,2
干支,1
平鋪直敍,1
年花,7
幽靈,19
度數,2
座底,4
座頭,1
廁格,13
廣告歌,1
延遲,7
弄權,1
弊家伙,2
引頸以待,2
弱雞,1
彈奏,1
彈牙,4
彊,5
影后,1
後巷,19
後會有期,5
後生細仔,2
後門,21
得逞,11
從善如流,4
復出,2
復合,10
循環再用,2
徵文,10
徵費,3
心不在焉,24
心理作用,5
心都離,2
心頭之恨,2
忍不住,3
忍氣吞聲,4
忐忑,3
忐忑不安,2
志大才疏,1
忘懷,2
忘我,3
忠犬,1
忳,1
念念有詞,4
念舊,2
忿忿不平,2
忿氣,5
怒氣,13
怒氣沖沖,3
思念,10
思覺失調,14
急性,4
性侵,3
性器官,2
性幻想,1
性暗示,1
性生活,9
怪責,5
恆星,2
恆河沙數,2
恍如,3
恕罪,2
恥力,2
恨之入骨,5
恨唔到,5
恩客,1
恭請,2
恰好,3
悉隨尊便,3
您,7
悵惘,3
悶到抽筋,2
悽,4
惜身,2
想來,6
惹火,3
感歎號,4
慘淡,1
慢煮,1
慢熱,1
慳番啖氣,2
慷慨解囊,3
憂國憂民,2
懇求,3
應屆,1
應邀,2
懦,27
懦夫,14
懵卵,1
懶人包,2
戍,1
成功爭取,3
戕,1
截數,1
戾,6
戾橫折曲,1
手作,4
手到拿來,3
手帶,2
手淫,1
手電,10
打包,3
打圈,7
打大交,1
打樁,4
打死無怨,1
打火,5
打火機,5
打生打死,8
打的,1
打起,13
打躉,6
扭計骰,5
扯扯地,4
扳手,1
扶手電梯,9
扶老攜幼,2
批示,1
承辦商,2
技術含量,1
抄家,2
把托,1
折壽,6
折算,1
抬轎,1
抱殘守缺,1
抽筋,7
抿,5
抿屎,2
拆局,1
拉開,30
拋諸腦後,7
拍劇,2
拐杖,7
拔河,1
拖垮,3
拙劣,1
拭去,1
拳拳到肉,2
指揮官,2
挑撥離間,3
捉用神,2
捫心自問,1
捲起,7
掃帚,4
掌管,4
掏,6
排練,1
排除萬難,5
掛波,2
接獲,2
推崇備至,5
推心置腹,2
推而廣之,5
推辭,11
推陳出新,3
措辭,2
揚聲,2
揚長而去,3
揸兜,1
搖滾,2
搬弄是非,2
搭乘,1
搭爹,1
搭配,3
搭錯線,1
搵命博,1
搶答,12
搶鏡,2
摟屌,6
摹,3
摺凳,2
撩交嗌,1
擇日,4
擔天望地,2
攀山越嶺,2
攤檔,2
收市,16
收息,2
收看,1
收視,10
收費,9
改口,5
改圖,10
改觀,3
攻擊力,8
放牛,2
放監,3
政壇,7
效力,7
救世主,13
救駕,2
敝,9
敬啟者,1
敬請留意,2
數碼,9
文妓,1
文字遊戲,3
文宣,2
文火,1
文讀,4
斑白,3
斜對面,1
斬倉,1
斬首,2
新低,3
新晉,2
新進,2
新郎,19
施以,14
施政報告,2
旅發局,3
日理萬機,3
昌盛,2
明亮,2
星盤,1
春藥,3
昭然若揭,3
晉級,1
晚輩,1
晨光,2
景轟,4
暖男,3
暗格,3
暗藏,3
暗角,4
暴龍,2
曝光率,5
曲子,1
曲尺,1
曲棍球,1
書畫,5
月事,4
有恃無恐,3
有金執,3
朋黨,4
朝九晚五,2
朝拜,1
朝野,2
期盼,5
束之高閣,1
東區,4
東施效顰,1
東洋,2
東窗事發,8
松木,1
柚,6
查探,3
校對,4
校董,2
校車,1
核聚變,2
根底,6
棒球,4
榮獲,1
樁,9
樁柱,2
樂評,2
標緻,6
標語,8
機油,3
橫屍街頭,4
次選,8
欣喜,7
欺騙,12
欽佩,1
歌喉,4
歌神,2
歎氣,3
歡騰,1
正評,1
此地無銀,1
此起彼落,6
武術,16
歷久常新,3
歸化,8
歸隱,2
死人冧樓,3
死俾你睇,2
殉職,2
毀容,6
比卡超,11
氣沖沖,3
氣量,1
氫,2
水火不容,1
水炮,2
水炮車,1
水煮,4
水箱,1
水草,2
決不,5
沏,1
沒用,2
沖晒,1
沙律醬,3
河山,3
油塘,1
油多,5
油門,5
泓,4
法律效力,2
泥沙,7
泥沼,1
泥頭,2
注意安全,1
注釋,2
泱泱大國,3
洗滌,3
洗版,3
活學活用,1
活該,3
活靈活現,9
派帖,4
派息,4
流年,3
流連忘返,2
浸親,7
消息人士,4
消散,11
涼鞋,4
淋巴,1
淒慘,3
淚如雨下,2
淡化,4
淡友,2
淡而無味,1
淤,5
淫婦,4
深沉,4
混帳,4
混淆視聽,3
淺析,2
清甜,2
清純,12
温馨,1
温馨提示,1
港元,10
渾然天成,2
湊巧,1
湊熱鬧,3
湖南,5
準決賽,1
溫熱,3
溫飽,3
滑鐵盧,1
滾瓜爛熟,1
漆油,3
漆皮鞋,1
漏單,1
漏稅,1
潔身自愛,1
潛心,3
潰爛,1
澰,6
澳紐,2
濕水炮仗,1
濫情,1
火炬,3
火燒眼眉,1
火藥味,3
灰機,3
炒作,2
炒大鑊,1
炒魷,2
炒魷魚,2
烏冬,3
無名氏,1
無師自通,6
無心插柳,4
無極限,4
無的放矢,4
無話可說,6
煉奶,2
煙灰,6
煩悶,1
煩膠,5
煲呔,1
熄滅,11
熱淚盈眶,3
熱狗,13
熱線,6
燒焊,1
燕瘦環肥,3
爆樽,1
爆滿,4
爆谷,1
爆鑊,5
爛滾,2
爛熟,1
爛面,4
爛鬼,7
爽皮,5
片過,2
版面,2
牘,2
牙斬斬,3
牛記,4
牠,2
物盡其用,1
物證,2
特事特辦,2
特此,1
特約,4
犯太歲,2
犯規,10
犯顏,1
狂妄自大,3
狂迷,1
狗官,4
狗頭軍師,1
狼戾,1
獻策,2
玄機,4
玩泥沙,3
珍惜羽毛,3
現場感,4
瑟縮,2
甘心情願,5
生油,2
生煎包,1
生猛,4
生花,1
生財,1
生財有道,1
生鏽,3
用功,1
用處,3
田地,4
甴曱,20
留位,3
留力,3
畜生,2
異想天開,5
疊字,2
疑心,4
疲弱,1
疲於奔命,3
痴心錯付,1
痴漢,15
癲狗,1
發人深省,3
發威,1
發花癲,1
發號施令,5
白紙一張,1
白領,3
百分點,11
的水,2
皮黃骨瘦,1
盛會,3
盛況,1
盛讚,1
盟友,2
盡數,2
盡現,3
盲撐,1
盲腸,2
直搗黃龍,1
相互,10
相助,2
看圖作文,6
眼看,13
眼福,2
眼藥水,1
眾目睽睽,2
瞧,2
矇混,1
矢志,1
短打,2
矯視,1
石硤尾,9
砌圖,2
砌生豬肉,2
砍伐,2
破局,1
硬朗,2
碗仔翅,8
磅友,1
磋商,2
示愛,16
祖師,4
神乎其技,1
神推鬼擁,2
神棍,2
神獸,2
神社,3
神經病,11
祺,2
禮數,12
禿鷹,2
秉持,2
秒回,1
秘書長,3
秘笈,3
租值,2
稠,3
稠密,2
稱頌,3
穩紮穩打,1
空出,4
空閒,4
突破盲腸,2
窘,12
窮奢極侈,1
立時,5
章魚,6
笑喪,1
等閒,5
算命,2
箭豬,3
箸,4
範例,2
範文,7
篤定,1
簡體字,14
簷篷,1
粗口橫飛,8
粗獷,2
粗話,4
精奇,2
精神失常,12
精神領袖,2
糉,13
糭,25
糴,4
紅旗,4
紅日,9
紅的,4
紙媒,3
素聞,3
紮營,3
紮馬,2
累贅,3
細水長流,3
細蓉,1
細藝,2
結算,1
絞痛,1
絲絲入扣,3
絲襪,13
綁匪,6
綜藝,12
維園,17
網羅,1
緊張感,1
總司令,2
總書記,3
總行,2
總裁,6
缺失,3
置喙,2
罷啦,17
義正詞嚴,4
老伯,41
老坐,1
老坑,2
老幾,6
老強,4
老火湯,1
老牛聲,2
老眼昏花,1
老納,2
老襯,7
老闆娘,34
老頭子,4
耳目一新,1
聽出耳油,1
聽取,1
肅殺,4
肉丁,3
肝腦塗地,1
肴底,5
胡作非為,3
能屈能伸,1
脈搏,3
脖,3
脖子,3
脫口,7
脫手,1
腋,1
腐女,7
腥風血雨,3
腰斬,1
腳指,3
腳程,1
膶,3
臨別秋波,1
臨摹,3
自修室,13
自學,4
自成一角,2
自製,16
自誇,4
自辯,1
臭串,2
臭西,2
臭貨,1
至高無上,5
致死,3
臺灣,3
與別不同,3
與眾同樂,1
舊聞,2
花筒,2
芳心,7
若是,7
苦不堪言,2
苦命,1
苦行,4
英俊,4
英俊瀟灑,3
茅塞頓開,2
茲事體大,2
茶走,5
草坪,2
草擬,5
草莓,2
莓,14
莫衷一是,1
萬人空巷,1
萬箭穿心,1
萬花筒,2
落網,2
著時,2
葵花,3
蒼蠅,2
蓮子,3
蓮子蓉,1
蕪,7
薄荷,4
薪水,1
薪津,1
藍圖,4
藍籌股,2
藻,3
蘑菇,1
蛇齋餅糭,8
蜈蚣,1
蜜月,8
蜜月期,1
蝦條,4
蝦碌,2
蠟像,1
血路,3
行政總裁,1
行裝,3
行軍,4
衍生工具,2
術數,1
街燈,11
衛生巾,2
衝燈,3
衣衫襤褸,1
表彰,1
袒,6
裘,2
裝作,6
裴,2
褲襠,1
襠,1
襤,1
襤褸,1
西多,4
西柚,1
要塞,4
見面禮,1
見頂,2
規例,5
視網膜,5
視聽,10
親生骨肉,1
親筆,1
覲見,1
觀看,13
解僱,3
解囊,3
言簡意賅,3
計時炸彈,3
討飯,1
訓示,1
記仇,9
記敍,1
詆毀,4
評理,1
詞不達意,2
誇張失實,5
誠邀,4
說不定,7
課文,6
調戲,3
請客,5
論戰,4
諸事不順,1
謙虛,5
講師,8
謾罵,4
證物,2
警告信,6
警戒線,1
護膚,4
讀本,4
變心,3
變換,7
讓位,3
讓座,8
讚譽,1
豆腐渣,2
豆膶,3
豆膶咁細,3
豆芽,2
豆芽夢,2
豈是,7
豈止,1
豐滿,5
豐碩,1
象牙,3
象牙塔,2
豪氣干雲,5
豬腸粉,1
貔貅,3
負隅頑抗,1
財神,4
貧乏,8
貧血,1
貪贓枉法,1
貴格,4
貼錢,5
貽,1
賄賂,4
賣飛佛,6
賤貨,1
質料,3
賽制,1
賽車手,1
走夾唔抖,2
走甜,7
赴約,7
起勢咁,4
起死回生,2
起舞,12
超卓,2
超必,5
超英趕美,2
趕路,3
趣緻,1
跟得夫人,1
踩油,3
踩腳,1
踮,2
蹉跎歲月,1
躁底,1
躊躇,15
躊躇滿志,3
躍升,2
車手,1
車費,3
車速,5
軋,5
軍備,6
軍備競賽,4
軍師,2
輕率,3
轉世,4
轉播,3
迂腐,2
近在眼前,6
近視,5
近親,3
迴文,6
逆轉勝,3
逗號,7
通書,3
通櫃,1
造勢,1
連任,11
週刊,4
進場,7
遍地黃金,1
過濾,11
道地,4
達人,7
達標,16
選美,3
遼闊,1
邊樹,1
邪教,28
鄉親,3
酸性,2
醉駕,1
釀成,7
重酬,1
重量級,2
野史,2
量力而為,2
金毛,14
金科玉律,3
鉛水,14
銀杏,2
銀牙,3
銅鑼灣,40
銷情,3
鋼門,3
錄像,1
錦繡,5
鍊金術,14
鍵盤戰士,4
鎮守,1
鏗,7
鏗鏘,5
鏗鏘有力,1
鏘,10
鑑於,4
門票,6
閉門造車,2
開光,2
開到聲,1
開口中,4
開台,7
開天窗,5
開山祖師,1
開幕,7
開稀,1
開胃,5
開腔,1
開身,5
閒人,3
閱覽,2
防波堤,1
阻塞,1
阿太,4
阿生,3
阿諛奉承,1
附註,1
降雨量,3
陰招,1
陰陽怪氣,2
陳列,1
陳列品,1
隊冧,8
隔岸觀火,2
隨從,1
雅典,6
集腋成裘,1
雞碎,5
雞碎咁多,4
雪白,6
雲海,2
零舍唔同,1
電視機,17
電解,1
電解質,1
震蛋,1
露底,4
霸主,2
霸王雞,3
靄,2
靈魂出竅,3
青光眼,1
青檸,2
青色,4
青蟹,1
青黃不接,1
靜悄悄,3
非驢非馬,1
鞋帶,3
鞋油,3
鞭炮,1
音樂感,1
響噹噹,3
響應,3
頂樓,7
預算案,1
頓成,3
頭面,6
顆粒,1
風吹雨打,1
風災,1
風範,4
風花雪月,6
飆車,1
飛滋,1
飛濺,1
食古不化,6
食檸檬,10
食腦,3
食霸王餐,1
餐風飲露,2
館藏,2
首辦,3
首長,5
香濃,1
香肉,3
馬主,1
馬頭圍,2
驚惶,3
驢,5
體無完膚,5
高不可攀,2
高僧,1
高樓大廈,7
高歌,5
高汁,2
高風亮節,1
髮型,14
髮線,3
鬢,5
鬼怪,6
鬼牌,2
魚生,2
魚翅,4
魚翅撈飯,1
魯班,1
鱷魚潭,3
鳩做,6
鴕鳥,2
鴨舌帽,1
鵬,11
鹹水草,1
麥皮,8
麵團,1
黃泉,5
黃雨,7
黑口黑面,2
黑幕,3
黑雨,11
黑面神,1
黑點,1
默不作聲,2
默哀,6
點票,4
黨羽,1
鼠竊狗偷,3
鼻子,3
齊天大聖,1
龍蝦,20
GPA,14
O咀,3
pink,2
一二邊,5
一拼,1
一按,7
一族,6
一時意氣,3
一朝早,4
一枝公,1
一無所獲,6
一無所知,8
一片苦心,2
一矢中的,2
一網成擒,2
一般見識,8
一覽無遺,2
一觸即發,3
一錯再錯,1
一馬當先,5
丁權,1
七喜,1
七情上面,5
七情六慾,4
七手八腳,1
三心兩意,2
三次元,3
三讀,2
三餐溫飽,2
上朝,1
上款,2
上班一族,1
下游,5
下盤,5
下調,1
下陷,2
不修邊幅,2
不恥下問,2
不敢苟同,2
不獨,2
不瞅不睬,2
不知廉恥,7
不速之客,5
不鏽鋼,4
世仇,2
中彩,1
中菜,2
串燒,5
主公,7
之鬼,3
乘數,2
乞兒,12
乞兒雞,2
乞衣雞,6
乾冰,3
乾涸,3
乾貨,1
亂拋垃圾,2
予取予攜,1
事已至此,2
事幹,3
互片,2
交配,6
交響樂,2
人命傷亡,3
人命關天,2
人煙稠密,1
人畜無害,3
人走茶涼,1
仁義道德,3
仇口,4
今宵,3
付予,1
以言入罪,3
件頭,5
任期,1
伏味,2
休會,4
伺機,6
低廉,1
低溫,3
佛寺,2
作法自斃,2
佢死佢賤,1
佳節,4
使者,7
依泣,2
係咁歹,2
俊俏,1
保時捷,1
保送,1
信到十足,8
信口開河,1
信用卡,18
信誓旦旦,2
修讀,2
倒斃,2
候補,1
借刀,4
借刀殺人,2
借機,3
借殼,1
假惺惺,3
假說,3
偌,2
偌大,2
偏幫,3
做人世,3
做作,8
做瓜,2
做票,1
偷天換日,3
偷工減料,1
偷窺,9
傳單,10
傾囊相授,3
兇器,6
兇案,4
兇殺案,3
兇狠,12
先父,2
光明磊落,3
光禿禿,1
光臨,4
兜巴,8
兜巴星,8
入定,2
入局,12
入罪,4
內亂,5
內情,3
內衣,11
全副武裝,2
全壘打,1
全港九,2
八大,4
八號波,3
八達通卡,3
兵臨城下,1
冒汗,7
冰水,6
冰鎮,1
冷場,3
冷清,7
冷處理,2
凶神惡煞,3
凸點,2
出山,2
出擊,3
分子料理,6
分局,1
刻苦,3
刻苦耐勞,2
前晚,1
剪綵,1
副校,1
劑量,8
力拼,2
劫案,2
勇往直前,4
動向,6
動容,5
動手,3
動漫,37
勞工處,2
募捐,1
勻循,5
匕,2
北半球,5
北水,2
北菇,4
北菇雞,4
匯率,12
十字路口,4
千古罪人,3
千叮萬囑,5
千載難逢,4
升值,3
半鹹淡,8
南征北討,1
南轅北轍,4
卡位,3
卡冚卡,1
即位,1
即晚,2
卷軸,17
去勢,3
去威,4
去片,1
參選人,11
反斗,11
取錄,2
受控,2
叛國,3
口同鼻拗,2
口唇,9
口窒窒,6
口震震,6
口齒,8
口齒不清,7
古惑仔,11
另作,3
叫喊,7
叫雞,52
可嘉,3
可是,18
吉列,1
吊帶,8
同舟共濟,2
名不虛傳,4
名嘴,1
向量,1
吝嗇,3
否極泰來,1
含情脈脈,4
含血噴人,2
吸血鬼,2
吸金,1
吹口哨,4
告密,2
告急,2
命案,4
咀咒,5
和波,2
咒語,8
咖啡杯,5
咨,10
咨詢,9
哄動,2
唆,5
唆使,2
唔係呀嘛,19
問長問短,6
啥,2
啼笑皆非,4
喉舌,4
喊都無謂,3
喬裝,3
單刀直入,3
嗌救命,2
嗓,3
嘈之巴閉,1
嘔血,5
嘩啦嘩啦,1
嘴巴,5
器重,2
嚮導,4
嚴陣以待,1
四大長老,3
因勢利導,3
固網,8
國師,2
圍裙,7
圓眼,3
圓碌碌,3
土崩瓦解,3
土星,27
土氣,2
在任,2
地契,3
地氈,4
地熱,2
地盤佬,3
均等,3
坐定粒六,3
垃圾債券,1
埋位,14
埋身肉搏,2
城市大學,1
堅料,3
報社,7
塗抹,2
壯健,3
多多指教,2
夜媽媽,1
夜間,1
夠照,1
夠膽死,2
大喜過望,15
大圍,8
大庭廣眾,6
大快活,3
大放厥詞,1
大暑,1
大材小用,1
大盜,1
大言不慚,3
大馬,9
大馬路,8
天崩地裂,3
天王巨星,1
天眼,3
失信,2
失敬,5
失策,2
失言,3
奀挑鬼命,3
奇恥大辱,2
契仔,2
契約,2
奔跑,5
奧運會,1
奶粉,8
好人卡,3
好口,4
好好睇睇,3
好市,4
好惹,4
好路數,4
如沐春風,2
妝容,2
姦情,2
娼妓,1
嫣然一笑,6
嫩口,3
嫵媚,5
嬌嗲,5
子雞,23
孖煙囪,3
孖生,7
字跡,8
孩提,2
宅女,1
安危,4
安眠,9
安眠藥,8
完美無瑕,4
官階,2
宦,3
宴客,1
家徒四壁,2
寄人籬下,1
密斗貨車,2
密質質,2
富足,2
寥寥無幾,2
寫字檯,5
寶琳,7
寶馬,2
封包,2
封條,1
專心一致,8
對辦,2
對頭,3
小子,7
小康,3
小時候,11
小暑,1
小籠包,2
就任,2
尿液,2
居高臨下,2
屍臭,4
屏息靜氣,6
展翅,7
屠夫,8
屬性,8
山明水秀,1
工黨,1
左擁右抱,1
左望右望,3
左面,5
巨響,15
巫婆,6
差婆,4
差點,2
布魯塞爾,1
帕,4
帥氣,1
師妹,5
師範,1
帳目,1
帶眼,7
平生,6
年息,1
幼滑,2
幾大都,2
床舖,2
床鋪,2
底子,2
度日如年,3
廚藝,12
弧,11
強盛,2
強酸,1
強顏歡笑,4
彈丸之地,4
彈力,3
彈簧,1
彈簧刀,1
形跡可疑,2
彩票,2
彪,4
彪形大漢,3
律囉,2
後園,1
後手,7
後起之秀,2
徐徐,5
徒子徒孫,1
循規蹈矩,2
微細,9
心事重重,2
心動,13
心思細密,2
心猿意馬,2
心理輔導,7
心軟,10
心野,4
心頭大石,2
必經之路,1
忍者,7
忘了,5
忘卻,4
忘恩負義,2
忘情,10
快快趣,18
快快趣趣,16
念書,2
怒斥,3
怒火,10
急事,15
急起直追,4
性趣,2
怪癖,3
悠揚,4
情傷,4
惡習,3
惡臭,2
惴惴不安,3
惻,7
惻隱,3
愈滾愈大,1
愕然,13
愚不可及,2
愚笨,1
感激流涕,2
慌失失,3
慘絕人寰,3
慢性,3
憲制,6
懊惱,1
懵丙,2
懼色,2
戒除,2
戰衣,3
戲玉,2
戴套,7
戾氣,1
所托非人,4
手作仔,2
手帕,2
手推車,4
手續費,1
手銬,4
扑咪,2
打J,8
打單,3
打搞晒,6
打殘,2
打賭,14
打開心扉,1
托辭,2
扣減,1
扭扭擰擰,3
扮懵,1
扮死狗,4
扯蝦,1
扼要,1
找晦氣,2
投注,3
投票率,6
抗命,9
披荊斬棘,2
披露,2
押送,1
抽搐,4
抽樣,12
拂袖而去,6
拉攏,2
拉票,8
拍賣,5
拐彎,1
拖數,3
拖架,1
招手,7
拳打腳踢,5
拿拿淋,2
指模,2
按金,1
捱騾仔,2
捲土重來,4
捺,12
掃平,2
掃把頭,2
掃街,7
掃除,3
掃黃,3
掌門,9
掌門人,3
排場,2
排架,2
排版,2
掛斷,4
掛線,11
接任,3
接洽,1
推車,34
推遲,4
掰,2
掰掰,1
揄,3
握手言和,3
揭穿,6
揶,3
揶揄,3
損毀,1
搖搖晃晃,14
搭客,4
搭檯,2
搵日,9
搵笨,1
搵老襯,1
搶購,4
撈唔掂,1
撓,9
撕票,2
撥亂反正,4
撮合,16
撼頭埋牆,1
擄,2
據為己有,3
擠眉弄眼,5
攝錄,9
攝錄機,4
支爆,3
收兵,9
收到風,3
攻陷,4
放債,1
放屁,4
放飛劍,2
政改,10
政教分離,1
政教合一,1
政要,2
敗家,5
敗陣,4
教席,3
教派,2
敬酒,8
數綿羊,2
數臭,3
文憑試,2
文雅,4
斑馬,4
斑馬線,4
斬件,6
新世界,6
於心何忍,4
旁述,12
既然之,2
早茶,1
明智之舉,2
明眼人,6
明知故問,4
易燃,2
星宿,2
時日無多,1
時移勢易,1
晒命,5
晶體,1
智庫,2
暗戀,14
暗號,2
暢快,6
暢銷,5
暴怒,3
暴風雨,7
書友,10
替槍,1
會仔,2
月黑風高,7
有交帶,2
有腦,9
服務員,6
朝思暮想,4
木乃伊,10
杞人憂天,2
杯麵,15
東南西北,1
東登,2
枉然,2
果皮,2
枴杖,2
架設,1
柄埋,2
柒就,2
查收,1
查閱,3
核子,2
棄保潛逃,1
棕色,6
椰,4
榮華富貴,4
樁腳,1
標題黨,1
樹根,2
橫過,5
檔口,9
檔案,6
權柄,2
欠薪,1
欺世盜名,1
歡迎光臨,2
止蝕,2
正菜,3
正途,7
歪曲,2
歸心似箭,3
死不瞑目,1
死不足惜,1
死好命,3
死對頭,2
死款,4
死線,3
死老豆,3
殉國,1
殘奧,1
毒手,3
毒殺,10
毓,12
比試,2
毛手毛腳,6
毛里裘斯,1
民情,7
氣來氣喘,3
氣根,1
氧氣,3
水冷,3
水族箱,1
水洩不通,2
水龍頭,3
永無寧日,1
求神拜佛,4
決勝,6
沉實,3
沙場,1
油光,3
法制,6
法老,1
法蘭西,3
波爾多,1
洋洋得意,10
洗胃,3
流氓,5
流水作業,2
流眼淚,14
流鶯,3
浩大,1
浮躁,2
海南雞飯,8
涂,7
消化不良,3
消暑,2
涸,3
涼水,3
淘氣,9
淚如泉湧,2
淨身,1
淫賤,7
淮鹽,2
深信不疑,6
深宵,25
混和,2
游離,3
溫室氣體,1
溶溶爛,1
溶溶爛爛,1
滄海桑田,5
滅火,9
滑頭,2
滯銷,1
漢子,11
濃烈,6
濕濕碎,5
火滾,2
火車頭,1
灰白,2
灶頭,2
災禍,3
炒埋一碟,2
炭爐,1
炸子雞,18
烈風,4
烹調,4
烽火,2
烽火連天,1
無名指,3
無與倫比,2
焦土政策,2
焦躁,3
煤氣,4
煲仔飯,9
熱氣,6
燒到埋身,1
燒炭,9
爆房,4
爆竊,2
爆裂,5
爭分奪秒,2
版權費,2
牙科,1
牙肉,2
牛仔裙,2
牛高馬大,2
物極必反,1
物歸原主,2
物超所值,5
狹義,2
猛咁,6
獎牌,3
獨個兒,1
獨立屋,3
獨頭,1
獲准,1
獲勝,1
獵豹,1
王者,5
玩電話,6
珍珠雞,4
現場觀眾,3
瑤,22
瑩,11
甘香,4
甜蜜,14
生不如死,4
生借,2
生口,2
生死未卜,1
甩尾,1
由自可,5
申領,1
男仔頭,2
留難,3
畫功,4
異心,2
當值,4
當街當巷,3
畿內亞,2
疑竇,4
病痛,4
病變,1
痴纏,2
瘦肉,12
發債,4
發到豬頭,3
發奮圖強,3
發身,2
白撞,2
白果,6
白肉,2
白過,3
白骨,2
百折不撓,2
皮蛋,12
盛怒,2
盛意拳拳,4
盜亦有道,2
盡如人意,2
盤尼西林,1
目露兇光,4
盲中中,2
直擊,4
直資,11
相架,9
相送,3
省卻,2
眉飛色舞,7
看台,4
看穿,1
看透,4
真個,2
真傳,4
真切,14
真材實料,7
眾所週知,1
睇定,4
睇實,8
睇漏,2
瞭如指掌,4
知難而退,5
短促,4
矮細,1
石屎森林,2
碌柒,1
碰上,6
碰面,1
磁性,4
示好,3
神人,7
神婆,2
神態,14
神打,4
神探,3
神根,5
神神化化,4
神速,2
神高神大,2
票倉,4
票數,4
票源,4
票站,10
禁藥,1
禍不單行,1
禍害,3
禍從口出,5
福至心靈,2
禮品,2
禮盒,21
私樓,2
秦國,83
稀薄,1
稍後,3
稜角,3
穿崩,9
穿煲,4
穿耳,3
突圍,4
突圍而出,3
窗戶,4
窩囊,6
窿窿罅罅,1
竊竊私語,10
童黨,2
竹葉青,4
笑容可掬,6
笑意,9
笨柒,4
筆桿,2
筆記簿,3
答話,9
管制站,2
篤爆,3
篤眼篤鼻,3
簇新,1
簽名會,1
籌錢,5
粉嫩,4
粉末,4
精明,4
精簡,5
糟糕,4
糟質,8
糯米,3
糯米雞,2
紅人,5
紅心,2
紅蘿蔔,3
紅衫魚,2
紆尊降貴,4
紋風不動,3
紐倫堡,1
紗布,6
紙包飲品,1
索償,1
細密,4
細碼,3
終點線,2
組員,4
結霜,1
絕症,4
絞盡腦汁,2
統領,2
絲帶,12
維園阿伯,1
綱領,2
緋,8
緋紅,8
線面,1
緞,2
緩兵之計,2
縮開,6
總局,1
纏住,10
纖腰,2
罅隙,2
罪無可恕,1
罵街,1
罹患,2
羅拔,3
羅盤,1
美夢成真,2
義憤填膺,1
翠綠,1
翩翩起舞,2
老吹,3
老散,5
老馮,1
耳膜,2
耳鳴,2
聞言,4
聯席,2
聯繫匯率,4
聲浪,2
聲淚俱下,2
聽晚,3
聽電話,10
肉搏,3
肥膩,4
肩膀,3
胸懷,2
胸膛,3
脫俗,3
脫口而出,4
腦補,9
腫脹,3
膀,6
膛,4
膝頭哥,1
膠化,2
膽固醇,4
膽怯,5
臉頰,6
臨門一腳,6
自作多情,1
自便,5
自掘墳墓,3
自毀長城,2
自視過高,3
臭四,4
臭狐,3
舉措,2
舊調重彈,1
舞動,4
舞步,2
艱巨,2
色狼,3
色誘,5
芫茜,2
芬芳,3
花心,7
花白,4
芳蹤,1
苦口婆心,3
英鎊,3
范,8
茅台,1
草案,4
草菅人命,1
菜館,3
萬物之靈,2
萬紫千紅,1
落毒,12
落波,1
落狗屎,1
著眼點,3
葡撻,2
葡萄酒,2
蒼涼,3
藕斷絲連,2
蘿莉,1
虐心,2
處死,2
虛線,1
號令,4
號召,7
虧心,6
虧心事,6
蚯蚓,4
蛀米蟲,4
蝦醬,3
螺旋,4
蠢過隻豬,6
血案,2
血流成河,1
行先一步,2
行政會,4
行政會議,4
行李箱,11
行蠱惑,2
行醫,1
街坊裝,4
衣不蔽體,3
袖手旁觀,7
被單,2
補地價,1
裝模作樣,5
裝潢,4
西多士,2
西安,1
西瓜波,3
西登,4
親娘,1
親民,3
覺覺豬,1
角色扮演,3
解款,3
解款車,1
言行舉止,2
訂檯,2
計程車,1
計落,2
討伐,2
設下,6
詭秘,3
話啫,7
詹,10
誇下海口,2
認頭,1
誓神劈願,3
誤中副車,3
誤事,1
誤差,10
調教,5
調製,4
調頭,4
諗掂,2
謀求,2
謙謙君子,4
識飛,7
警署,10
警鐘,5
議決,2
議論紛紛,4
護膚品,2
護花使者,1
變態佬,5
變身,6
豈有此理,6
豎琴,1
豚肉,2
豬咁蠢,3
豬手,2
豬朋狗友,10
豬頭丙,2
貂,1
貓樣,2
貓眼,4
貝多芬,1
負債,1
負債累累,1
財政司,5
財爺,16
買個教訓,2
費盡唇舌,2
賊眉賊眼,1
賣力,5
賣鹹鴨蛋,2
質詢,2
賭大細,4
賭王,3
賴帳,1
赤手空拳,6
赤條條,2
走犯,2
起筷,9
超模,5
超能力,5
跪拜,2
跪玻璃,16
踉蹌,1
身懷絕技,2
身敗名裂,4
身首異處,4
躺下,3
車死,8
軍票,4
軒然大波,1
軟化,2
軟綿綿,1
較飛,2
輕小說,6
轉眼間,6
辭任,2
辭官,1
辯解,12
迫在眉睫,2
退學,7
退居,1
退選,7
送命,2
送終,4
逃命,3
逍遙法外,3
途人,8
通宵達旦,2
通粉,7
通行證,2
通貨膨脹,4
造次,5
逢場作戲,2
運貨,2
遠走高飛,3
遴選,2
選材,1
選秀,3
選舉主任,9
遺言,2
避重就輕,2
邀功,2
邦交,2
邪念,2
郵寄,1
酌量,1
配票,10
配額,4
酒渦,2
醇厚,2
醜態百出,2
重寫,7
重案組,6
重組,5
金多寶,2
釘書機,7
針鋒相對,3
鈕扣,5
銀河系,2
錄音機,6
錚,2
錯手,5
錯蕩,4
鎮店之寶,2
鐘擺,1
長命百歲,4
長眠,2
長篇小說,2
長話短說,2
門鈴,7
閃開,8
開P,4
開埠,10
開審,4
開票,1
開跑,2
開鑼,2
關二哥,6
關照,7
阡陌,3
防毒,4
防煙門,1
防盜,2
阻撓,5
阿三,2
阿福,1
陀地,14
陣地,5
除淨,2
陰陽永隔,1
陸沉,5
隔空,4
隨地,5
隨時隨地,4
險峻,2
隻手遮天,1
雖說,3
雙程証,2
雞排,1
雞竇,3
雞蟲,2
雞髀,2
雞鳴,1
離離合合,4
難以置信,11
難過登天,1
雪球,4
零售業,3
零頭,3
雹,1
電視台,26
電話簿,5
電鍍,2
電風扇,2
震機,4
露出馬腳,1
靈異,10
青山走犯,1
青梅竹馬,10
面無血色,4
面目模糊,6
頂檔,2
順氣,3
頓感,1
頭顱,1
顱,1
風土人情,2
風度翩翩,3
風暴潮,1
風水師,2
風流快活,2
風涼水冷,3
風靡,2
飄逸,2
食客,6
食波餅,1
食物鏈,2
食玻璃大,2
食評,3
食豬,4
食雞,7
飲早茶,1
飲湯,10
飽暖,2
餅家,1
養育,5
餐牌,16
餘波,1
香蕉,22
香雞,2
馬鐵,4
騎師,2
騙徒,2
騷動,4
騾,6
騾仔,3
驅散,2
驚魂未定,2
骷髏骨,5
高估,3
高妹,2
高薪厚祿,2
高談闊論,7
髮腳,4
鬆化,3
鬥波,2
鬼唔知,3
鬼國,7
鬼才,5
鬼打,2
鬼打鬼,2
魁梧,3
魔幻,6
魔法陣,5
鮮味,2
鳴金收兵,4
鴉雀無聲,4
鶯,4
鹹菜,3
麻包袋,7
黃埔,20
黐牙,3
黑吃黑,1
黑名單,2
黑材料,4
黑氣,5
黑眼圈,2
默劇,2
點子,4
黨員,8
鼻敏感,2
齙,2
龍捲風,3
QC,2
cool,2
pH值,1
一件頭,2
一哄而上,1
一哄而散,1
一時口快,2
一枝箭,2
一條心,6
一波三折,2
一笑置之,5
一網打盡,3
一線生機,6
一臉無奈,5
一走了之,4
三號風球,1
上漲,2
上畫,5
上莊,11
上訴庭,1
下凡,3
下功夫,1
下注,1
下筆,3
下腳,4
下風,6
不以為意,4
不勝其煩,4
不單只,4
不拘小節,2
不溜,1
不甘示弱,5
不見不散,5
不辭而別,5
世外高人,2
中國籍,5
中規中矩,2
串埋,1
主持人,6
主見,2
久經,2
乘勝追擊,3
乸型,1
乾塘,3
了卻,2
二次創作,2
五臟,3
五臟六腑,2
些微,3
亞差,2
亡靈,1
交界,3
交白卷,1
人微言輕,1
人材,5
人造人,2
人頭湧湧,6
仆倒,3
仇人,4
付托,2
付諸東流,2
代碼,2
休學,4
伺候,1
低迷,3
作壁上觀,2
作實,1
便意,1
便當,5
便裝,2
信用狀,1
信貸,2
信貸評級,2
倒戈相向,1
倘若,4
候任,2
借力打力,2
偃旗息鼓,2
假髮,3
偎,3
做世界,3
做東,1
側身,4
側門,1
偷師,2
偷襲,11
偽毒,2
傳話,2
傷重,2
傻瓜,4
傾掂,4
元祖,1
先例,2
光圈,4
光天化日,2
光源,2
光滑,3
免死金牌,4
兜搭,4
入秋,6
入鏡,2
內出血,2
全免,2
全軍覆沒,4
公尺,2
公理,2
六根清淨,1
六角形,2
兵役,3
典禮,5
冒進,1
冥鏹,1
冬菇,3
冰冷,8
冰島,2
冷眼旁觀,5
冷鋒,3
凌厲,5
出兵,2
出恭,1
出息,4
刀槍不入,1
分權,6
切記,4
初哥,2
判決,7
利爪,3
利益輸送,4
制衡,2
削胃,1
前仆後繼,2
前列腺,2
剛強,3
剛毅,2
劈炮,3
劍指,2
劍術,1
力排眾議,3
助教,4
勁旅,1
勉勉強強,4
動亂,5
勝券在握,4
勸戒,2
包機,1
匆匆忙忙,3
化糞池,1
北極光,3
北極熊,6
十八禁,1
千夫所指,2
千軍萬馬,2
千錘百鍊,1
卓越,1
南區,2
印花稅,4
危言聳聽,2
即影即有,3
厚此薄彼,2
去世,6
去職,3
參政,1
參考書,3
又係嘅,4
又點話,5
反敗為勝,7
反話,3
反過來,3
反響,1
受溝,2
受累,1
口風,10
古往今來,1
召見,2
可大可小,2
台慶,2
台柱,1
叱喝,3
吃飯,14
各散東西,6
合計,1
吉爾吉斯,2
吐司,1
吸睛,1
呼風喚雨,2
命不久矣,2
命水,2
和事老,2
和藹可親,5
咔嚓,5
咪表,3
品學兼優,2
唸唸有詞,6
商品化,2
喊三聲,1
單單打打,3
單程路,3
嘍囉,14
噩耗,2
嚴懲,1
囝,11
困倦,1
國債,2
土耳其,4
地皮,4
坐墊,1
垂涎,2
垃圾站,2
城郭,1
堅壁清野,1
堅定流,1
堅毅不屈,3
墓地,1
墨斗,2
壓倒性,1
壓力測試,1
外幣,2
夜長夢多,4
夜鬼,4
大大話話,11
大小二便,4
大平賣,1
大打出手,2
大排長龍,1
大汗,11
大法官,2
大熊貓,2
大白鯊,35
大粒,4
大義滅親,6
大肚婆,14
大蝦細,3
大衣,2
大鄉里,2
大雪,9
大頭鬼,1
大鱷,1
天星碼頭,4
天理不容,1
天生麗質,3
天網恢恢,2
夫唱婦隨,1
奇趣,4
奉若神明,1
奎,4
奧匈帝國,1
好搵,19
好耳,2
好言相勸,5
如數家珍,4
妹釘,14
姓氏,5
姨婆,2
威風凜凜,2
娓娓道來,4
媽咪麵,2
嬌喘,5
存款,1
孤軍作戰,2
安人,1
安心上路,2
宏亮,2
官司,4
官場,4
宵夜,6
家訓,1
宿生,2
寒窗苦讀,1
實權,2
寫信,16
寶號,2
封筆,1
射住,4
對質,1
對陣,6
小事一樁,1
小家碧玉,1
小小事,4
小花,1
小賭怡情,1
小道消息,2
少林,4
就職,1
屍骨,3
屍骨未寒,1
屏障,5
展覽館,3
山川,1
工作天,4
左派,6
巨浪,2
巴黎鐵塔,1
師公,2
師爺,1
席間,3
常任,3
平均值,1
平定,1
年報,6
幸運兒,2
幻影,3
幻術,7
底橫,2
底盤,2
店長,10
廢寢忘食,2
廣傳,5
弊傢伙,2
引人注目,2
強化玻璃,2
強壯,1
強心針,1
強攻,2
強暴,2
強身健體,3
彈開,6
往昔,2
後塵,2
得一想二,2
微型,1
微言,2
徹夜,4
心如鹿撞,3
心存僥倖,4
心平氣和,3
忌諱,1
急住,5
性向,5
怪誕,3
怯懦,1
恆心,5
恨不得,3
悠然自得,4
患難之交,2
悶悶不樂,9
情份,2
情勢,1
情竇初開,5
惡名昭彰,3
惡耗,1
惦,1
惦記,1
想念,3
愁雲慘霧,4
意猶未盡,6
愛錫,3
慎重,1
慘無人道,3
慢活,2
慰勞,1
憔,1
憔悴,7
懶蟲,3
戀棧,2
戰鬥格,3
手多,3
手無寸鐵,5
手肘,4
手袖,2
打999,6
打九九九,2
打巢,2
打碟,2
托派,1
扣人心弦,2
扮鬼扮馬,1
抱憾,2
抱憾終生,2
抱薪救火,2
抽稅,2
拆家,12
拆彈,10
拆掂,2
拉丁舞,4
拉弓,2
招搖,1
招搖過市,1
招股,1
拳王,2
拿手好戲,2
持之以恒,3
指壓,1
指日可待,2
指甲油,2
捌,18
捱打,4
排洪,1
排長,3
排長龍,2
探囊取物,2
接龍,4
推倒重來,2
掩耳盜鈴,2
揉,8
插科打諢,1
揼春,2
揼波鐘,2
損兵折將,1
搣柴,1
搭幾,3
搶先一步,5
摘名,2
撈味,2
撐腰,3
撤走,4
擁吻,5
擔子,2
擺明車馬,1
擾敵,2
攜手,3
攝時間,2
支那,1
支長,2
收山,2
收視率,1
改過自新,1
放洋,1
政府工,2
政績,3
故技重施,3
敍事,2
敗訴,2
教育電視,3
散手,2
敲門磚,4
整古,3
整古做怪,3
整整下,2
斷層,1
日產,1
日落西山,3
早市,1
早餐會,1
昂貴,3
昇平,4
明豔照人,1
易容,2
易話為,3
春風滿面,1
時務,3
時鐘酒店,3
晒相,5
智勇雙全,1
暗線,1
曲到圓,1
曲直難分,1
會錯意,2
會頭,4
有價有市,3
有前有後,2
有商有量,5
有始有終,4
有寶,2
服毒,2
望子成龍,2
期油,1
札幌,3
李白,3
材質,2
杜拜,1
束手就擒,6
東江水,2
東莞,14
果醬,2
核戰,2
格言,2
栽培,2
條氣唔順,4
梢,1
椰青,1
楨,4
極端例子,1
樹幹,3
橋手,4
機艙,2
橫流,1
橫過馬路,2
檢點,3
歌舞昇平,3
歐元,1
歡聚,2
歡迎詞,2
正晒,1
歸西,2
死唔斷氣,4
死好過,3
死妹釘,14
死敵,2
死而無憾,6
殃及,2
殃及池魚,2
殘廁,2
殺人如麻,1
殺氣騰騰,2
殺起,2
毆鬥,2
毒癮,5
民歌,2
氣功,3
氣數,1
氣數已盡,1
氣窗,2
氣象學,2
水晶,13
水鞋,1
汕尾,2
決絕,2
沉香,1
沖水,3
河蟹,1
河豚,2
油價,4
波板糖,2
注明,1
洋樓,2
洋洋灑灑,1
洋蔥圈,1
洪拳,16
流言蜚語,1
海南島,4
海味,7
海盜,6
海馬,8
淺笑,7
清廉,3
清瘦,2
渡蜜月,5
港英餘孽,3
渾身解數,2
湯渣,2
溶化,5
滑潺潺,3
滯留,1
滿頭大汗,7
漏口,6
漏口風,2
潮童,2
澤國,1
激氣,4
火場,2
炒家,1
炮台山,2
焚燒,3
無所適從,5
無良,5
無遠弗屆,3
煙消雲散,3
煙雨,2
熊市,2
熊貓,2
熟讀,4
熟食,1
熟食檔,1
熱痱,2
燈死,2
燒香,2
爆冷,1
爆廠,2
爆拆,1
爆缸,4
爆血管,7
爛仔交,2
爛賭,7
爛身爛勢,2
父幹,2
爽甜,2
爽脆,2
版主,2
牙齒,6
牛熊證,1
物慾,1
特使,1
狙擊手,1
狡詐,2
狼吞虎嚥,2
猜情尋,1
猝死,8
獨來獨往,4
獲悉,1
玩下手,1
玩唔起,2
玩膠,2
理事,2
環抱,4
環迴,1
甜心,1
生物學,3
甲醛,1
男女老幼,4
畢業禮,3
異動,5
疑團,2
疲憊,5
病人衫,3
癲佬,7
癲狂,2
登報,5
登機,2
白字,3
白金,3
百上加斤,1
百分百,5
皂,5
的士高,2
皇天擊殺,2
皮褸,3
盈盈,6
盜賊,2
監考,2
監誓,1
目不識丁,1
盲搶,1
直達,2
相勸,5
相對濕度,1
相得益彰,1
真相大白,3
眼影,3
眼淺,2
眼耳口鼻,13
睇得開,5
睇火,5
瞬間移動,1
矯揉造作,2
石蕊試紙,1
碰見,2
礦石,2
祂,4
祝酒,3
神技,2
神曲,4
神諭,6
神通廣大,6
祿山之爪,3
禁令,1
福蔭,1
禮賓府,3
秘訣,3
稅務局,2
稅單,1
稚嫩,3
穩妥,1
空心,1
空翻,1
窘境,2
窮盡,1
窮等人家,1
立竿見影,1
立體聲,1
童星,3
竹林,4
竹枝,3
笑納,2
符文,3
笨實,2
笨手笨腳,3
筆耕,2
等閒之輩,2
筋骨,11
答辯,3
算罷啦,8
米線,18
粉麵,7
粗壯,3
糖衣毒藥,1
糧票,1
紅外線,2
紐西蘭,1
紙錢,3
素昧平生,2
紫微斗數,1
細路女,11
終審法院,7
結餘,8
絕妙,3
絕活,1
綠卡,1
綻放,2
縫製,1
縱然,5
總公司,11
繁重,1
繩索,6
罩門,2
置若罔聞,4
罷就,3
群眾壓力,2
習武,2
翟,4
翻騰,4
耀目,3
老人政治,1
老婆仔,6
老臣子,1
老邁,3
老銅,2
聲演,1
肉緊,7
肉色,3
股份,6
肥沃,1
肥皂,4
肥皂劇,3
肥頭耷耳,2
胃酸,2
背靠,2
胡裡胡塗,2
腐蝕,5
腰骨,7
腳法,3
膠通,1
臣子,1
自嘲,9
自然反應,3
自由貿易,1
與世長辭,2
興高采烈,13
舞弊,1
舞獅,4
舞麒麟,1
舞龍,2
良機,2
良辰美景,2
花女,1
苦瓜乾,2
英雌,3
茶水,9
茶水間,6
草蜢,11
草食,2
荊棘滿途,1
萬象,2
落疊,5
落西,6
落閘放狗,2
葉酸,1
著草,3
葬身,5
蒙在鼓裡,3
蒙羞,2
蒸餾,2
蒸餾水,2
蔚,6
蔚為奇觀,2
蔚藍,2
蔥花,1
蕙,9
薄扶林,4
薄霧,1
藏匿,1
藝能,1
藥石無靈,1
處處碰壁,1
虛耗,4
虧損,2
蚊飯,1
蛇蟲鼠蟻,1
蛙泳,1
蜚,1
蜢,11
蝦人,3
蠻力,2
血海深仇,1
表表者,3
衰佬,4
補血,7
裝設,1
裳,1
襟計,2
西域,1
西裝友,2
要不然,1
見狀,7
規勸,2
親家,2
親朋戚友,3
角逐,2
解毒,6
言之無物,4
訂定,3
記起,16
評審,4
詩情畫意,2
誓言,3
說謊,4
調停,2
調理農務,1
謀反,1
謎團,3
謝禮,2
識時務,3
議程,1
議長,2
護膝,1
豔遇,2
豪邁,4
豪雨,1
負數,2
財大氣粗,2
責備,2
買大開細,1
買手,7
貼文,5
資金流,2
賤民,2
賭鬼,2
賴死,4
賴貓,2
賽馬,5
賽馬會,1
走光,2
走資,1
起兵,1
超時,3
趟門,2
路邊社,2
跳高,3
踩高蹺,1
身旁,4
車位,1
載譽歸來,1
輔導員,1
輕聲,19
輕薄,6
辦公時間,7
迎賓,1
迫上梁山,1
追截,2
追星,1
退庭,1
退避三舍,2
送上門,4
透爐,1
通晒天,1
逢迎,1
連身裙,9
遊說,6
過勞,3
過敏,2
過日辰,2
過獎,3
遠足,1
遣散,2
遣散費,1
邪門,2
都成問題,3
鄰家,5
酒保,3
酒粒,2
酣,4
酥,5
酸溜溜,3
醉人,2
醉生夢死,1
醜化,3
重九,1
重手,4
重陽節,4
金牛,5
金絲貓,3
銳利,6
鋁窗,6
鋪張,1
錄取,2
鎧,1
鏹,1
鐳,2
鐳射,2
鐵塔,1
鐵娘子,1
鑽油台,1
長沙灣,5
閂燈,1
閉氣,2
開細,2
閘機,8
阻攔,2
阿剌伯,1
阿四,3
陀螺,1
陣勢,2
除笨有精,5
陰騭,1
隆冬,1
隊草,7
險詐,2
隱瞞,7
隱隱約約,4
集郵,3
雜交,2
雞子,3
難得一見,3
難纏,4
雪中送炭,2
電光石火,2
電動車,1
電競,1
電腦白痴,1
震盪,4
霖,1
霧霾,2
青山醫院,2
非份之想,7
面不改色,3
面紅紅,7
面紅耳赤,1
面紗,1
響亮,4
頒布,1
領帶,7
風光大葬,1
飄飄然,3
食到盡,1
食塵,1
食糧,1
食草,3
食軟飯,1
食髓知味,2
養子,1
餐會,1
餘震,4
首推,2
香消玉殞,1
馬經,5
馬里,2
駱驛不絕,1
騙案,2
驚心動魄,2
體力勞動,3
高人一等,4
高佻,3
髮尾,3
鬆手,6
鬈,7
魚毛,2
魚苗,2
魚雷,2
鮑魚,11
鳥獸,4
麵餅,7
點石成金,1
鼓起泡腮,2
龕場,2
龜裂,2
NPC,1
UV,1
idol,2
㨂,1
一個二個,15
一嚿飯,2
一讀,3
丁屎,3
丁屎咁多,3
三劃,1
三劃王,1
三姑六婆,4
三幅被,3
上官,4
上蓋,2
不堪入耳,3
不守婦道,1
丐,2
中止,5
中階,3
串字,10
丼,1
乜嘢話,3
九龍塘,4
九龍灣,2
乞求,1
仁至義盡,2
他表,1
任用,7
企位,1
估歌仔,1
伴奏,4
作息,3
作準,2
佣金,2
保本,1
信用咭,4
俳句,2
倒米,2
借鏡,1
做七,2
做樣,2
傷心小棧,1
傾閒偈,2
儒艮,1
元宵,2
光束,2
公益金,8
公職人員,2
兼容並蓄,1
冇奶油,1
冊封,2
冚唪唥,6
冷飯,2
凸字,3
出便,2
出題,3
刮目相看,3
劈價,1
包艇,1
包起,1
北斗,3
十卜,1
千言萬語,1
升學,7
半桶水,3
南亞裔,3
南蘇丹,1
南音,15
博古通今,2
卵巢,1
原子筆,4
反肚,2
口疏,2
口賤,2
古裝,5
古風,1
同袍,5
吖嗱,2
君臣,1
吧枱,2
吽逗,1
和牛,2
和製漢語,1
和音,2
唔啱傾,1
唔怪之,32
唔怪之得,30
唔拘,4
唱功,4
唱和,2
唷,3
唸口簧,2
啤令,1
啱嘴形,1
單詞,3
單身狗,3
喺啦,2
嗟來之食,1
嘈生晒,3
噉樣樣,2
嚟唔切,3
囈契弟,1
四格漫畫,1
四聲,10
圍城,9
在學,2
地下水,2
地埗,5
地母,1
墊屍底,2
墟冚,1
墨丸,3
士多房,2
士多貢,1
外來語,4
大假,5
大懵,1
大檸樂,5
大相徑庭,1
大肚黃,2
大頭針,1
天花龍鳳,2
失敗者,5
奄尖,3
奉子成婚,3
套餐,5
好境,2
婆媳,3
媽媽生,1
守財奴,2
家吓,6
家父,1
寒天,1
寫生,4
將官,1
對焦,3
小菜,1
少數族裔,1
尖頭,1
尿滲,2
屎窟,1
山埃貼士,6
島國,6
嶺南大學,1
工子,2
左抄右抄,1
巴基斯坦,3
幕門,3
庾,7
延期,1
弧度,3
形象工程,1
後底,2
後底乸,2
得寸進尺,2
微乎其微,1
德語,2
心想事成,3
急步,7
怪之得,34
怪唔之,8
怪唔之得,7
怪唔得,9
怪唔得之,6
悟性,2
愛嚟,8
慎終追遠,3
慘情,5
慢慢食,2
懦弱,9
懵炳,1
懸樑刺股,1
戒條,1
手印,1
手硬,1
手長,1
才學,1
扱,2
扶危,2
批鬥座,1
抑揚頓挫,5
抵消,1
抽佣,1
拱手相讓,1
探班,1
提神,3
換位思考,2
揞,2
揸fit,2
搏盡,4
搞作,1
搦,2
摘自,2
撥開,6
操練,5
擰頭,21
擳,2
擺檔,3
敎,4
救急,2
救急扶危,2
整走,6
文縐縐,2
新北,2
新式,3
新正頭,1
日曆,6
早出晚歸,4
晒士,2
有瓦遮頭,4
有身己,2
有運行,3
有錢佬,6
朗屏,1
期考,1
本地狀元,1
東周,1
枱枱櫈櫈,2
架生,7
格仔餅,2
格價,1
構築,5
檢定,2
檸樂,5
歌星,5
歡暢,1
步步高陞,1
歷年,2
死城,2
死魚,6
氣勢如虹,1
水吧,4
沓,7
沓正,2
波子,1
波子汽水,1
泰山北斗,1
流線型,2
減磅,3
溝淡,7
滅聲,1
漂書,3
漏氣,2
漢堡,2
潮汕,2
濁音,2
濃密,3
濕𣲷𣲷,2
火燭,7
炒冷飯,1
炸肶,1
無牽無掛,1
煙韌,2
熊人,9
熱飲,5
爆咪,2
狗熊,2
獵槍,4
王老五,3
珮,2
現兜兜,1
生兒育女,2
生字,4
生詞,4
留班,17
畢生難忘,2
疏導,3
症候群,3
療法,3
癐,3
癥結,1
發明家,1
發熱線,1
發送,2
發鈔銀行,1
白痴仔,21
百越,5
盧旺達,1
相由心生,2
眾志成城,1
着想,4
睇白,1
睡袋,2
矩陣,2
硫酸,2
硬掘掘,2
碇,2
社區詞,1
神心,2
移山填海,2
窗台,4
等份,5
算係噉,2
節操,3
篱,2
簽約,7
籌旗,1
粉底,2
粵菜,2
紀律部隊,2
紅van,1
索馬里,1
細工,1
終端,2
結界,1
練字,3
練筆,2
縐,4
繁盛,1
繞口,3
罌粟,1
羅馬尼亞,1
老屎窟,1
耍手擰頭,3
耷低頭,8
聲納,1
肚臍,2
肶,1
背對,4
腸仔,19
舊陣時,4
艮,1
芝蔴,1
芭蕉,2
茄喱啡,2
荔枝角,1
菓,2
菲傭,9
萱,1
蓄勢待發,3
薩拉熱窩,2
處變不驚,2
號召力,1
蚊滋,1
蜜汁,1
螞螂艇,2
蠓,1
蠔豉,2
行有餘力,2
裇衫,3
西鐵線,1
詩詞歌賦,1
話低,2
調景嶺,4
請勿,4
講實,8
講書,1
識別,1
讀取,3
豬公,1
豬雜,1
負笈,1
財團,5
貢丸,1
賓賓,5
賞心悅目,4
跌價,1
躝,4
身己,3
身教,2
車行,8
輕鐵,2
輸卵管,1
辟穀,1
辭不達意,1
返啅,1
返老還童,1
迷霧,1
逆行,4
通經,2
速報,1
連詞,1
運勢,2
過唔去,2
過時過節,1
遠因,3
遠征,3
遵照,2
選拔,2
配有,5
醒水,1
錦衣夜行,2
長子,2
間格,2
陀仔,2
陞,1
陳設,1
隔音,2
隨之而嚟,3
雙糧,2
雙非,4
雜質,7
雞扒,7
雞春,1
雞春珠,1
雞精,1
雞精書,1
雞絲,10
雞蛋仔,5
雪條,4
雪梨,2
電器,5
電鋸,1
非請勿進,1
靠害,3
面議,1
鞭打,2
音位,1
音標,1
領港,1
風調雨順,2
食屎大,3
食油,2
餵奶,3
首爾,2
香口膠,5
鬧熱,3
鬼殺咁嘈,3
魚柳包,1
鴇母,5
鹹蛋,4
麻省,2
黑工,2
鼎立,1
鼠患,1
齊頭,3
龍頭大佬,1
𡲢,1
𢲡,4
𢳂,2
𣲷,4
𥄫,1
𨈇,1
內務,1
加盟,1
唔係嘅話,4
外務,1
好pay,1
將勤補拙,2
臭朵,1
莊員,3
處事,7
踢晒腳,2
迎新,2
過日子,2
順其自然,2
順景,1
食宵,5
來日方長,1
出碟,2
唔夠氣,2
後生可畏,2
投契,3
望穿秋水,1
樂事,3
滑音,2
百看不厭,1
美聲,2
耍家,2
靡靡之音,1
音域,1
風評,1
養聲,1
黨鞭,2
中性,3
刀工,1
智謀,1
相符,1
窺探,4
蠢才,1
貶義詞,1
𠻹,2
債台高築,1
厚禮,1
受益人,1
嚟真,11
狂喜,1
身無分文,2
骨子,4
互換,9
勇氣可嘉,1
動感,1
星空,2
異世界,5
笑位,3
透澈,1
劇痛,3
啲fd,1
嚟M,1
壁報,3
扮嘢,6
肥妹,5
講說話,2
陣痛,2
左鄰右里,2
心甘命抵,1
拋頭露面,1
歸順,1
深圳河,3
牢騷,2
白色恐怖,1
種族清洗,1
苦衷,6
衰衰地,2
認祖歸宗,1
貼堂,1
追債,1
開席,1
4424,1
利多於弊,1
斷六親,3
棄嬰,1
權位,1
生娘,1
跳掣,2
過繼,3
附屬品,3
養娘,1
養母,1
不問自取,1
冷待,3
同屋主,38
吹脹,5
善後,3
好q,1
好人好者,1
官非,1
家暴,2
小器簿,1
小心眼,3
屋主,39
屋簷,2
影衰,3
扯開話題,1
拖地,1
擅自,2
會社,2
班會,2
異味,2
經期,19
舊事重提,1
設計對白,2
開心見誠,1
電磁,4
電磁爐,1
騰雞,1
BB仔,5
破碎家庭,2
絕倫,3
務農,2
口不對心,1
攞嚟講,3
洛杉磯,1
畜牧,1
跌眼鏡,1
選情,1
一夜情,2
囂張跋扈,1
搏上位,2
明燈,6
濫交,2
發生關係,1
酸臭,1
露肉,1
一親芳澤,1
動人心弦,2
大搖大擺,3
林寶,5
痴心妄想,2
紅館,2
臉龐,5
蓬鬆,4
飛翔,1
㩒掣,1
摺機,3
陸軍,5
陸軍裝,2
古墓,1
自刎,1
賣國,1
賣國賊,1
啋,1
婊,1
綠茶婊,1
藐,3
起雞皮,2
一字咁淺,1
噏風,1
巴士迷,1
攝取,1
片尾曲,1
糠,1
閒日,8
黐金糠,1
乩童,1
前後矛盾,1
劇院,4
同床異夢,1
園丁,1
墮入愛河,2
宦官,1
布偶,1
愛河,2
污點,2
紅顏禍水,1
苦海,3
英聯邦,1
話事偈,1
變面,3
貞操,2
貞潔,2
遷怒,2
飽嘗,1
魚水之歡,1
礦物質,2
仇視,2
別有用心,1
滿天神佛,2
無所不知,1
無所不能,2
相等,5
餵飽,1
一樓一,2
怕事,5
單張,3
嚟嚟去去,2
懵撚,1
書枱,2
事例,2
恐襲,4
淪喪,1
某某人,1
盲信,1
褚,1
SEN,5
吵架,1
運吉,1
傷風咳,1
湯水,2
秘技,2
藥丸,3
補習天王,2
補習社,10
DD,13
出嘢,3
口胃,1
急需,3
揸波,3
無情白事,2
牧童笛,3
發ti騰,1
間距,1
閪水,1
口岸,2
堪輿,1
查數,1
直隸,1
郡,5
雅稱,1
風水先生,1
篤篤,1
靜雞雞,8
原配,1
好衰唔衰,1
安樂茶飯,2
富貴榮華,2
時光飛逝,2
粉皮,1
衣錦還鄉,1
飛逝,2
FYP,1
依從,4
倒楣,1
倒霉,3
匈牙利,1
堂堂正正,5
彳,2
彳亍,2
慣用語,3
憂心忡忡,3
採集,2
撮要,2
曲調,1
有根有據,4
焯,2
總言之,2
舊底,1
訛誤,2
語錄,2
辨識,2
附錄,6
音讀,2
黐線佬,1
不堪回首,1
不擇手段,1
傳頌,3
命懸一線,1
弒君,2
撕毀,2
晒馬,2
槍林彈雨,1
要脅,6
違法,8
勝訴,1
圖章,1
定奪,1
政界,6
案情,8
橡皮,1
橡皮圖章,1
說詞,1
議案,6
面善,6
區別詞,3
博大精深,7
吻合,2
唔使計,2
大便,5
樖,2
正太,1
狀語,1
辭書,1
食西北風,1
侵佔,3
冰涼,2
指尖,1
茉莉,1
香精,1
嘈到拆天,4
埋站,5
打車輪,2
水壩,1
臀,4
買細,2
前震,2
夜更,3
童言無忌,2
遠不及,2
避難所,3
頽,2
亟,1
人同此心,1
作曲家,3
冒昧,1
叁,2
如出一轍,2
扮上菜,1
流明,2
流馬尿,1
深造,3
玖,1
磨練,3
要訣,1
貳,5
開方,1
開闢,3
零丁,2
零零丁丁,2
面談,1
面頭,1
餞,1
餞別,1
商舖,2
強弩之末,1
機電,2
經濟活動,2
行內人,2
資訊科技,1
喇沙,1
無所遁形,2
禽獸,5
衣冠禽獸,3
頭等大事,1
鹽蛇,1
開盤,4
人鏈,2
分憂,1
博客,2
怠工,1
擤,1
有權有勢,3
椰菜,1
椰菜花,1
糾結,2
肝炎,1
菜花,1
褻瀆,2
賓州,1
開示,1
閪客,1
陽萎,7
三隻手,1
冇人冇物,1
單挑,2
大埔墟,4
改選,1
易拉架,3
砵仔糕,1
雖敗猶榮,1
出樣,1
劈炮唔撈,1
工傷,2
工科,1
平權,2
後勤,5
打女,2
扮靚,2
殘弱,1
物傷其類,1
社會科學,1
聲討,10
要不是,2
角質,1
認衰仔,1
輩份,1
雌性,3
唔夠喉,1
聲優,1
脊骨,2
茄輪,4
賣萌,1
跳傘,1
養兒防老,1
中區,2
失主,1
攻破,2
文化圈,5
海港,12
消弭,2
漢化,1
甄,2
甄別,1
縱有,1
邦聯,2
隱性,1
持有人,1
善有善報,1
安樂死,1
惡有惡報,1
罪有應得,1
伯爺,2
嚇窒,4
好瞓,3
打敗仗,1
拖累,1
攻城掠地,1
背脊骨,1
背脊骨落,1
買通,8
仿照,2
依次,2
巴不得,2
江蘇,1
褪後,2
乾淨利落,3
代謝,1
仿佛,5
原野,1
吟吟沉沉,1
吟沉,1
四時,1
四面八方,3
塵拂,1
容光煥發,2
射擊,2
意譯,2
新陳代謝,1
昆明,2
杜鵑,1
橋牌,1
潮水,3
澎,6
澎湃,4
猩紅,2
畫花,2
白𠽌𠽌,1
真實感,2
簪,1
紅海,2
綠蔭,1
老婆婆,2
花影,2
鞦韆,1
鵑,1
𠽌,2
set頭,11
乾手機,2
冥頑不靈,2
堅定不移,2
手指尾,2
掌心,3
攞苦嚟辛,2
昇盤,1
熊掌,4
翻嚟,2
諸侯,8
謀略,1
讒,1
格仔紙,1
落馬洲,1
喫,3
店主,2
惡言相向,1
抽走,1
故手,1
救亡,1
洛陽,1
熹,4
講稿,1
造好,1
開封,1
騎馬過海,1
右膠,19
土著,1
奉公守法,1
產科,1
白食,2
白食白住,1
馬騮屎忽,1
地產霸權,6
大口氣,2
幾號,1
擺上檯,1
種票,2
㷫過焫雞,1
催化劑,3
功不可沒,3
口頭禪,4
四邑,2
摧殘,6
殘廢餐,1
溫度計,3
焫雞,1
生生不息,1
翡翠,2
股民,1
臨界點,2
警司,3
世界語,3
反例,3
八音,1
古琴,3
吹簫,4
琵琶,2
簫,29
結實,5
音色,15
暴民,10
滿佈,4
無庸置疑,1
肢體衝突,2
規章,1
領有,1
剪輯,1
割席,2
喊打喊殺,1
察舉,1
扑頭,1
殘局,3
牧師,2
牧者,2
獸性,1
生理鹽水,1
自衛,2
警棍,8
唔留情面,2
大正,1
庭園,2
情面,3
捱夜,1
擗,1
落伍,1
亡羊補牢,2
伙食,2
兄長,18
嗰頭近,3
壁球,1
失約,1
奉旨,4
好耐以前,4
孝心,2
打回原形,3
洗濕個頭,1
犯眾憎,3
絆,4
羈絆,4
自愧不如,1
長大成人,4
吖笨,1
售罄,2
啟市,1
壽麵,1
客仔,3
小結,2
懶鬼,1
拒收,1
查問,2
熟客仔,3
燒腩,1
燒腩仔,1
獨立包裝,1
瑤柱,12
脆皮,1
親臨,1
賀年,1
賀禮,1
辦年貨,1
門市,3
防腐劑,5
鹼水,1
俗語有云,2
地拖,2
拋窒,1
捉姦,4
有分數,1
眼明手快,1
葵興,3
返頭嫁,1
鏢,10
靜音,6
全力以赴,1
咖啡豆,2
永無止境,1
烘焙,1
焙,2
牛河,3
精良,1
莊敬自強,1
萃取,1
開班,4
開舖,1
不著邊際,1
伴郎,2
做架兩,2
十指緊扣,3
善辯,2
婦女,5
從頭到腳,1
悸動,1
意亂情迷,2
板球,1
樓奴,2
激凸,1
狗男女,1
籃板,1
籃板球,1
精壯,3
純品,3
胴體,3
能言善辯,2
自首,10
良家婦女,3
花球,2
觀禮,1
角分,1
駙馬,1
大皇,1
學力,2
柏林,1
父執輩,2
着力,1
茶館,1
行酒令,1
請便,2
鐸,1
阿茲特克,1
鬆散,4
倒翻轉,1
呃飯食,1
拋妻棄子,2
棟樑,3
汽油彈,1
翻轉頭,2
背信棄義,1
舉出,3
言而有信,1
言而無信,3
符水,1
南越,3
國貨,7
墨家,2
外衣,3
大體而言,1
套丁,1
家山,3
封存,1
巡行,1
度量衡,6
慈母,3
成色,2
服役,5
期貨,2
殘體字,1
比重,3
河北,2
河南,2
減重,2
罰錢,5
行宮,1
行青,1
補足,2
計量,1
運河,2
銅錢,14
青海,3
全球暖化,5
冰山,1
冰山一角,1
填平,1
孖芝,3
小吃,1
没,3
淹没,1
鎮靜,5
青瓜,3
東漢,1
乾手淨腳,2
兇惡,1
勸籲,1
升班,4
揸正,1
揸正嚟做,1
早熟,1
片面之詞,3
獲贈,1
觸犯,6
轉校,5
非親非故,2
優先座,4
有理冇理,1
老弱傷殘,1
專有名詞,2
尚書,2
同屋住,1
唔修,1
大後日,1
始亂終棄,1
心術不正,1
連戲,1
不肖,2
矇查查,1
元寶,1
元寶蠟燭,1
叫賣,3
尋租,1
情何以堪,3
找換,2
找換店,2
牙力,2
葯,1
葯房,1
賣報紙,1
過檔,2
介詞,2
副學士,6
因子,3
埋沒,7
好少可,1
學護,1
排遣,1
濕柴,1
辦學,1
音樂家,3
疆界,1
行乞,2
賣唱,9
停賽,1
戰隊,4
打小報告,1
深潛,2
道德感,2
內心深處,2
津津有味,4
偏門,6
土木工程,1
意氣用事,3
投行,3
秘密武器,2
聘用,1
自動化,1
薪酬,3
出櫃,3
刑事化,1
唔gur,2
唔使本,2
國際法,1
明日之星,1
物產,1
益街坊,1
知識產權,8
私伙,4
私產,2
衣食無憂,1
貨仔,2
踏腳石,1
投保,1
家母,2
短處,1
3P,1
K仔,3
M到,1
cut線,5
一分一毫,3
一掃而空,4
一見如故,3
三更半夜,3
上下其手,1
上期,3
下雨,2
不悅,3
不曾,4
不毛之地,1
丟淡,2
中等,4
中銀,4
乾柴烈火,2
二手飯,2
五線譜,1
交學費,4
亦步亦趨,1
人細鬼大,1
以權謀私,1
以防萬一,4
企街,1
伊人,1
伯母,8
伴唱,2
何濟公,1
作育英才,3
佳話,3
個體戶,1
借口,4
借尿遁,2
假鳩,2
健碩,2
健談,1
僵持,4
元氣大傷,2
兄台,1
先排,1
入樽,1
入股,1
全餐,1
公仔書,2
冚家剷,15
冧女,2
凝神,2
分類廣告,1
切膚之痛,1
刮友,1
刷卡,2
副業,1
劈友,2
加監,1
動脈,3
勺,7
包伙食,1
包青天,2
半價,1
卡數,20
卷紙,1
厚多士,2
口交,3
咳藥水,1
咿咿哦哦,5
唔知醜,1
商用,1
問卜,1
喊到豬頭,1
單眼,2
喳嘛,3
嗱嗱臨,5
四肢健全,1
回溫,1
回火,1
回頭草,1
地庫,2
均分,8
坐蓮,25
報販,1
夢遺,13
大動脈,2
大吃大喝,1
大哥大,1
大情大性,1
大牛龜,10
天助我也,2
天燈,1
太子爺,24
太爺,1
奇遇,2
契哥,8
奴婢,1
好使好用,1
好死唔死,4
好立克,19
姚,8
姻緣,5
威逼利誘,2
婚外情,7
婢,1
媾,2
存有,4
孻,2
孻仔,2
完整無缺,2
害群之馬,1
富二代,4
小意思,1
小測,1
屈尾十,2
屙唔,2
山卡啦,1
差池,1
幕牆,1
幫補家計,3
年宵,4
幹掉,1
影星,1
心太軟,1
念力,3
怕乜,1
急進,1
性伴,1
情侶裝,2
情殺,1
情深款款,2
情緒化,1
應機,1
戇直,1
成碌木咁,1
戰犯,1
戰績,5
房事,1
扁嘴,11
扑濕,3
打對頭,1
打茄輪,2
托柒,1
批發,2
抖暑,1
折頭,1
抽插,6
抽查,4
拚命,4
招引,1
招生,1
捉伊人,1
捻,3
掟煲,1
掟煲費,1
措詞,1
換電,2
搖頭丸,1
搵嚟,3
撩鼻屎,1
擠逼,3
收條,1
改制,2
放料,1
放血,1
故態復萌,1
散席,1
斯文敗類,1
新蒲崗,4
新郎哥,9
方舟,3
日對夜對,2
早晚,2
早泄,2
早洩,6
早瞓,3
明串,2
春風化雨,1
晚裝,1
晨操,1
暗地裏,2
暗笑,5
曳曳,2
更年期,2
有教無類,1
東瀛,2
板起塊面,1
染髮,2
校刊,4
條件反射,7
樣衰衰,2
樽鹽,1
欠債,1
款額,2
死婆,2
死死氣,5
殮房,2
民風,5
求情信,1
求神問卜,1
決堤,1
沖積,1
沙炮,1
河童,10
河馬,1
油田,2
泥足深陷,1
泥頭車,1
泯滅,3
洋酒,1
淋浴,4
清唱,4
滑石,1
滿瀉,1
漿糊,2
激將法,6
濟公,1
瀨屎,12
灌醉,1
無線電話,1
煙仔,1
煩囂,1
煲煙,3
煲電話粥,3
熒幕,7
爆門,1
爬飯,1
特警,3
獨市,1
獨贏,1
獵犬,2
玩SM,4
玩出火,1
玻璃杯,3
班相,2
班級,1
生火,1
男廁,4
畀電話,2
畢業旅行,3
當頭棒喝,1
瘀皮,1
白金卡,1
百萬富翁,1
皇恩浩蕩,3
監躉,1
相聚,1
眉毛,3
眼光光,5
眼眉毛,1
瞓街,9
知醜,1
短命,4
矯情,2
石破天驚,1
破傷風,1
碌過,1
磁碟機,2
磨時間,4
神氣,4
禁果,2
私煙,1
私處,1
童子雞,1
筆盒,1
籃子,2
粗口爛舌,2
紅棗,7
維權,2
緣慳一面,1
纜車,5
缺氧,1
美資,1
群英,1
翡冷翠,1
老利,1
老漢,25
老羞成怒,4
老鴇,6
耍花槍,2
耳筒,6
聖誕大餐,1
肉地,2
腳板底,2
自轉,2
致癌,4
與日俱增,2
舐,4
艇仔,4
良師益友,2
英雄宴,1
茶居,1
落格,2
落訂,1
薄情,1
藏頭露尾,1
虧待,1
血氣,2
血氣方剛,1
行刺,1
街數,1
街症,2
衝線,1
製毒,2
複印,1
西口西面,2
西洋菜,1
覆桌,1
親信,1
觀音坐蓮,23
解穢酒,2
訂位,6
計謀,2
訴說,1
話分兩頭,3
謀私,1
谷精上腦,2
豆泥,1
豪爽,4
賽況,1
跑腿,2
路不拾遺,1
跳欄,1
車仔麵,7
軟腍腍,1
輕工業,1
迭起,1
追仔,1
逃脫,3
違禁品,3
避孕,15
避孕套,15
還款,1
邊青,1
鄉下仔,1
鄙人,15
重中之重,1
重讀,4
金卡,1
銀禧,1
銀芽,1
鐵窗,2
長頭髮,26
開苞,2
關窿,2
阿二,1
阿塞拜疆,2
附有,1
陰道,6
隱青,1
雙子座,3
雜扒,3
雞啄唔斷,2
難言之隱,4
電報,3
電子鎖,1
青頭仔,3
飆冷汗,1
飛天遁地,1
飛機餐,3
飛鴿傳書,3
食屎狗,2
飯錢,5
餵到埋口,4
首創,1
骨場,7
骨髓,2
高佬,3
髮妻,2
鬼知,3
鯨吞,1
鹹故,1
鹹濕仔,3
鹹濕嘢,6
麥芽,1
淫魔,1
街拍,1
M字額,1
push,2
一時一樣,1
代替品,1
儒雅,1
八卦新聞,1
劍蘭,1
勒令,1
原稿紙,1
反應堆,1
口甜舌滑,2
吐苦水,1
嚟緊頭,1
困住,5
壞分子,1
多舊魚,1
天口,2
威猛,3
家電,3
寡人,4
小肚,1
少男,2
尺碼,1
尼姑,1
得來不易,2
懶叻,2
搞呢搞路,1
改名換姓,1
書籤,1
核反應,1
森巴舞,2
正斗,1
殺機,1
母系,1
求簽,1
溫文儒雅,1
瓜老襯,1
甜言蜜語,2
發笑,3
租界,1
積犯,1
窩輪,5
聚首,2
胸圍,24
胸罩,1
花仔,1
輪更,2
遇溺,1
過檯,1
雀籠,1
骨痺,1
高大威猛,1
髮型師,1
鹹片,8
點只,1
chem,2
一籮籮,1
不治之症,1
事業心,1
佳釀,1
公幹,3
公式化,2
化學鍵,5
友愛,3
叻豬,3
含羞,3
品評,1
塔羅牌,1
墮馬,1
多的是,4
夠本,5
大姊,1
大眾臉,3
女強人,3
女校,4
好嚟好去,1
好好先生,2
妓院,2
安家費,1
安胎,1
對面海,5
帶眼識人,3
心多,2
怕黑,3
惰性氣體,1
慢車,1
懷春,2
打探,6
投其所好,2
拯溺,1
捉姦在床,1
搵個伴,1
撫養,3
擔幡,2
擔幡買水,2
攝石,2
書獃子,1
有名你叫,1
歡場,2
氖,2
決意,2
沙蟲,1
海枯石爛,2
深謀遠慮,1
滾友,2
獃,1
玩女人,2
男女校,1
發泄,10
相夫教子,1
矜持,1
破裂,1
神神怪怪,1
網聚,1
置之度外,1
耳仔軟,1
苦主,1
落仔,1
蕩婦,2
衣櫃,2
見習,19
談天,3
買水,2
買醉,1
車軌,5
通姦,1
逼害,1
遇人不淑,2
醜事,2
閃閃縮縮,1
開天闢地,1
開竅,2
開邊瓣,1
陽極,1
首本,1
鳩屎,6
齋校,4
唔唔,3
茁壯,1
千奇百怪,1
窗口位,4
食死貓,2
乾淨企理,1
屏風樓,1
旅遊巴,4
樓齡,1
開平,1
創科,1
攞着數,1
浩浩蕩蕩,1
冇腦,2
專上教育,2
帶街,1
洗樓,1
粽,1
自由黨,3
蛇齋餅粽,1
誅心論,1
互勉,1
以死明志,1
催逼,1
入獄,2
埋沒良心,1
境況,2
密切留意,3
年僅,1
年關,1
廣場舞,1
揮拳,1
民運,2
牧民,1
疼痛,2
紀錄片,2
聽命,3
遮骨,1
養傷,2
黑白兩道,1
伶俐,1
傘兵,1
孫仔,2
對答如流,3
掌心雷,1
無兒無女,2
積少成多,1
聰明伶俐,1
讀書會,2
賄選,1
選定,1
金條,1
鐵票,1
書單,1
贛,1
蟑螂,1
豆豉,1
伊拉克,3
生靈塗炭,2
裝香,1
下嫁,3
全村人,1
剛果,2
推己及人,2
縹渺,1
虛無縹渺,1
黎巴嫩,2
二手貨,1
半透明,3
叉錯腳,1
單眼佬,1
坑渠水,1
從頭到尾,1
扯落水,1
掉轉頭,2
掏出,2
橫行霸道,1
漱口,1
營救,3
舉手投足,2
苦頭,1
食女,3
魔杖,3
中出即飛,2
依依不捨,3
全馬,2
奔騰,3
有婦之夫,1
温書,1
狐狸精,1
道德撚,1
黑超,3
一落千丈,2
中斷,1
佳音,1
係咁咦,1
停戰,1
傷神,1
冰糖,2
刪去,1
制水,3
包租,3
反向,1
唔淨止,1
埋便,1
好人事,1
妓寨,3
寸步難行,2
情投意合,2
情義,2
揾食,4
搭檔,2
摯誠,1
擁躉,1
時移世易,2
板間房,7
歐西,1
泛濫,3
災厄,1
炮竹,1
登台,1
盲妹,5
秋季,3
立例,1
肇慶,1
致使,2
茶客,1
裡便,3
談天說地,2
謄,10
謙厚,1
貧苦,1
貪錢,4
跑馬地,2
連忙,3
逼於無奈,2
銀錢,1
闔家,2
雪上加霜,1
飄泊,1
餘暇,1
傳輸,1
箍頸,1
聽力,1
鼻塞,1
上軌道,1
互不相識,1
傻人,2
入味,1
均真,2
打魚蛋,1
本地菜,1
燈油火蠟,1
用慣用熟,1
茶舖,1
虛榮心,1
補鞋,2
課餘,3
賒數,4
農莊,1
醬園,1
頭抽,2
鴨記,1
樣式,1
紅A,1
北海,3
北海道,2
媳婦,1
扭紋柴,1
梟雄,1
磨合,7
趣怪,4
鋸扒,2
公演,2
劇作,2
四方八面,7
回憶錄,1
座無虛席,2
攙,2
攙扶,2
滋擾,5
演藝學院,2
講耶穌,1
驚覺,1
刨馬,1
崇洋,1
本地化,1
火雞,1
異象,1
禮金,7
XO,1
串通,1
公證,1
協辦,1
去撩,2
篤灰,5
脫罪,3
開鏡,2
和服,2
唇彩,3
嗌分手,2
眼線,1
自駕遊,1
鼻血,3
丹青,2
手天使,1
打油,1
水豚,1
澆,1
竹枝詞,1
茶禮,1
蝦仁,1
閨中,1
魑魅魍魎,1
保家衞國,1
典解,3
印刷品,2
大展拳腳,1
巴拉圭,8
撞彩,1
時也命也,1
烏拉圭,1
玻利維亞,2
責成,1
驅逐出境,1
各自各,2
單飛,1
死忌,2
飛來橫禍,2
BB車,2
冇事冇幹,1
避忌,5
龍精虎猛,1
晾肚,1
神威,1
話頭醒尾,1
雙飛,1
蹩,2
蹩腳,1
學究,2
紡,2
經書,2
屁股,7
廠商,1
抆屎,1
Poly,1
遺照,2
乃念,1
垂聽,1
悽慘,2
惡魔,7
憐恤,2
旗手,1
樂章,4
獻禮,2
祢,13
記念,4
阿們,1
搏盡無悔,1
明鏡,1
有眼光,2
禪師,2
删,1
抽火水,1
死口,2
死口唔認,1
覆水難收,2
身有屎,5
鬼祟,1
口水歌,1
嘥氣,2
放縱,2
水滾,2
水滾茶靚,1
痘,1
瘀血,4
蒲精,3
蔚然成風,1
雅俗共賞,1
青春痘,1
跨境,1
俠客,1
先師,1
功名,1
千般,1
咄,6
和風,1
垂釣,2
塵俗,2
家室,5
小登科,1
山麓,1
斜陽,3
案頭,1
沉吟,5
浮萍,1
煙霞,2
甌,2
畝,1
破地獄,2
破日,1
祖墳,1
福祿壽,1
禪機,1
秉燭,1
立秋,2
線頭,1
繡球,2
罡,1
興亡,2
落踏,1
豪強,1
賸,1
重光,2
閒過立秋,1
韶,3
高架,3
大賊,1
一粒花,1
以事論事,2
冤案,2
冤獄,1
力道,1
匯集,1
圈中人,1
國泰民安,1
嫁女,1
帳號,2
懵然不知,4
控方,1
搵著數,1
熾熱,4
生炒,2
發牌,8
肇事者,6
花盆,1
講是非,6
責罵,1
趣事,3
踩場,4
革職,1
剔手邊,1
右㕭,1
四隻腳,2
左㕭,1
釋然,1
口信,1
叫喚,1
哭腔,1
嗅,2
嗅覺,1
怦然心動,1
拉埋天窗,2
接吻,4
病好,1
詞窮,1
識穿,3
躂,6
阻頭阻勢,4
全科,1
PE堂,1
乜乜七七,1
反光,9
捨命,1
收屍,4
甲由,3
碰碰車,1
竭盡所能,1
脆卜卜,1
衝關,1
閃避球,1
閒計,1
飛蛾,1
高矮肥瘦,4
右派,2
撚雀,1
先手,2
對角,1
對角線,1
牛油,5
中英數,1
中英數常,1
奧數,1
有前冇後,1
通才,3
冇手,4
狗吠,1
相鄰,2
識行識走,2
除法,1
Benz,1
Lulu,4
一語成讖,1
一飛衝天,1
丟掉,2
九龍城寨,1
人頭豬腦,1
仆佢個街,4
以德報怨,1
位高權重,2
何以見得,1
作罷,3
併購,3
佼佼者,3
來者不拒,1
侏儒,3
侏羅紀,2
依依哦哦,3
信差,1
傳波,2
元老,2
先鋒,1
八強,1
冗員,10
出生入死,4
分幾鐘,1
分線,1
剪草,1
功過,2
加納,1
勛,1
勞力士,1
化緣,1
十六強,1
印章,2
原油,3
叫陣,1
召妓,1
叻叻豬,2
合皮,2
告假,2
咖啡機,9
哄堂大笑,4
唔好老脾,2
問米,1
啤啤仔,3
嘩鬼,4
囉嗦,1
回條,1
國庫,1
圓腳,1
團購,1
坎培拉,1
執董,3
執行董事,2
堅挺,3
塘魚,1
填數,1
外蒙古,1
大吉大利,1
大孖,3
大孖沙,1
大掣,1
天亮,2
夾攻,1
季後賽,2
定罪,3
客似雲來,1
客席,2
家門不幸,1
小心行事,1
屎片,2
山羊座,1
巴掌,2
市建局,1
帛金,3
度叔,1
廢話少講,1
彈跳,3
彗星,1
必中,2
忌廉,1
忍屎,1
忠心耿耿,1
悉尼,1
惡疾,1
愛面子,1
慧根,2
應市,1
懶係嘢,1
抽煙,12
拾下拾下,1
指手畫腳,2
捧盃,1
捽數,3
捽碟,3
排卵,1
控球,2
插旗,3
插頭,3
揸流灘,1
搜查令,1
擇食,1
擴音,1
攪拌機,3
支薪,1
放慢手腳,1
敗家仔,1
教務,1
敬業樂業,2
數口,4
新曆年,1
普天同慶,4
會客,1
有紋有路,4
未婚,3
本地薑,2
柴台,1
梗頸,1
楔,1
榮辱與共,1
榴槤,1
橫豎,7
殘骸,4
泥碼,1
活性,2
海獅,1
淫照,1
清場,7
清譽,1
渣古,1
港燈,1
潰瘍,2
澳牛,71
火星文,4
炒蛋,21
炮仗頸,1
為啖氣,1
烏鴉,4
烏龍茶,1
烚熟狗頭,2
無了期,4
無綫電視,1
父蔭,2
物主,2
猩紅熱,1
珠算,2
現役,1
現金流,2
球衣,1
瑜伽,5
申請書,1
甴曱屋,1
當之無愧,1
發晦氣,1
白武士,1
皮喼,2
盛惠,1
盧比,1
省長,1
看法,3
真皮,5
短命種,2
硬嘢,1
碧咸,12
磁力,1
社評,1
神不守舍,3
禪讓,2
科款,3
空姐,3
空空如也,1
穿梭機,1
算式,3
糊裏糊塗,1
組合櫃,2
結緣,2
綽號,6
練水,1
練馬師,1
總店,1
罄竹難書,1
罪狀,1
美式足球,1
老板娘,8
聖保羅,1
胃潰瘍,2
背熟,2
脷根,2
膀胱,2
臨尾香,1
臭氧,1
與世無爭,1
良民證,7
菜乾,1
蕃薯,2
藝員,1
藥廠,1
虎度門,1
蚩尤,3
融化,3
行騙,1
衛冕,4
衝力,1
衝鋒,1
衝鋒陷陣,1
衣架,3
褫奪,1
訂單,1
計算機,12
認屎認屁,4
誣衊,2
謊話,2
謊話連篇,1
講波佬,7
謝世,2
讀屎片,2
讀心術,3
讖,3
豪言壯語,1
貧民,1
貨不對辦,1
賠率,1
購入,3
贏波,2
走法律罅,1
超值,1
足總,2
跑步機,3
跟車太貼,1
躁狂,1
身孕,4
輸波,2
轉趨,1
迎難而上,3
通天,3
通天老倌,1
遺物,1
邊檢,1
那裏,1
酸軟,1
醉醺醺,1
醺,3
重型,1
野雞大學,1
銀碼,3
錯處,1
門口狗,1
開檔,2
雞頭,1
靈堂,5
靜電,2
預演,16
領當,2
頭班,1
頭號,1
顯赫,1
風水師傅,1
食言,1
飼料,1
馬伕,1
鬼節,3
魔術師,1
鴉片戰爭,1
鹹濕佬,3
麻雀館,2
黃竹坑,4
黐脷根,1
黑黑實實,1
點數,1
人有三急,2
仲得了,1
全神貫注,4
共赴巫山,1
加按,7
單身寡佬,1
寡佬,2
振動,3
收件,5
有冇搞錯,4
有見地,3
橫批,2
死穴,2
無本生利,1
煙剷,1
狗仔式,1
的士錢,3
知埞,2
落搭,3
蚤,1
見習生,2
貪快,1
賢良,1
賢良淑德,1
陰質嘢,2
陰陰嘴笑,4
靈芝,1
鹹相,1
黑莓,12
一天光晒,1
你啲人,1
做生做死,1
叻㗎,1
唔鹹唔淡,3
地平線,4
急才,3
提款,2
提款機,2
東主,1
煞車,3
熟行,1
的士站,1
秀茂坪,2
粗豪,2
純粹租房,1
脫勾,1
膽量,2
軚盤,1
面燶,1
面燶燶,1
交人,6
傾唔埋欄,1
凍過水,1
分神,2
分部,5
加減乘除,2
單聲,1
坐盤,3
屈得就屈,1
應聲蟲,2
手寫板,13
推三推四,3
派信,2
甩拖,1
盤坐,1
簽收,1
臨時工,2
舍堂,1
裁員,8
轉珠,1
酒杯,12
錯怪,1
鐘點,1
鑽石山,2
雲石,2
非富則貴,1
鬼畫符,2
黑鮑,1
一肚氣,1
乜唔係,4
低劣,2
偉哥,5
做手腳,2
傾慕,3
兩脇插刀,1
剃鬚,2
危危乎,1
團隊精神,3
埋數,1
報價,2
大氣電波,1
實業,1
尻,3
待人處事,1
才幹,2
才高八斗,1
服用,2
槐,2
檸水,6
淨值,3
滿江紅,2
用餐,2
白日夢,4
瞞天過海,1
私生活,2
結怨,1
股本,1
落台階,2
蚍蜉,1
蚍蜉撼樹,1
蝦餃,4
誓願,1
貨尾,1
連掃,1
選擇困難,1
邪骨,1
長安,1
開巷,1
震音,1
養唔熟,1
餐蛋麵,1
G點,8
供書教學,4
傍晚,4
劍擊,1
勸退,1
十項全能,3
卡其,3
同樂日,14
夜校,1
奸茅,2
子夜,1
捉字虱,1
接待員,1
接待處,2
搭嘴,10
撞鬼,3
替死,2
替死鬼,1
朗誦,1
檳,18
正中下懷,1
渣嘢,1
湊仔婆,1
玩串,5
瓜子口面,1
白鴿黨,1
盾牌,3
眾數,1
米路,1
米高風,1
精蟲,3
練武,1
老來得子,1
耳仔邊,2
胎生,1
胡鬧,2
萬子,1
藍田,2
虱,20
謎底,4
豆丁,1
豆釘,12
貴利,3
賓妹,7
越俎代庖,2
跆拳道,1
邱,2
雞姦,3
露毛,1
餅印,1
香檳,10
香港小姐,1
體操,2
鴨嘴帽,1
USB,3
一舊舊,3
一面之緣,4
丹田,1
人浮於事,2
促膝長談,2
保平安,1
假尻,1
偏私,1
傾訴,5
光管,5
內奸,1
公告,2
副本,2
叉腰,4
反間計,2
反骨仔,1
召開,2
呃呃氹氹,2
和氣,2
啪鈕,3
囉唆,3
國務卿,1
在案,1
垂頭喪氣,2
報仇,8
塗改,2
塗改液,2
增肥,1
大丸,1
夾計,2
安守本分,1
完好無缺,2
密件,1
寬恕,1
屎忽鬼,1
平底鞋,6
徹查,1
心電圖,1
性玩具,1
情急之下,3
手抽,1
折舊,1
拉鏈,3
捨我其誰,1
改正,4
斜視,1
斤嘢,1
斧頭,8
書報,3
死剩種,3
氣焰,1
海豹,1
消災,1
涿,2
牛力,1
特種部隊,2
盜用,2
盡心盡力,2
碎銀,2
磨刀石,1
神勇,1
竊聽,4
童子尿,1
練功,3
翹起,1
老夫少妻,1
耐用,1
脫衣舞,1
腦震盪,3
蒙在鼓裏,1
虱乸,1
行為不檢,1
補假,1
複述,3
試斬,1
誣告,1
起腳,2
超聲波,3
迷彩,2
逆境波,1
逗利是,2
鎅刀,1
阿大,1
陰部,1
鬼頭仔,1
三峽,1
仙境,2
加害者,2
十碌八碌,2
合伙,1
合伙人,1
含冤,1
喲,20
囚犯,2
回味無窮,1
在心中,2
坐廁,3
壯士,2
多姿多彩,2
委派,1
守信,1
守信用,1
心掛掛,1
把柄,3
按鈕,5
掛號,1
搜尋器,1
擲骰仔,1
數三聲,2
明哲保身,1
明查暗訪,1
未卜先知,4
枱底,4
浮板,3
清者自清,2
煜,1
羚,5
腰帶,3
自閉症,1
董事會,1
衫鈕,2
複本,1
跟紅頂白,1
通窿,1
陽間,1
骰仔,1
冇聲出,1
作怪,3
包租婆,2
暗通款曲,1
洋紫荊,1
碟頭飯,1
純然,1
郵票,2
捶,3
早操,1
管理費,3
靠山,2
一無是處,3
一閃即逝,2
借頭借路,1
形影不離,1
攤牌,5
木口木面,3
烚戇,1
煮返幾味,1
煮飯仔,2
知機,2
老夫老妻,1
肅立,1
肢解,3
荒蕪,3
蝸居,1
車廠,11
任重道遠,1
嘴型,2
孔雀,2
強逼症,1
拍烏蠅,1
格硬,2
淫褻,1
失散,3
廚神,2
早死早著,2
男人之家,1
眼仔碌碌,1
紅豆沙,1
累街坊,3
食過夜粥,1
駛錢,3
鯇魚,2
AA制,1
不喜勿插,1
伸懶腰,3
停泊,1
好做唔做,2
官仔骨骨,3
審時度勢,2
打亂,3
放走,3
發嬲,1
碗筷,1
紅燒,3
記憶卡,1
連綿,2
金飾,2
開茶,2
闖禍,1
馬達,1
髒話,1
體恤,2
默默無聞,1
出沖,1
十三么,2
口講無憑,1
叫糊,1
地糊,1
天糊,1
海底撈月,1
清數,1
牌章,2
免疫系統,5
濕疹,1
疹,1
療效,1
硬化,1
秘密警察,3
經費,3
翻發,2
腫瘤,3
蒙蔽,1
諾貝爾獎,4
關節炎,2
風濕,1
三督屁,1
二打六,1
依牙鬆鋼,1
做騷,3
午膳,3
嘥口水,1
小賣部,1
小食部,7
耍太極,2
囝囝,4
失靈,4
弄假成真,1
有乜唔妥,1
生日歌,1
發惡,5
紅噹噹,2
躲藏,1
門鎖,4
一字多義,1
一決高下,1
人仔細細,3
佛偈,2
作惡多端,1
吟詩作對,1
唔經大腦,2
噴飯,2
妖精,1
相輔相成,1
絕詩,1
迷你倉,3
逃兵,2
逃學,2
逃學威龍,2
霑,2
頑劣,1
鮫魚,1
拼命,1
認低威,2
嗩吶,1
招呼唔到,1
早響,2
暫住,1
清蒸,1
pp,98
屄,2
幻彩,3
成蟲,3
欲蓋彌彰,1
病入膏肓,4
臭蟲,1
雷射,5
吊吊揈,2
揈,4
樂富,2
獅隧,1
莖,4
人踩人,2
回溯,1
增援,1
嬌生慣養,2
帳篷,5
庇蔭,1
彈頭,2
彳亍噉轉,1
擁擠,2
攣,6
朝著,2
症狀,1
痙攣,1
縮骨遮,6
藏身,1
防具,2
防暴,15
雨衣,4
公共事務,1
嘈嘈閉,2
從天而降,1
慘敗,2
搭咀,1
日報,6
求勝,2
滿城風雨,1
狼死,1
貪腐,2
車馬費,2
騸,3
和尚寺,1
灰熊,1
舞伴,1
轉達,2
雙魚座,1
點頭之交,1
大洋,1
大洋洲,1
披上,1
排便,1
毒素,2
生番,1
長存,2
FC,27
斗零,1
斗零踭,1
罷課,2
不特只,1
兩文三語,1
各有千秋,1
堅過石堅,1
如許,1
播映,2
通病,1
古銅色,1
怕羞,7
思思縮,1
思思縮縮,1
思縮,1
攤凍,2
潔白,1
猙獰,4
睇起上嚟,3
睩,1
一柴,1
便條,1
奈河橋,5
木蝨,2
枱燈,2
水桶,1
添置,1
湯勺,5
潦草,1
直逼,1
碌架床,2
秋天,1
習字,1
靈驗,1
㨃,1
到期,2
固然之,1
大槪,1
天眞,1
奇離,1
懲敎署,2
懵口懵面,1
打跛腳,1
捃,2
槪,2
檯燈,3
没收,1
滕,2
無精打采,1
照會,1
畏縮,2
眞,3
眞係,1
砐,2
祕書,4
稍候,1
空寥寥,1
肆意妄爲,1
臀部,2
警官,10
逳,1
默然,2
係噉先,1
就噉,5
撈仔,1
撈佬,1
有傾有講,2
煲冬瓜,2
燒酒,1
上進心,8
原封不動,4
夫復何求,1
失物,7
屌那星,2
派報紙,1
紙條,2
謝天謝地,3
晏晝飯,1
禮拜三,8
答題技巧,1
精神奕奕,1
鈣,1
黑板,5
五癆七傷,1
人去樓空,3
分批,1
匕首,1
岌岌可危,2
成衣,1
掌紋,1
死唔眼閉,1
無主孤魂,1
獻世,2
神出鬼沒,2
繞道,1
腐爛,6
貯,1
貯存,1
起先,6
迫遷,2
配件,1
陰陽眼,2
露宿,3
顯靈,2
九秒九,6
仲話,23
無言,17
病症,1
嘎,13
指意,1
攻打,3
服務費,1
梳頭,1
混凝土,1
生意頭腦,1
跑車,5
康城,6
做勢,1
冇益,1
型棍,1
孖咇,1
摙,1
散水,1
星期幾,2
果欄,2
檸七,27
生面口,1
痱滋,3
私人醒,1
見光死,1
代筆,1
別扭,2
北斗星,2
天作之合,1
徹夜難眠,1
情趣,3
撒嬌,6
狗屁不通,2
生生世世,1
甩咳,1
白頭到老,1
誓詞,3
囖,3
執頭執尾,1
妗,1
妗母,1
心翳,1
慌慌失失,1
牛棚,1
疏通,1
美容師,3
美容院,6
藥引,3
誇口,1
遠房親戚,1
食療,2
點着,1
不可開交,1
中年危機,1
亂打亂撞,1
佯,1
俞,1
值勤,1
光碟,1
出氣袋,1
列印,1
噴嚏,2
垃圾房,1
報考,1
外用,1
大發雷霆,2
大紙,2
奪去,1
字字珠璣,1
客户,1
戲弄,1
打單泡,1
抹煞,1
指桑罵槐,1
攀爬,2
收發,1
政府合署,1
機房,3
氣袋,2
流動電話,2
獨係,3
用膳,2
發福,3
盛載,2
盜版,1
知客,6
突起,1
笨拙,2
筆試,3
簽到,5
職位空缺,1
訂座,1
趕往,1
跳遠,2
鎖上,5
鎩羽而歸,1
鑰匙,2
關員,4
革退,1
齟齬,1
暖流,1
犯案,1
踎低,2
雞飛狗走,1
三點三,1
候命,2
做盛行,4
受氣,1
另眼相看,2
唔嗅米氣,1
大曬,2
山珍海味,1
應景,1
招請,1
排洗,1
日久生情,2
洗潔精,2
淥親,2
爭光,2
皺皮,1
街招,1
車轆,3
予人口實,1
嗮,1
城池,4
完璧歸趙,1
旣,34
格殺勿論,1
橫睇掂睇,1
玉石,2
玉石俱焚,2
祁,1
藺,4
試水溫,2
進諫,2
人多擠迫,2
兜售,1
內街,1
大眼雞,1
專線,2
專線小巴,1
推撞,2
撻沙,1
橫膈膜,1
清貨,1
BC,6
奶咀,2
師從,1
禮讓,2
群星拱照,1
茶點,1
萬千寵愛,1
送機,1
難捨難離,1
食具,2
出訪,1
分針,1
報平安,1
寄艙,1
攣毛,1
暴戾,2
核武,1
機場巴士,1
流星,5
淚腺,1
爭吵,1
送行,1
遊手好閒,1
鄭州,1
離境,1
雲南,1
風景區,1
麵包車,1
倉務員,1
勞工假,1
大家姐,1
摞,2
樓面,4
毒辣,3
溝渠,1
無稽之談,3
趴低,1
路癡,1
BBA,2
中彈,1
兇悍,2
和暖,1
咸片,1
四方形,2
幀,1
懇切,2
扣除,1
明早,1
月供,2
為什麼,1
煙燻,1
熟睡,2
燻,2
爆炸頭,1
畫筆,2
百葉,1
百葉窗,1
短跑,1
筆尖,4
米蘭,4
蜷縮,1
被窩,2
西服,1
貸款,1
躺平,1
鬧鐘,4
黑的,2
入籠,1
嘭嘭聲,2
惡死,5
把風,1
暖風機,2
聽人,7
肥屍大隻,1
雀粟,3
麥皮蟲,2
不爲過,1
中西合璧,1
代用,1
嚟經,1
川流不息,1
本地話,3
檳城,8
祖傳,1
蒞臨,1
言重,1
讚不絕口,2
車輛,1
工具箱,1
捱麵包,1
水站,4
琴行,8
五雷轟頂,2
命中註定,1
大安旨意,1
快快手,1
更加有,9
有型有款,1
棉花糖,1
樹窿,1
欲哭無淚,1
稀罕,3
號外,8
面阻阻,1
以毒攻毒,3
包尾,3
大銀幕,1
排毒,1
銀幕,3
阻定,1
垃雜,2
夢寐以求,2
寐,2
放蕩,2
淳,2
熱忱,2
甲蟲,1
上古,2
不同凡響,3
咕咕,1
國君,1
天堂尿壺,1
尿壺,1
拓荒,1
掌政,1
撳𨋢,1
死咕咕,1
油油,2
灶君,1
烏卒卒,1
生鬼,3
疊詞,1
瘦猛猛,1
白雪雪,3
相聲,9
糹,2
綠油油,2
胚,1
胚胎,1
謎語,1
風韻猶存,1
𨋢槽,1
不平則鳴,1
偷步,1
套房,1
學術自由,1
款待,1
民意調查,1
海納百川,1
總統套房,1
一期一會,1
一線之差,1
心甜,1
自助餐,1
僆仔,1
冇符,1
嚹,2
大茶飯,3
奔波,1
感觸良多,2
智識,1
機動遊戲,1
海里,2
生忌,5
花花世界,1
闖蕩,1
伯樂,9
基數,1
建功,1
建功立業,1
心高氣傲,1
急功近利,1
恬靜,1
望塵莫及,2
獲獎,1
秋刀魚,1
穩重,1
空洞無物,1
解夢,1
雙失,2
青絲,1
顧影自憐,1
鬱結,1
代通知金,1
印鑑,3
泄漏,1
通知期,1
傻婆,3
右手面,1
司警,1
咬耳仔,1
多口水,1
天佑,2
孖葉,2
安安穩穩,1
左手面,1
抵唔住頸,1
案底,2
沙展,3
肅然起敬,1
苦苦,10
警司警誡,1
警誡,1
黑布蒙頭,2
凍結,1
卌,1
啓動,1
囉柚,1
托咩,2
抵到爛,1
數簿,1
筍工,5
自資,3
趕頭趕命,1
違約,1
頂住檔,1
頒授,2
一頭煙,1
喜感,1
磅礴,1
音樂盒,16
龐然大物,1
啦啦聲,1
啦聲,1
嘈喧巴閉,3
打斧頭,1
搭嗲,1
空運,1
肥美,2
阿吱阿咗,1
雞話,1
新娘子,1
淋水,1
盲頭烏蠅,1
粗鹽,1
詆譭,2
SM,8
SMS,5
V領,2
dm,6
psy,1
一場嚟到,2
一塵不染,1
一溜煙,2
一潭死水,2
一諾千金,1
一較高下,1
下數,1
不盡不實,2
主考,13
乘人之危,1
乾啃,2
二三線,1
人海茫茫,2
付諸流水,2
以牙還牙,1
以身作則,1
以身相許,1
伏低,1
伽,5
低腰,2
作證,4
作賤,1
你同我定,1
依傍,1
假戲真做,1
假狗,4
做手,5
做文章,1
停牌,1
停薪留職,1
偷取,1
傻妹,3
傾力,1
僻靜,1
優異,1
兒戲,1
兩手準備,1
八八九九,1
公報私仇,2
其樂無窮,1
冒死,1
冒煙,1
冤大頭,1
凍肉,1
凍親,1
出其不意,2
出古惑,1
出蠱惑,1
判詞,1
制伏,1
刺探,1
刺痛,5
剋星,2
前功盡棄,1
前夫,3
剪報,2
力大無窮,1
助紂為虐,1
勢如破竹,3
北姑,1
千術,1
半晝,3
協議書,1
去掉,1
反唇相譏,1
反手,1
口乖,2
口多多,1
口服,1
口痕友,2
口痕痕,1
口硬心軟,2
口訊,1
口香糖,1
同花順,1
名存實亡,2
周轉,1
哄笑,1
唇印,1
唔係你估,1
唔係嘢少,1
唔知死,1
售票,1
售票處,1
啱身,1
喇嘛,2
喝令,4
嘞嘞聲,2
圓圈,4
土匪,5
在天之靈,2
地氈式,1
坐姿,1
執漏,1
執相,2
執返身彩,1
壁報板,1
壆,1
夜市,1
夜機,2
夜色,3
夜視,1
大國手,1
大汗淋漓,1
大起大落,1
大鑼大鼓,1
大頭蝦,1
天方夜譚,1
失足,4
女人型,2
好奇一問,1
好駛好用,1
威勢,1
婉轉,2
婚嫁,1
嫣,5
孑然一身,1
孖展,2
孖蒸,1
學員,1
學壞,1
守口如瓶,1
完事,1
完美示範,1
容貌,1
宿醉,1
密雲,1
寶藍色,1
將信將疑,2
對對糊,1
對流,2
小電影,1
少布,3
尾隨,1
峯迴路轉,1
巴渣,1
平糊,1
幽默感,3
床尾,1
形同虛設,1
影樓,3
彼此彼此,3
復常,1
循循善誘,3
心亂如麻,2
心服,2
心服口服,1
心煩意亂,2
心頭好,1
必勝,4
恩人,2
慢動作,1
慢鏡,1
戇框,1
打成一片,1
打電報,1
扮相,2
找錢,2
押解,1
拉動,2
拉尺,1
拉落水,1
拋售,1
拿渣,1
指示燈,1
按摩椅,1
按鍵,1
挨近,3
接線,1
接線生,1
接電話,3
掹雞,1
搖搖欲墜,2
搵嚟搞,1
搵食艱難,3
摸黑,3
撇脫,2
撞針,1
撩女仔,1
撬牆腳,1
擊掌,1
操盤,2
擦背,1
擰歪面,2
攤長,1
收報,1
收掣,1
攻鼻,1
放逐,1
政務官,3
敢作敢為,1
斬獲,1
旖旎,1
昂首挺胸,1
昏倒,2
易過借火,2
時報,5
晚節不保,1
晶瑩,1
晶瑩剔透,1
暈眩,2
暗處,1
暴風雪,1
有so,1
有兩手,1
本金,2
杏眼,1
杯士,1
東張西望,1
柔嫩,1
柔道,1
梳打,1
梳打水,1
楊枝甘露,1
槍械,1
櫃台,2
正人君子,2
武打,1
死做爛做,1
死咗條心,2
死嘢,2
死橋,1
殺價,1
毀約,1
毛毛雨,1
求偶,1
汗流浹背,1
汗顏,1
江湖地位,1
污糟嘢,1
沙冰,17
沙沙滾,1
洋洋自得,1
海底隧道,3
涼果,2
淫賊,1
淫靡,1
清心寡慾,1
清流,1
滅火筒,6
滿腦子,2
火筒,6
烈酒,3
烏鴉口,1
無可奉告,2
無可救藥,4
無遮無掩,1
熊抱,3
熟鐵,2
熱香餅,2
牆腳,2
牽腸掛肚,1
猄皮,1
猶自可,1
獲救,2
現錢,1
生擒,1
生疑,1
生魚,1
產假,2
畏懼,1
番鬼妹,1
當局者迷,2
當耳邊風,2
疲乏,2
發吽哣,3
發開口夢,1
盈警,2
盞搞,1
真憑實據,1
眨動,1
眼淚水,2
眼睫毛,4
睫毛,10
矇矓,2
研究院,1
破涕為笑,4
磁鐵,2
祈望,1
神秘感,1
秒表,1
積存,1
窩藏,1
窮追不捨,2
笑意盈盈,3
第尾,2
篋,1
簇擁,2
紅豆冰,1
紙屑,1
紮紮跳,2
組媽,1
組爸,2
絕子絕孫,3
緊火,1
緬懷,1
置諸死地,2
群埋,1
老狐狸,4
老虎機,1
老貓燒鬚,2
考官,2
耳珠,2
耳邊風,2
聊天,3
聊天室,3
聽朝早,2
背光,1
胸有成竹,1
腰果,2
臉容,4
自隊,1
舊型,1
良朋,1
苦思,4
萬丈深淵,2
葬身之地,1
葵扇,1
處分,1
虛位,1
虛設,1
蝦球,2
行事,9
行色匆匆,1
衫袖,2
衰十一,1
補水,1
裝假狗,1
裝卸,1
見異思遷,2
見義勇為,1
視帝,1
親暱,1
親熱,2
觸電,2
言下之意,1
計策,1
話就話,6
話落,4
誓約,1
請坐,5
諗埋一邊,2
諸葛,5
諸葛亮,4
諾言,1
講口齒,1
讀熟,1
變壓,1
變壓器,1
變異,1
變魔術,2
谷氣,1
豬肉檯,1
貪新忘舊,1
貴幹,1
賣口乖,2
賭局,1
賴尿,1
走為上著,1
走讀,1
起痰,3
起租,1
超齡,2
趾高氣揚,1
跟班,2
路標,2
路軌,4
跳蹦蹦,2
蹦,4
躀,1
車卡,18
車長,34
車頂,1
車頭燈,1
軍刀,10
輕身,1
轉口風,1
辛苦工,1
辭工,2
迷你裙,2
送客,2
通風報訊,2
連氣,1
連消帶打,3
進來,1
遏止,1
還得神落,1
還手,1
邊邊,1
郵箱,1
鉸位,1
鋼管舞,1
錯落,2
鏡子,1
長傾,1
長情,1
長襪,1
門鉸,1
閃粉,3
開心果,2
開正,3
闊綽,3
陰陽燭,1
雞翼袖,1
零錢,3
電槍,6
電流,4
電阻,1
青菜,2
韻事,1
順手牽羊,1
領導有方,1
頭擰擰,1
顴,1
顴骨,1
飛女,2
食宿,1
飯廳,2
飲悶酒,1
饒命,1
香咗,1
香蕉船,14
駄,3
驚惶失措,1
骨架,5
髮束,1
髮泥,1
鬧事,1
鬧爆,1
鬼主意,2
鬼鬼鼠鼠,2
黑客,2
黑掹掹,1
點樣都好,1
黯然失色,2
sad,1
一色一樣,1
一言難盡,1
丁蟹效應,2
七咀八舌,1
不識抬舉,4
中流砥柱,1
乸脷,1
五指山,1
你好嘢,1
傲視同儕,1
內幕交易,1
內應,1
八月十五,3
兼任,1
冤家路窄,1
冷若冰霜,2
切換,1
切腹,2
利淡,1
千嬌百媚,1
升浪,2
半身不遂,1
南柯一夢,1
受審,2
口是心非,2
叫嚷,1
叫起手,1
合什,1
告狀,2
命大,1
和味龍,1
和頭酒,2
唔受得,1
唔好去死,1
唱散,1
喜形於色,1
坦誠,2
墈,2
墨綠,1
壽星仔,1
大命,1
大把世界,2
大發慈悲,1
大禍臨頭,1
太極劍,1
女家,1
奶粉錢,1
奸細,1
如假包換,1
如雲,1
妙手回春,1
嫂子,1
守靈,1
完全變態,1
害人害物,2
害蟲,1
寫花,1
小小心意,1
小解,2
小鳥依人,2
岳母,1
平倉,1
幸會,2
廿四味,4
彌天大罪,1
後患無窮,1
忌辰,1
快快脆,1
快脆,1
怪異,4
慘不忍睹,2
懸空,1
懾人,1
打側,1
打壞,1
扭轉乾坤,1
找尋,4
投資組合,1
抖涼,1
拼死,2
指環,1
按章工作,1
挑通眼眉,2
掃瞄,1
插口,3
搖擺不定,1
撇低,1
撇甩,1
撈鬆,1
撥電話,1
撳機,1
攝太歲,1
收買人命,2
故作神秘,1
日積月累,1
早退,5
星級,1
未驚過,2
本領,1
枇杷,1
枇杷膏,1
架步,1
棉條,1
植皮,1
樂善好施,1
標青,1
死老嘢,2
氣促,1
氣宇軒昂,1
氣度,1
氣燄,3
水彩,1
水話,2
水頭,1
汗馬功勞,1
派膠,4
港交所,4
滿清,4
瀉藥,1
炖,1
炯炯有神,1
烏合之眾,1
無奇不有,2
煤炭,1
照相,1
燄,3
爆林,1
爆響口,1
爛命,1
爛命一條,1
狗咬狗骨,1
猜疑,1
猴急,1
獨守空幃,1
現價,1
現貨,1
生抽,1
生蝦咁跳,1
病貓,1
痛飲,2
盛情難卻,1
盛裝,1
盲公,1
盲公竹,1
睇個勢,1
瞎子,2
瞎子摸象,2
知己知彼,1
破頂,1
神跡,1
穿針引線,1
笳,1
粵語殘片,2
紙鎮,1
絨布,1
緊身褲,1
繃緊,2
續借,1
罪加一等,1
聞所未聞,1
肉醬,4
腰包,2
腳步浮浮,2
船堅炮利,2
良好市民,1
芝士蛋糕,4
茶餅,1
菜遠,1
萬試萬靈,1
落老蘭,1
薄有名氣,3
虛情假意,2
虛火,1
蛇鼠一窩,1
蟹鉗,1
行個方便,1
行咇,1
表忠,1
補倉,1
裝神弄鬼,2
視窗,3
解像度,1
設局,1
試算表,1
認數,2
負荊請罪,2
費事睬你,1
趕稿,1
路透社,1
轉職,1
辣低,1
進餐,2
遠洋,2
遲鈍,2
酒氣,1
銀彈,1
門券,1
開籠雀,1
關你咩事,3
附身,3
電油,3
電筒,7
震倉,1
震怒,1
面壁思過,1
面面相覷,2
響口,1
領呔,2
風喉,1
飄浮,1
飛機恤,3
駁火,1
體育館,1
高強,1
鬆糕,1
鬆糕鞋,1
鬥嘴,2
麻煩友,1
黃袍加身,1
黑白不分,1
點話點好,1
AA,1
化石,1
嫡,1
嫡系,1
方法論,3
昕,1
活化石,1
睼,1
編制,1
三魂七魄,1
中氣,2
九霄雲外,1
乳房,4
個唱,1
健將,1
內有乾坤,1
冰箱,1
冰釋前嫌,1
前嫌,1
前戲,1
千真萬確,1
卻之不恭,1
口裡說不,1
啤住,4
圖謀不軌,2
型住,2
執屍,1
大志,1
好勇鬥狠,1
妖冶,1
審問,1
幫拖,2
影藝,1
後尾枕,1
微電影,1
心懷不軌,1
手鬆,1
打牙骹,1
投擲,1
掃描,2
接機,2
支吾以對,2
敬老,3
智取,1
查考,1
柿,1
柿餅,1
欣喜若狂,1
欺人太甚,1
武館,1
死有餘辜,3
氣門,1
泰然自若,1
潛水員,1
燕尾服,1
爸打,2
牙骹,2
牛皮紙,1
獨腳戲,1
珏,2
留手,1
當仁不讓,1
神秘學,1
簿仔,1
著陸,1
蝦蟆,1
要件,1
見多識廣,1
視死如歸,1
親吻,3
詠春,2
話實,1
諗唔開,1
路祭,1
通關,1
遙控器,1
鎮靜劑,1
鑄成大錯,1
陰毒,2
騰雲駕霧,1
骹,2
下體,3
假仁假義,1
冚家富貴,1
包裹,2
南瓜,1
占卜,1
咽喉,2
哈佬,2
妖魔鬼怪,1
寬限,1
幫工,1
後晚,2
微波爐,2
挺立,1
放貴利,1
新盤,1
旋轉門,1
春色,1
死去活來,2
油盡燈枯,1
淋紅油,1
混血兒,1
祭禮,1
租戶,1
紅油,2
紙皮石,1
血債血償,1
血漿,1
豪情,1
貓眼石,1
貼仔,1
遺書,1
陰聲細氣,3
電眼,2
面無人色,1
頸鍊,2
黑墨墨,1
三粒星,1
上壓,1
下毒,1
不屈不撓,1
主題公園,1
二胡,1
來去自如,1
保鏢,4
值日,1
偵察,1
兇神惡煞,1
內分泌,1
兵法,1
動粗,1
反悔,2
口紅,2
可喜可賀,1
嗒糖,1
圓謊,1
外景,1
夜遊,2
大功告成,1
大泡和,1
太陽穴,1
妖氣,1
孤男寡女,2
孫子,1
富士蘋果,1
寸步不離,1
寸草不生,2
尤物,1
屈指可數,1
屏除,1
展館,1
崎,1
手尾長,1
打數,1
打雷,2
扮傻,1
抵抗力,2
抽象畫,4
拜帖,2
按兵不動,1
接口,1
揮低,1
撲鼻,1
放大鏡,1
於願足矣,1
昏睡,1
束腰,1
棋差一著,1
櫻唇,3
歡天喜地,2
死老鬼,2
氣勢磅礡,1
水性楊花,1
波光粼粼,3
波打,2
注射,1
灰黑,6
炒價,1
為老不尊,1
無以為報,1
照版煮碗,3
爽直,1
現形,1
瘀傷,1
百毒不侵,1
知名人士,1
神經失常,1
禮拜一,3
空調,1
竄改,3
筋斗,1
筋疲力盡,2
精神抖擻,1
精神飽滿,1
繩子,1
翅膀,1
老中青,1
肉球,3
胃氣,1
腰力,1
舌戰,1
花菇,1
草帽,1
莊周夢蝶,1
萬全,1
襯衣,1
要衝,2
豔羨,1
負皮,1
贈送,1
跌倒,1
轉寫,1
追緝,1
通花,3
通融,1
醋意,1
鎢,1
開除,1
限時,1
雄壯,1
難為情,2
靜脈,3
靜脈曲張,1
頭暈眼花,1
飛擒大咬,1
食住上,1
食道,1
食錯藥,2
骨子裡,1
保險箱,1
口試,1
名落孫山,1
回暖,1
圓周,1
天晴,2
女包,1
嬌俏,2
心形,2
忠言逆耳,1
感親,1
扳機,1
散會,1
死女包,1
溢於言表,1
理工大學,1
發姣,2
盛大,1
笑吟吟,1
算草紙,1
綺夢,1
腐壞,1
致勝,1
草食男,1
衝刺,1
講多錯多,2
象徵式,1
過費,1
除以,2
雨過天晴,1
電極,1
餅底,1
鰂魚,1
鰂魚涌,1
MK仔,1
一千零一,1
三衰六旺,1
上把,2
世伯,2
二人三足,1
伸縮,2
儲藏,1
免治,1
前便,1
劫富濟貧,1
動腦筋,2
勢均力敵,1
勾引,1
各行各路,1
咄咄逼人,1
啞口無言,2
回力鏢,1
圍困,1
地勤,1
夠運,1
大米,2
大陸妹,1
天靈蓋,2
奇珍異寶,1
女鬼,3
妖術,1
安全帽,3
密不透風,1
小丑神,1
席地而坐,2
平方呎,1
急智,1
恐怖片,1
慢用,2
戶主,1
扒飯,4
指證,2
捉襟見肘,1
掂當,1
掃尾,2
換更,3
搜刮,1
撞牆,1
收服,3
方呎,1
死無對證,1
殘渣,1
氣球,2
沙井,9
沼氣,1
流落街頭,1
淪亡,1
深井,1
溥,1
濟貧,1
無任歡迎,1
無情情,1
猛鬼,1
瑞士軍刀,1
生死之交,1
略懂一二,1
異物,4
發窮惡,1
皇氣,2
砧板,1
碌柚,1
米酒,2
褲頭帶,1
觸碰,2
謀財害命,1
變故,1
豔麗,1
赤身,1
赤身露體,1
超度,3
超渡,2
跳閘,2
車尾箱,1
較腳,1
轉交,2
辭退,1
透風,1
進香,1
醒少少,1
鋼水,1
長程,1
隨傳隨到,1
電子書,1
青筋,1
飽死,1
骸骨,13
體弱多病,1
高堂,2
鬆脆,1
鬼話連篇,1
不亞於,1
大婆,1
心意相通,1
捉黃腳雞,1
格蘭披治,1
踩鋼線,1
黃腳雞,1
不勝唏噓,1
爬文,1
猜波,1
花雕,2
茶莊,1
電車路,1
一字排開,1
一息尚存,3
一日到晚,1
一索得男,1
乾炒牛河,1
事務律師,2
五穀,1
個子,3
倒冧,1
入伙,2
八寶鴨,1
冚家祥,1
出嚟撈,1
出閘,4
利是逗來,2
加細碼,1
動怒,1
吉屋,1
喜宴,3
喜帖,6
喜訊,1
坦白從寬,1
大球場,1
天荒地老,1
守行為,1
峇,1
平光鏡,1
幾多號,5
度蜜月,2
心口針,1
情網,1
惡運,1
打冷顫,1
折讓,1
拼合,1
搞基,1
搞禍,1
撞見,3
晚宴,5
未婚妻,2
殭屍,5
汶,4
沖喜,2
法郎,1
浮木,1
涉足,1
清湯,1
減息,2
爆肚,1
物以類聚,2
狗餅,1
瑞士法郎,1
甘地,2
異地戀,1
益處,1
相親相愛,1
石春,3
示眾,1
粉刺,1
粗身大細,1
約束力,4
絕版,2
緊縮,1
群魔亂舞,1
義莊,5
老閪都,1
肚皮,1
肥肥白白,1
芥蘭,2
華盛頓,1
萌塞,1
蓬頭垢面,2
血拼,3
衰婆,1
請帖,2
財源,3
財源廣進,3
輸家,1
迎娶,1
道德高地,2
道符,5
遮遮掩掩,1
重女,3
鈴鈴,7
防暴隊,10
陰天,2
雪碧,3
預產期,1
點菜,1
不濟,2
乾瑤柱,6
人造皮,1
今個月,1
伎倆,1
休憩,4
佛爺,3
借屎遁,1
傷風敗德,1
兩梳蕉,1
唔開胃,1
天蠍座,3
如影隨形,1
孤家寡人,2
害羞,1
幫主,1
往時,1
情比金堅,1
扣喉,1
拖卡,2
汕頭,1
泥濘,1
海參,1
生菜魚肉,1
異數,1
稔熟,1
純愛,2
老佛爺,3
肥田料,1
花會,1
花膠,3
葵芳,1
街童,1
衫尾,1
貴妃,1
輕度,3
逛街,1
遇難,1
過床,2
達卡,2
金牛座,1
隆胸,4
雙層,2
黐飲黐食,1
MBA,2
中樞,1
中樞神經,1
交歡,2
人老珠黃,1
內在美,2
原居地,1
又愛又恨,2
叫鴨,1
大伙,1
大伙兒,1
大姨,1
大姨媽,1
大碌,1
天煞孤星,1
好夢正酣,1
如意郎君,1
小白臉,1
少見多怪,1
平均數,1
微觀,1
情慾短訊,1
拍散拖,1
拍長拖,1
方通,1
明戀,1
死佬,4
汪洋,1
汪洋大海,1
海綿,1
海綿體,1
滔天大罪,1
潤唇膏,1
為情所困,1
生約,1
男妓,1
癲雞,1
看中,2
真情流露,2
福有攸歸,1
突擊測驗,1
組團,1
統管,1
老外,4
肥腫難分,1
胸部,2
自作孽,1
良方,1
花言巧語,1
虎背熊腰,1
裙腳仔,1
要麼,7
豐胸,1
踏幾,1
迷路,1
選取,2
重婚,1
關懷備至,1
雄風,1
面膜,2
頭七,1
風月場所,1
飢民,1
香港腳,7
高追,1
魚尾紋,1
鮮艷,2
ATM,1
三陪,1
上排,1
人獸交,2
借位,1
光宗耀祖,1
光頭佬,1
功虧一簣,1
千里迢迢,1
含苞待放,1
四眼佬,2
四面佛,1
坐枱,2
大粒癦,1
大陸仔,1
孌童,1
性關係,1
手多多,1
新牌,1
新牌仔,1
曼谷,2
果jam,1
潮吹,1
濂,2
熟女,1
熟手技工,1
燈泡,1
癦,1
眉目,1
私人樓,1
紅腸,6
肛,2
肛交,2
舐閪,1
處女膜,1
行規,1
變性,4
逼供,1
選購,1
酒肉朋友,1
鈾,1
開床,1
食慾,1
鬼混,1
鴨店,2
鹹碟,10
不醉無歸,1
佛跳牆,9
免不了,1
公款,1
利賓納,1
化療,1
升空,1
四捨五入,1
天然氣,1
家具,1
差價,1
平分,1
底價,4
後波,1
心肌,1
心肌梗塞,1
慘案,2
應訊,1
扑扑脆,1
打友誼波,2
撞口撞面,1
撞面,1
收數,1
於心有愧,1
暗病,1
書報攤,1
梗塞,1
波枱,1
深秋,1
潤滑劑,2
燒天,1
玩世不恭,2
玫瑰露,1
留低腳毛,1
盈餘,1
禹,1
節儉,1
糜,1
綠的,1
背默,2
腳毛,1
蕎麥,1
薑啤,1
虧空,1
虧空公款,1
蝕桌,1
解放軍,2
解酒,3
觸景傷情,1
說笑,1
請飲,1
議價,1
負資產,3
財仔,1
財務公司,1
貴州,2
遺作,1
酒窖,1
闔府統請,1
阿某某,1
飛虎隊,1
骷髏骨頭,1
存戶,1
欺詐,2
滙,1
滙報,1
科網,1
靠估,1
冇法子,1
古時候,1
噉唔係,2
嚫,1
岐,2
并,1
恰恰,1
打本,1
括弧,4
授意,4
望文生義,1
没有,1
法子,3
清官,2
為着,2
現銀,1
申述,1
經銷,1
纔,1
美中不足,1
裏頭,3
譯音,1
貶斥,1
迄今,1
傾心,1
漁港,1
直幡,1
糖黐豆,1
舒適區,3
菠蘿包,1
菠蘿油,3
伏擊,1
卧底,1
打官司,1
拿拿聲,1
狙擊槍,2
肥仔波,1
舐共,1
請願,1
雷同,1
露械,3
魂歸天國,1
以卵擊石,1
住房,1
內房,1
小量,1
干犯,1
幸虧,1
控罪,1
新聞紙,2
栓,14
漲價,1
牢房,2
監牢,1
綠表,1
羈留室,2
載歌載舞,1
乜料,1
冇害,1
咯咯咯咯,1
四腳蛇,1
垣,1
埋葬,2
安享晚年,2
工頭,6
手電筒,1
插咀,1
攪錯,1
棚架,1
死火,1
湘,37
漂泊,1
無依無靠,1
燒毀,4
耳背,2
萬字夾,2
蒼老,1
鐵枝,4
鐵皮,1
鐵皮屋,1
閃亮,2
雞手鴨腳,1
點啊,11
一於咁話,1
中飛,1
乸形,1
乾電,1
五光十色,1
俗氣,1
冇咗件事,1
冇得輸,1
切要,2
包包面,2
啵,3
嗱嗱聲,3
小小嘢,1
志在參與,1
打賞,1
掁,1
早抖啦,1
更練,1
獨奏,1
獨女,1
白布鞋,1
眨吓眼,2
眼都突,2
睇漏眼,1
碎步,1
站牌,1
結他手,2
肉絲,3
落湯雞,2
長笛,1
閉關,1
開國,1
頹飯,1
鬼妹仔,1
任食,2
名種,1
天矇光,1
威水,2
威水史,1
肥騰騰,27
融洽,1
食量,1
馴養,1
騰出,1
鬆毛鬆翼,1
一把年紀,2
咋舌,1
土製,5
從一而終,1
櫈仔,1
海鷗,1
糯米糍,1
茶果,3
萬頭攢動,1
鞋墊,1
餐懵,1
堆肥,1
大眼仔,1
天打雷劈,1
女同志,2
好生養,1
妹豬,7
怨憤,1
攬頭攬頸,1
攬頸,1
整下整下,1
曲奇餅,1
牛頭角,1
物理治療,1
男人婆,8
祕密,1
私私縮,1
私私縮縮,1
私縮,1
肥嘟嘟,2
遊車河,1
雪紡,1
鰥夫,1
天地堂,1
牀下底,1
地區名校,1
工作紙,3
形同陌路,1
燜,1
錢途,1
韓流,1
三腳架,6
事旦,1
仲使問,1
做節,1
偷嘢,2
傭工,1
傻瓜機,1
像素,1
優哉游哉,1
先兆,1
冰皮,2
冰皮月餅,1
冷漠無情,1
又囈又篩,1
口立濕,1
吱吱喳喳,1
吱喳,1
咸濕嘢,1
唔係咓,1
唔理點,1
喳喳,1
坐巴士,1
執雜,1
大家噉話,1
大有來頭,1
大街小巷,1
天冧,1
奸賴,1
小食亭,1
屠房,1
山坳,1
山旮旯,2
彎曲,1
怕蝕底,1
應節,3
戰時,2
打靶仔,2
搭建,1
搭枱,1
摺門,1
撠,1
新鮮出爐,1
樓換樓,1
正史,1
水庫,3
水雞,1
牛雜,7
玻璃纖維,1
盪漾,1
相映成趣,1
秘方,2
糖水舖,3
紫荊花,1
線香,3
繑,2
繑埋雙手,1
薑汁撞奶,1
藐嘴,1
藝名,1
豬仔包,1
起勢噉,1
遮柄,1
配水庫,3
鑼鼓,1
長壽香,2
閃光燈,2
雜技,1
雞噉腳,1
靜嚶嚶,1
鹵水,1
攪事,1
獎品,2
MC題,1
keng,1
九大簋,1
九龍半島,5
使乜講,1
兔仔牙,1
兩腳一伸,1
半條人命,1
吊腳,1
哎唷,1
嚱,3
垃雜嘢,1
墮樓,1
奶黃包,1
山竹牛肉,1
差唔幾,2
平安鐘,1
底薪,1
慳家,1
掂過碌蔗,1
操肌,1
普洱,2
暴飲暴食,1
替工,1
滿漢全席,1
火柴人,1
無一倖免,1
發過豬頭,1
碌蔗,1
紮鐵,7
聽講話,1
肉餅,1
腰果眼,1
要犯,1
譖,1
豬油,2
起薪,1
趷高,1
踎街,1
輕擎,1
轉死性,1
連假,2
部隊鍋,1
開年,1
鬼火,1
鬼火咁靚,1
鳳爪,1
鳳眼,1
黃經,1
乳交,1
前後呼應,1
參差不齊,1
圓柱體,1
天象,1
小西灣,1
急急忙忙,3
昂坪,1
水乳交融,1
甜筒,1
發跡,1
等天收,1
精疲力盡,1
緩急,1
亂噏廿四,1
伶仃洋,1
助學金,1
午安,1
叮囑,1
唉吔,1
圈養,1
坐檯,1
拍爛手掌,1
揾食艱難,2
搭霎,1
擔綱,1
攞奬,1
攪珠,1
整親,4
早登極樂,1
是旦,2
會陰,1
東方之珠,2
柑,1
機關算盡,1
水墨畫,1
水平線,1
油污,1
渡海泳,1
燈箱,1
生水,3
睇堂,1
礁,1
礁石,1
管樂,1
糖冬瓜,1
罨,1
老柴,1
舊患,1
草書,1
連體,2
避稅,1
郁吓,2
金邊,2
銅管樂,1
阻手阻腳,1
雀屏中選,1
面盆,2
風生水起,1
魚鱗,1
鯪魚,2
鱗片,1
鷹爪,1
鹹淡水,1
麻鷹,2
交吉,1
做得住,1
夕陽行業,1
夾帶,1
夾帶私逃,1
封套,2
私房菜,1
翻印,1
郵件,1
電子郵件,1
一舉兩得,1
人工呼吸,1
卜卜跳,1
吃水,2
哥羅芳,8
嘔吐物,1
多幾錢重,1
姪仔,5
室溫,1
小掩,1
山丘,2
山泥,2
巴士佬,1
拍拍屁股,1
救護員,1
散失,1
更衣室,6
核電,1
樟,1
樟木,1
氧化物,1
氯,6
氯氣,6
水上樂園,2
水喉水,1
水生,190
水鬼,3
波平如鏡,1
泳鏡,1
洋將,1
涼浸浸,1
渡假屋,1
溪錢,3
滑溜,2
瓦煲,1
瞌眼瞓,2
祭幽,1
祭水幽,2
福士,1
米飯,1
統統,1
背泳,2
腳眼,1
自由式,1
色水,1
蛙式,1
蝶式,2
複習,1
踩水,2
轉學,2
郵筒,2
鉤,5
陶藝,1
餿,1
馬馬虎虎,1
魚鉤,3
鼓埋泡腮,1
齋菜,1
事在人為,1
依排,1
催淚煙,1
區旗,1
同生共死,1
咪郁,3
居英權,1
平靚正,1
悔氣說話,1
惡法,1
校徽,1
檔主,1
火紅火綠,1
狗仔粉,2
生保,2
瞄準,2
票控,1
節哀順變,1
襲警,1
西裝骨骨,1
轉數快,1
遺願,2
飲勝,1
乘風破浪,1
保溫,1
冇花冇假,1
卜卜聲,1
和菓子,1
填飽,1
庇佑,2
手騰腳震,1
海底泥,1
涉世未深,1
珍珠米,1
理髮,1
當冇到,1
眼水,2
磨拳擦掌,1
筵席,1
紫菜,2
菜芯,1
薄餅,3
蟹子,1
許願,1
配菜,1
陽台,1
飯團,1
鬼迷心竅,1
鯽魚,1
鰻,1
刑場,1
勤快,1
回國,1
排球,1
海島,4
海平面,1
渡頭,1
耳蝸,1
記熟,1
轉圈,1
郁身郁勢,1
隨口講,1
T恤,2
上面落嚟,1
傳記,1
出菜,1
啞色,1
啤酒肚,1
噴油,1
回血,1
壞鬼,1
密友,1
對調,1
急口令,1
憲兵,1
戈壁,1
打拼,2
披風,1
捕手,3
收銀櫃,1
朴,2
杏霜,1
檸蜜,1
正苦,1
武士刀,1
水蛋,2
滷,2
滷水,2
滿天星,1
爹地,1
現充,2
畢地,1
神經刀,1
組隊,1
耽美,1
菜心,1
華田,1
血癌,1
走路,1
近戰,1
送頭,1
逢親,1
連體嬰,1
鈺,4
閨女,1
離心力,1
靜英英,1
黃花,1
黃花閨女,1
仿傚,1
孿,1
挺直,1
曼德拉,1
水災,1
西德,1
風雨不改,1
一言為定,1
不敵,1
先斬後奏,1
准將,3
前哨,3
卒仔,1
哨兵,3
大步檻過,1
契爺,1
寡不敵眾,1
少將,2
就位,1
左輪,1
彙報,1
戰列艦,1
所向無敵,1
手榴彈,4
打攪晒,1
捕食,1
殲滅戰,1
決議,1
海軍,1
漁夫,2
火船,1
片甲不留,1
糧草,1
統率,1
自薦,2
船隊,2
蛙人,1
誰不知,2
魔鬼山,4
三民主義,2
事過境遷,1
伏匿匿,1
伯爺婆,1
催淚氣體,1
公事包,1
冇啖好食,1
冇錢開飯,1
冰糖葫蘆,1
勞資,1
勞資糾紛,1
反斗星,1
口授,1
司徒,1
呃呃騙騙,1
地租,1
天姿國色,1
恃勢凌人,1
摩星嶺,1
撒手人寰,1
教員,2
教員室,2
施放,1
槍斃,1
氣頂,1
洗盡鉛華,1
洪門,1
火拼,1
無產階級,1
煩躁,1
發抖,1
白皮豬,2
石塘,4
石塘咀,4
磨鏡,1
米舖,2
聰敏,2
花崗石,1
落荒而逃,1
蘇蝦,1
蘇蝦仔,1
覺眼,1
言聽計從,1
證婚,1
證婚人,1
贖身,1
越幫越忙,1
鏡片,1
關押,1
陷落,1
雞腸,1
雷明登,1
頂肚,1
黑道,1
黑道中人,1
龜公,1
駁腳,1
驚住,1
依頭,1
冇嚟神氣,1
刑法,1
從容就義,1
玩物,1
老地方,1
長孫,1
陪襯,1
倒水,1
十成九,1
毯,1
腳面,1
借貸,1
免息,1
八達通咭,2
冧巴,1
報失,1
拍咭,1
搭霸王車,1
收銀機,1
爆大鑊,1
碌咭,1
車閘,1
電子貨幣,1
頂籠,1
額度,1
餘額,1
高速公路,1
槪念,1
飛髮,1
UST,1
地踎,1
細食,1
補品,1
鳩嗚,1
